source_page,link_url,scope,status,error_type,error,retries,discovery,timestamp
(sitemap/seed),https://takshashila.org.in/research/,internal,404,http,HTTP 404,0,"[""listing_seed""]",2026-09-23T17:33:48Z
(sitemap/seed),https://takshashila.org.in/commentary/,internal,404,http,HTTP 404,0,"[""listing_seed""]",2026-09-23T17:33:48Z
(sitemap/seed),https://takshashila.org.in/reports/,internal,404,http,HTTP 404,0,"[""listing_seed""]",2026-09-23T17:33:49Z
(sitemap/seed),https://takshashila.org.in/papers/,internal,404,http,HTTP 404,0,"[""listing_seed""]",2026-09-23T17:33:49Z
(sitemap/seed),https://takshashila.org.in/briefs/,internal,404,http,HTTP 404,0,"[""listing_seed""]",2026-09-23T17:33:49Z
https://takshashila.org.in/pages/news/,https://takshashila.org.in/pages/news/www.moneycontrol.com/news/opinion/china-s-laissez-faire-approach-to-cutting-edge-medical-technology-has-set-the-cat-among-the-pigeons-14021687.html,internal,404,http,HTTP 404,0,"[""known_state"", ""links""]",2026-09-23T17:38:07Z
https://takshashila.org.in/content/trackers/westasianwar/bulletins/archive/2026-07-24.html,https://takshashila.org.in/content/team/west-asia-desk.html,internal,404,http,HTTP 404,0,"[""links""]",2026-09-23T17:38:08Z
https://takshashila.org.in/content/trackers/westasianwar/bulletins/archive/2026-07-10.html,https://takshashila.org.in/content/team/west-asia-desk.html,internal,404,http,HTTP 404,0,"[""links""]",2026-09-23T17:38:08Z
https://takshashila.org.in/content/trackers/westasianwar/bulletins/archive/2026-06-19.html,https://takshashila.org.in/content/team/west-asia-desk.html,internal,404,http,HTTP 404,0,"[""links""]",2026-09-23T17:38:08Z
https://takshashila.org.in/content/trackers/westasianwar/bulletins/archive/2026-06-06.html,https://takshashila.org.in/content/team/west-asia-desk.html,internal,404,http,HTTP 404,0,"[""links""]",2026-09-23T17:38:08Z
https://takshashila.org.in/content/trackers/westasianwar/bulletins/archive/2026-05-22.html,https://takshashila.org.in/content/team/west-asia-desk.html,internal,404,http,HTTP 404,0,"[""links""]",2026-09-23T17:38:08Z
https://takshashila.org.in/content/trackers/westasianwar/bulletins/archive/2026-05-08.html,https://takshashila.org.in/content/team/west-asia-desk.html,internal,404,http,HTTP 404,0,"[""links""]",2026-09-23T17:38:08Z
https://takshashila.org.in/content/trackers/westasianwar/bulletins/archive/2026-04-24.html,https://takshashila.org.in/content/team/west-asia-desk.html,internal,404,http,HTTP 404,0,"[""links""]",2026-09-23T17:38:08Z
https://takshashila.org.in/content/trackers/westasianwar/bulletins/archive/2026-04-14.html,https://takshashila.org.in/content/team/west-asia-desk.html,internal,404,http,HTTP 404,0,"[""links""]",2026-09-23T17:38:08Z
https://takshashila.org.in/content/trackers/westasianwar/bulletins/archive/2026-04-16.html,https://takshashila.org.in/content/team/west-asia-desk.html,internal,404,http,HTTP 404,0,"[""links""]",2026-09-23T17:38:08Z
https://takshashila.org.in/content/trackers/westasianwar/bulletins/archive/2026-04-12.html,https://takshashila.org.in/content/team/west-asia-desk.html,internal,404,http,HTTP 404,0,"[""links""]",2026-09-23T17:38:08Z
https://takshashila.org.in/content/trackers/westasianwar/bulletins/archive/2026-04-10.html,https://takshashila.org.in/content/team/west-asia-desk.html,internal,404,http,HTTP 404,0,"[""links""]",2026-09-23T17:38:08Z
https://takshashila.org.in/content/trackers/westasianwar/bulletins/archive/2026-04-08.html,https://takshashila.org.in/content/team/west-asia-desk.html,internal,404,http,HTTP 404,0,"[""links""]",2026-09-23T17:38:08Z
https://takshashila.org.in/content/trackers/westasianwar/bulletins/archive/2026-04-06.html,https://takshashila.org.in/content/team/west-asia-desk.html,internal,404,http,HTTP 404,0,"[""links""]",2026-09-23T17:38:08Z
https://takshashila.org.in/content/trackers/westasianwar/bulletins/archive/2026-04-02.html,https://takshashila.org.in/content/team/west-asia-desk.html,internal,404,http,HTTP 404,0,"[""links""]",2026-09-23T17:38:08Z
https://takshashila.org.in/content/trackers/westasianwar/bulletins/archive/2026-03-31.html,https://takshashila.org.in/content/team/west-asia-desk.html,internal,404,http,HTTP 404,0,"[""links""]",2026-09-23T17:38:08Z
https://takshashila.org.in/content/trackers/westasianwar/bulletins/archive/2026-03-29.html,https://takshashila.org.in/content/team/west-asia-desk.html,internal,404,http,HTTP 404,0,"[""links""]",2026-09-23T17:38:08Z
https://takshashila.org.in/content/trackers/westasianwar/bulletins/archive/2026-03-27.html,https://takshashila.org.in/content/team/west-asia-desk.html,internal,404,http,HTTP 404,0,"[""links""]",2026-09-23T17:38:08Z
https://takshashila.org.in/content/trackers/westasianwar/bulletins/archive/2026-03-25.html,https://takshashila.org.in/content/team/west-asia-desk.html,internal,404,http,HTTP 404,0,"[""links""]",2026-09-23T17:38:08Z
https://takshashila.org.in/content/trackers/westasianwar/bulletins/archive/2026-03-23.html,https://takshashila.org.in/content/team/west-asia-desk.html,internal,404,http,HTTP 404,0,"[""links""]",2026-09-23T17:38:08Z
https://takshashila.org.in/content/trackers/westasianwar/bulletins/archive/2026-03-21.html,https://takshashila.org.in/content/team/west-asia-desk.html,internal,404,http,HTTP 404,0,"[""links""]",2026-09-23T17:38:08Z
https://takshashila.org.in/content/trackers/westasianwar/bulletins/archive/2026-03-19.html,https://takshashila.org.in/content/team/west-asia-desk.html,internal,404,http,HTTP 404,0,"[""links""]",2026-09-23T17:38:08Z
https://takshashila.org.in/content/trackers/westasianwar/bulletins/archive/2026-03-18.html,https://takshashila.org.in/content/team/west-asia-desk.html,internal,404,http,HTTP 404,0,"[""links""]",2026-09-23T17:38:08Z
https://takshashila.org.in/content/trackers/westasianwar/bulletins/archive/2026-03-20.html,https://takshashila.org.in/content/team/west-asia-desk.html,internal,404,http,HTTP 404,0,"[""links""]",2026-09-23T17:38:08Z
https://takshashila.org.in/content/trackers/westasianwar/bulletins/archive/2026-03-22.html,https://takshashila.org.in/content/team/west-asia-desk.html,internal,404,http,HTTP 404,0,"[""links""]",2026-09-23T17:38:08Z
https://takshashila.org.in/content/trackers/westasianwar/bulletins/archive/2026-03-24.html,https://takshashila.org.in/content/team/west-asia-desk.html,internal,404,http,HTTP 404,0,"[""links""]",2026-09-23T17:38:08Z
https://takshashila.org.in/content/trackers/westasianwar/bulletins/archive/2026-03-26.html,https://takshashila.org.in/content/team/west-asia-desk.html,internal,404,http,HTTP 404,0,"[""links""]",2026-09-23T17:38:08Z
https://takshashila.org.in/content/trackers/westasianwar/bulletins/archive/2026-03-28.html,https://takshashila.org.in/content/team/west-asia-desk.html,internal,404,http,HTTP 404,0,"[""links""]",2026-09-23T17:38:08Z
https://takshashila.org.in/content/trackers/westasianwar/bulletins/archive/2026-03-30.html,https://takshashila.org.in/content/team/west-asia-desk.html,internal,404,http,HTTP 404,0,"[""links""]",2026-09-23T17:38:08Z
https://takshashila.org.in/content/trackers/westasianwar/bulletins/archive/2026-04-01.html,https://takshashila.org.in/content/team/west-asia-desk.html,internal,404,http,HTTP 404,0,"[""links""]",2026-09-23T17:38:08Z
https://takshashila.org.in/content/trackers/westasianwar/bulletins/archive/2026-04-03.html,https://takshashila.org.in/content/team/west-asia-desk.html,internal,404,http,HTTP 404,0,"[""links""]",2026-09-23T17:38:08Z
https://takshashila.org.in/content/trackers/westasianwar/bulletins/archive/2026-04-07.html,https://takshashila.org.in/content/team/west-asia-desk.html,internal,404,http,HTTP 404,0,"[""links""]",2026-09-23T17:38:08Z
https://takshashila.org.in/content/trackers/westasianwar/bulletins/archive/2026-04-09.html,https://takshashila.org.in/content/team/west-asia-desk.html,internal,404,http,HTTP 404,0,"[""links""]",2026-09-23T17:38:08Z
https://takshashila.org.in/content/trackers/westasianwar/bulletins/archive/2026-04-11.html,https://takshashila.org.in/content/team/west-asia-desk.html,internal,404,http,HTTP 404,0,"[""links""]",2026-09-23T17:38:08Z
https://takshashila.org.in/content/trackers/westasianwar/bulletins/archive/2026-04-13.html,https://takshashila.org.in/content/team/west-asia-desk.html,internal,404,http,HTTP 404,0,"[""links""]",2026-09-23T17:38:08Z
https://takshashila.org.in/content/trackers/westasianwar/bulletins/archive/2026-04-15.html,https://takshashila.org.in/content/team/west-asia-desk.html,internal,404,http,HTTP 404,0,"[""links""]",2026-09-23T17:38:08Z
https://takshashila.org.in/content/trackers/westasianwar/bulletins/archive/2026-04-17.html,https://takshashila.org.in/content/team/west-asia-desk.html,internal,404,http,HTTP 404,0,"[""links""]",2026-09-23T17:38:08Z
https://takshashila.org.in/content/trackers/westasianwar/bulletins/archive/2026-05-01.html,https://takshashila.org.in/content/team/west-asia-desk.html,internal,404,http,HTTP 404,0,"[""links""]",2026-09-23T17:38:08Z
https://takshashila.org.in/content/trackers/westasianwar/bulletins/archive/2026-05-15.html,https://takshashila.org.in/content/team/west-asia-desk.html,internal,404,http,HTTP 404,0,"[""links""]",2026-09-23T17:38:08Z
https://takshashila.org.in/content/trackers/westasianwar/bulletins/archive/2026-05-29.html,https://takshashila.org.in/content/team/west-asia-desk.html,internal,404,http,HTTP 404,0,"[""links""]",2026-09-23T17:38:08Z
https://takshashila.org.in/content/trackers/westasianwar/bulletins/archive/2026-06-12.html,https://takshashila.org.in/content/team/west-asia-desk.html,internal,404,http,HTTP 404,0,"[""links""]",2026-09-23T17:38:08Z
https://takshashila.org.in/content/trackers/westasianwar/bulletins/archive/2026-07-03.html,https://takshashila.org.in/content/team/west-asia-desk.html,internal,404,http,HTTP 404,0,"[""links""]",2026-09-23T17:38:08Z
https://takshashila.org.in/content/trackers/westasianwar/bulletins/archive/2026-07-17.html,https://takshashila.org.in/content/team/west-asia-desk.html,internal,404,http,HTTP 404,0,"[""links""]",2026-09-23T17:38:08Z
https://takshashila.org.in/content/team/bhumika-sevkani.html,https://takshashila.org.in/content/team/bhumika@takshashila.org.in,internal,404,http,HTTP 404,0,"[""links""]",2026-09-23T17:38:08Z
https://takshashila.org.in/content/publications/US-Trade-Deals-13052026.html,https://takshashila.org.in/content/team/william-pitts.html,internal,404,http,HTTP 404,0,"[""links""]",2026-09-23T17:38:09Z
https://takshashila.org.in/content/blogs/20260113-India-Funding-IORA.html,https://takshashila.org.in/content/team/william-pitts.html,internal,404,http,HTTP 404,0,"[""links""]",2026-09-23T17:38:09Z
https://takshashila.org.in/content/publications/20260402-India%E2%80%99s-West%20Asian-Diplomacy.html,https://takshashila.org.in/content/publications/assets/a-pathway-to-ai-governance.pdf,internal,404,http,HTTP 404,0,"[""links""]",2026-09-23T17:40:40Z
https://takshashila.org.in/content/publications/20260401-India-seaweed-opportunity.html,https://takshashila.org.in/content/team/devleena-bhattacharjee.html,internal,404,http,HTTP 404,0,"[""links""]",2026-09-23T17:38:08Z
https://takshashila.org.in/content/publications/20260322-Beyond-Dollar.html,https://takshashila.org.in/research/de-dollarisation-discussion-doc,internal,404,http,HTTP 404,0,"[""links""]",2026-09-23T17:38:08Z
https://takshashila.org.in/content/publications/20251209-geospatial-governance-global.html,https://takshashila.org.in/content/team/swathi-kalyani.html,internal,404,http,HTTP 404,0,"[""links""]",2026-09-23T17:38:09Z
https://takshashila.org.in/content/publications/20251024-State-of-Indian-geospatial-portals.html,https://takshashila.org.in/content/team/swathi-kalyani.html,internal,404,http,HTTP 404,0,"[""links""]",2026-09-23T17:38:09Z
https://takshashila.org.in/content/blogs/20251008-arunachal-pradesh.html,https://takshashila.org.in/content/team/swathi-kalyani.html,internal,404,http,HTTP 404,0,"[""links""]",2026-09-23T17:38:09Z
https://takshashila.org.in/content/blogs/20250724-the-digital-battlefield.html,https://takshashila.org.in/content/team/swathi-kalyani.html,internal,404,http,HTTP 404,0,"[""links""]",2026-09-23T17:38:09Z
https://takshashila.org.in/content/blogs/20250515-op-sindoor.html,https://takshashila.org.in/content/team/swathi-kalyani.html,internal,404,http,HTTP 404,0,"[""links""]",2026-09-23T17:38:09Z
https://takshashila.org.in/content/blogs/20250429-jhelum-river.html,https://takshashila.org.in/content/team/swathi-kalyani.html,internal,404,http,HTTP 404,0,"[""links""]",2026-09-23T17:38:09Z
https://takshashila.org.in/content/blogs/20250801-CROPIC.html,https://takshashila.org.in/content/team/swathi-kalyani.html,internal,404,http,HTTP 404,0,"[""links""]",2026-09-23T17:38:09Z
https://takshashila.org.in/content/publications/20250731-Recommended-DIGIPIN.html,https://takshashila.org.in/content/team/swathi-kalyani.html,internal,404,http,HTTP 404,0,"[""links""]",2026-09-23T17:38:09Z
https://takshashila.org.in/content/publications/20251013_Main_Battle_Tanks.html,https://takshashila.org.in/content/team/satya-sahu.html,internal,404,http,HTTP 404,0,"[""links""]",2026-09-23T17:38:09Z
https://takshashila.org.in/content/publications/20241217-survey-of-military-ai-technologies.html,https://takshashila.org.in/content/team/satya-sahu.html,internal,404,http,HTTP 404,0,"[""links""]",2026-09-23T17:38:09Z
https://takshashila.org.in/content/publications/20250909-Geopolitics-of-Bengalurus-Yellow-Metro-Line.html,https://takshashila.org.in/content/publications/www.ft.com/content/c3ff0433-1736-4146-ab6b-cf9344108d54,internal,404,http,HTTP 404,0,"[""links""]",2026-09-23T17:38:09Z
https://takshashila.org.in/content/publications/20250923-FASTER-Policy-Idea-for-job-creation.html,https://takshashila.org.in/content/team/kannan.html,internal,404,http,HTTP 404,0,"[""links""]",2026-09-23T17:38:10Z
https://takshashila.org.in/content/publications/20250612-Taming-the-Skies.html,https://takshashila.org.in/content/team/col-vikrant-s-shinde.html,internal,404,http,HTTP 404,0,"[""links""]",2026-09-23T17:38:10Z
https://takshashila.org.in/content/blogs/20260113-Tactical-Tweaks-Need-Formalisation.html,https://takshashila.org.in/content/team/col-vikrant-s-shinde.html,internal,404,http,HTTP 404,0,"[""links""]",2026-09-23T17:38:10Z
https://takshashila.org.in/content/blogs/2025-11-05-The-MBT-is-Not-Dead-Yet.html,https://takshashila.org.in/content/team/col-vikrant-s-shinde.html,internal,404,http,HTTP 404,0,"[""links""]",2026-09-23T17:38:10Z
https://takshashila.org.in/content/publications/20251014-Deciphering-the-Grey-Zone.html,https://takshashila.org.in/content/team/col-vikrant-s-shinde.html,internal,404,http,HTTP 404,0,"[""links""]",2026-09-23T17:38:10Z
https://takshashila.org.in/content/publications/20250410-skys-the-limit.html,https://takshashila.org.in/content/publications/assests/20250410-skys-the-limit.pdf,internal,404,http,HTTP 404,0,"[""links""]",2026-09-23T17:40:40Z
https://takshashila.org.in/content/publications/20250131-Unshackling-India's-Cities.html,https://takshashila.org.in/content/team/miheer-karandikar.html,internal,404,http,HTTP 404,0,"[""links""]",2026-09-23T17:38:10Z
https://takshashila.org.in/content/publications/20230607-analysing-indias-position-on-the-information-technology-agreement.html,https://takshashila.org.in/content/team/miheer-karandikar.html,internal,404,http,HTTP 404,0,"[""links""]",2026-09-23T17:38:10Z
https://takshashila.org.in/content/publications/20241101-delhi-kabul-indo-afghan-relations.html,https://takshashila.org.in/content/team/miheer-karandikar.html,internal,404,http,HTTP 404,0,"[""links""]",2026-09-23T17:38:10Z
https://takshashila.org.in/content/publications/20241224-delimitation-in-jk.html,https://takshashila.org.in/content/publications/20241224-delimitation-in-jk.pdf,internal,404,http,HTTP 404,0,"[""links""]",2026-09-23T17:40:40Z
https://takshashila.org.in/content/publications/20241224-delimitation-in-jk.html,https://takshashila.org.in/content/team/vikrant-s-shinde.html,internal,404,http,HTTP 404,0,"[""links""]",2026-09-23T17:38:10Z
"https://takshashila.org.in/content/blogs/20250706-It%E2%80%99s-About-%E2%80%98Naam,-Namak-aur-Nishan%E2%80%99.html",https://takshashila.org.in/content/team/vikrant-s-shinde.html,internal,404,http,HTTP 404,0,"[""links""]",2026-09-23T17:38:10Z
https://takshashila.org.in/content/publications/20241217-survey-of-military-ai-technologies.html,https://takshashila.org.in/content/publications/20241217-survey-of-military-ai-technologies.pdf,internal,404,http,HTTP 404,0,"[""links""]",2026-09-23T17:40:40Z
https://takshashila.org.in/content/publications/20241217-assessing-nature-of-indias-critical-minerals.html,https://takshashila.org.in/content/team/rakshith-shetty.html,internal,404,http,HTTP 404,0,"[""links""]",2026-09-23T17:38:10Z
https://takshashila.org.in/content/publications/20240802-Takshashila_June_Internal_Conference_Monograph.html,https://takshashila.org.in/content/team/rakshith-shetty.html,internal,404,http,HTTP 404,0,"[""links""]",2026-09-23T17:38:10Z
https://takshashila.org.in/content/publications/20240620-chinas-1+n-policy-framework.html,https://takshashila.org.in/content/team/rakshith-shetty.html,internal,404,http,HTTP 404,0,"[""links""]",2026-09-23T17:38:10Z
https://takshashila.org.in/content/publications/20241015-chinese-analysts-indias-climate-change-diplomacy.html,https://takshashila.org.in/content/team/rakshith-shetty.html,internal,404,http,HTTP 404,0,"[""links""]",2026-09-23T17:38:10Z
https://takshashila.org.in/content/publications/20241113-A-Primer-on-AI-Chips.html,https://takshashila.org.in/content/publications/ashwinprasadrao.com,internal,404,http,HTTP 404,0,"[""links""]",2026-09-23T17:38:11Z
https://takshashila.org.in/content/publications/20240710-Space-Reforms-in-India.html,https://takshashila.org.in/content/publications/ashwinprasadrao.com,internal,404,http,HTTP 404,0,"[""links""]",2026-09-23T17:38:11Z
https://takshashila.org.in/content/publications/20250410-satellite-internet-explained.html,https://takshashila.org.in/content/publications/ashwinprasadrao.com,internal,404,http,HTTP 404,0,"[""links""]",2026-09-23T17:38:11Z
https://takshashila.org.in/content/publications/20241023-environmental-cooperation.html,https://takshashila.org.in/content/team/dr-y.-nithiyanandam.html,internal,404,http,HTTP 404,0,"[""links""]",2026-09-23T17:38:12Z
https://takshashila.org.in/content/publications/20240725-Reimagining-Social-Security-for-21st-Century-India.html,https://takshashila.org.in/content/team/arindam-gowami.html,internal,404,http,HTTP 404,0,"[""links""]",2026-09-23T17:38:11Z
https://takshashila.org.in/content/publications/20241121-AI-Adoption.html,https://takshashila.org.in/content/team/arindam-gowami.html,internal,404,http,HTTP 404,0,"[""links""]",2026-09-23T17:38:11Z
https://takshashila.org.in/content/publications/20240710-What-Should-India's-Critical-Technology-Policy-Look-Like.html,https://takshashila.org.in/content/publications/assets/What-Should-India's-Critical-Technology-Policy-Look-Like?.pdf=,internal,404,http,HTTP 404,0,"[""links""]",2026-09-23T17:38:12Z
https://takshashila.org.in/content/publications/20240604-Comments-On-Demand-For-Grants.html,https://takshashila.org.in/content/publications/Comments-On-Demand-For-Grants.pdf,internal,404,http,HTTP 404,0,"[""links""]",2026-09-23T17:40:40Z
https://takshashila.org.in/content/publications/20240520-tensions-social-media-democracy.html,https://takshashila.org.in/content/team/bharat-sharma.html,internal,404,http,HTTP 404,0,"[""links""]",2026-09-23T17:38:13Z
https://takshashila.org.in/content/publications/20240110-the-quad-WIOR.html,https://takshashila.org.in/content/team/bharat-sharma.html,internal,404,http,HTTP 404,0,"[""links""]",2026-09-23T17:38:13Z
https://takshashila.org.in/content/publications/20230921-what-is-quad-doing-indo-pacific.html,https://takshashila.org.in/content/team/bharat-sharma.html,internal,404,http,HTTP 404,0,"[""links""]",2026-09-23T17:38:13Z
https://takshashila.org.in/content/publications/20240311-AI-Impact-Governance.html,https://takshashila.org.in/content/team/bharat-sharma.html,internal,404,http,HTTP 404,0,"[""links""]",2026-09-23T17:38:13Z
https://takshashila.org.in/content/publications/20240501-quad-cooperation-in-biofuels.html,https://takshashila.org.in/content/team/bharat-sharma.html,internal,404,http,HTTP 404,0,"[""links""]",2026-09-23T17:38:13Z
https://takshashila.org.in/content/publications/20240710-Tensions-Between-Social-Media-and-Democracy.html,https://takshashila.org.in/content/team/bharat-sharma.html,internal,404,http,HTTP 404,0,"[""links""]",2026-09-23T17:38:13Z
https://takshashila.org.in/content/publications/20240110-the-quad-WIOR.html,https://takshashila.org.in/content/team/kingshuk-saha.html,internal,404,http,HTTP 404,0,"[""links""]",2026-09-23T17:38:12Z
https://takshashila.org.in/content/publications/20230928-china-UAVs-drone-autonomy.html,https://takshashila.org.in/content/publications/takshashila.org.in/research/takshashila-slidedoc-chinas-approach-to-military-unmanned-aerial-vehicles-and-drone-autonomy,internal,404,http,HTTP 404,0,"[""links""]",2026-09-23T17:38:12Z
https://takshashila.org.in/content/publications/20230921-what-is-quad-doing-indo-pacific.html,https://takshashila.org.in/research/issue-brief-quad-agenda-semiconductors-biotechnology-and-space,internal,404,http,HTTP 404,0,"[""links""]",2026-09-23T17:38:13Z
https://takshashila.org.in/content/publications/20230811-mitigation-of-antimicrobial-resistance-amr-in-g20.html,https://takshashila.org.in/content/team/aniket-shevade.html,internal,404,http,HTTP 404,0,"[""links""]",2026-09-23T17:38:13Z
https://takshashila.org.in/content/publications/20230809-Mitigation-of-Antimicrobial-resistance.html,https://takshashila.org.in/content/team/aniket-shevade.html,internal,404,http,HTTP 404,0,"[""links""]",2026-09-23T17:38:13Z
https://takshashila.org.in/content/publications/20230810-Structuring-Integrated-Theatre-Commands-for-India.html,https://takshashila.org.in/content/team/shrikrishna-upadhyaya.html,internal,404,http,HTTP 404,0,"[""links""]",2026-09-23T17:38:13Z
https://takshashila.org.in/content/publications/20230503-T20PB.html,https://takshashila.org.in/content/team/shrikrishna-upadhyaya.html,internal,404,http,HTTP 404,0,"[""links""]",2026-09-23T17:38:13Z
https://takshashila.org.in/content/publications/20221230-indias-options-against-chinese-aggression.html,https://takshashila.org.in/content/team/shrikrishna-upadhyaya.html,internal,404,http,HTTP 404,0,"[""links""]",2026-09-23T17:38:13Z
https://takshashila.org.in/content/publications/20221130-chinas-zero-covid-policy-protests.html,https://takshashila.org.in/content/team/shrikrishna-upadhyaya.html,internal,404,http,HTTP 404,0,"[""links""]",2026-09-23T17:38:13Z
https://takshashila.org.in/content/publications/20221130-Takshashila-Issue-Brief-Chinas-Zero-COVID-Policy-Protests.html,https://takshashila.org.in/content/team/shrikrishna-upadhyaya.html,internal,404,http,HTTP 404,0,"[""links""]",2026-09-23T17:38:13Z
https://takshashila.org.in/content/publications/20220817-indias-options-china-taiwan-tensions.html,https://takshashila.org.in/content/team/shrikrishna-upadhyaya.html,internal,404,http,HTTP 404,0,"[""links""]",2026-09-23T17:38:13Z
https://takshashila.org.in/content/publications/20220722-India-US-Relationship-from-Strength-to-Strength.html,https://takshashila.org.in/content/team/shrikrishna-upadhyaya.html,internal,404,http,HTTP 404,0,"[""links""]",2026-09-23T17:38:13Z
https://takshashila.org.in/content/publications/20220822-NPT-RevCon-Shows-Why-NPT-Should-Give-Way-to-Global-No-First-Use-Policy.html,https://takshashila.org.in/content/team/shrikrishna-upadhyaya.html,internal,404,http,HTTP 404,0,"[""links""]",2026-09-23T17:38:13Z
https://takshashila.org.in/content/publications/20220905-Public-Access-to-Knowledge-Resources.html,https://takshashila.org.in/content/team/shrikrishna-upadhyaya.html,internal,404,http,HTTP 404,0,"[""links""]",2026-09-23T17:38:13Z
https://takshashila.org.in/content/publications/20221130-china-zero-covid-policy-and-protests.html,https://takshashila.org.in/content/team/shrikrishna-upadhyaya.html,internal,404,http,HTTP 404,0,"[""links""]",2026-09-23T17:38:13Z
https://takshashila.org.in/content/publications/20230320-AI-Race-AI-Hardware.html,https://takshashila.org.in/content/team/shrikrishna-upadhyaya.html,internal,404,http,HTTP 404,0,"[""links""]",2026-09-23T17:38:13Z
https://takshashila.org.in/content/publications/20230608-New-Agenda-for-Peace.html,https://takshashila.org.in/content/team/shrikrishna-upadhyaya.html,internal,404,http,HTTP 404,0,"[""links""]",2026-09-23T17:38:13Z
https://takshashila.org.in/content/publications/20230726-Reform-the-Censor-Board.html,https://takshashila.org.in/content/team/shrikrishna-upadhyaya.html,internal,404,http,HTTP 404,0,"[""links""]",2026-09-23T17:38:13Z
https://takshashila.org.in/content/publications/20240311-AI-Impact-Governance.html,https://takshashila.org.in/content/team/shrikrishna-upadhyaya.html,internal,404,http,HTTP 404,0,"[""links""]",2026-09-23T17:38:13Z
https://takshashila.org.in/content/publications/20230810-Structuring-Integrated-Theatre-Commands-for-India.html,https://takshashila.org.in/research/takshashila-discussion-document-indias-theatre-command-system-a-proposal,internal,404,http,HTTP 404,0,"[""links""]",2026-09-23T17:38:13Z
https://takshashila.org.in/content/publications/20230630-TPB-Sustaining-Outer-Space.html,https://takshashila.org.in/content/team/pranav-r-satyanath.html,internal,404,http,HTTP 404,0,"[""links""]",2026-09-23T17:38:14Z
https://takshashila.org.in/content/publications/20230126-approaches-to-advance-indias-interests-in-outer-space.html,https://takshashila.org.in/content/team/pranav-r-satyanath.html,internal,404,http,HTTP 404,0,"[""links""]",2026-09-23T17:38:14Z
https://takshashila.org.in/content/publications/20221104-Examining-the-Opportunities-and-Challenges-for-India%E2%80%99s-Human-Spaceflight-Programme.html,https://takshashila.org.in/content/team/pranav-r-satyanath.html,internal,404,http,HTTP 404,0,"[""links""]",2026-09-23T17:38:14Z
https://takshashila.org.in/content/publications/20200618-COVID-Lessons-from-the-Second-World-War-18-June-Takshashila-Institution-v1.0.html,https://takshashila.org.in/content/team/pranav-r-satyanath.html,internal,404,http,HTTP 404,0,"[""links""]",2026-09-23T17:38:14Z
https://takshashila.org.in/content/publications/20191211-Space-power-and-Space-Warfare.html,https://takshashila.org.in/content/team/pranav-r-satyanath.html,internal,404,http,HTTP 404,0,"[""links""]",2026-09-23T17:38:14Z
https://takshashila.org.in/content/publications/20220606-How-States%20-Negotiated-in-the-UN%E2%80%99s-OEWG-on-Space-Threats.html,https://takshashila.org.in/content/team/pranav-r-satyanath.html,internal,404,http,HTTP 404,0,"[""links""]",2026-09-23T17:38:14Z
https://takshashila.org.in/content/publications/20230608-New-Agenda-for-Peace.html,https://takshashila.org.in/content/team/pranav-r-satyanath.html,internal,404,http,HTTP 404,0,"[""links""]",2026-09-23T17:38:14Z
https://takshashila.org.in/content/publications/20230630-Sustaining-Outer-Space-An-SSA-Data-Sharing-Arrangement-for-the-G20.html,https://takshashila.org.in/content/team/pranav-r-satyanath.html,internal,404,http,HTTP 404,0,"[""links""]",2026-09-23T17:38:14Z
https://takshashila.org.in/content/publications/20230508-quad-should-commit-to-bio-hub-in-india.html,https://takshashila.org.in/content/team/daniel-pavlich.html,internal,404,http,HTTP 404,0,"[""links""]",2026-09-23T17:38:14Z
https://takshashila.org.in/content/publications/20250925-Ethical-Frameworks-for-Deployment-of-Synthetic-Biology.html,https://takshashila.org.in/content/team/daniel-pavlich.html,internal,404,http,HTTP 404,0,"[""links""]",2026-09-23T17:38:14Z
https://takshashila.org.in/content/publications/20230508-quad-should-commit-to-bio-hub-in-india.html,https://takshashila.org.in/content/team/dirk-van-der-kley.html,internal,404,http,HTTP 404,0,"[""links""]",2026-09-23T17:38:14Z
https://takshashila.org.in/content/publications/20250925-Ethical-Frameworks-for-Deployment-of-Synthetic-Biology.html,https://takshashila.org.in/content/team/dirk-van-der-kley.html,internal,404,http,HTTP 404,0,"[""links""]",2026-09-23T17:38:14Z
https://takshashila.org.in/content/publications/20230224-One-year-of-Russia-Ukraine%20War.html,https://takshashila.org.in/content/team/srikrishna-upadhyaya.html,internal,404,http,HTTP 404,0,"[""links""]",2026-09-23T17:38:15Z
https://takshashila.org.in/content/publications/20221114-GM-Mustard-Offers-a-Chance-to-Relook-at-India%E2%80%99s-Gene-Editing-Governance.html,https://takshashila.org.in/content/team/srikrishna-upadhyaya.html,internal,404,http,HTTP 404,0,"[""links""]",2026-09-23T17:38:15Z
https://takshashila.org.in/content/publications/20220805-Killing-of-al-Zawahiri-Raises%20-More-Questions-than-Provides-Answers.html,https://takshashila.org.in/content/team/srikrishna-upadhyaya.html,internal,404,http,HTTP 404,0,"[""links""]",2026-09-23T17:38:15Z
https://takshashila.org.in/content/publications/20221003-Biotechnology-Initiative-for-India.html,https://takshashila.org.in/content/team/srikrishna-upadhyaya.html,internal,404,http,HTTP 404,0,"[""links""]",2026-09-23T17:38:15Z
https://takshashila.org.in/content/publications/20230509-The-Quad-Agenda-for-Semiconductors-Biotechnology-and-Space.html,https://takshashila.org.in/content/team/srikrishna-upadhyaya.html,internal,404,http,HTTP 404,0,"[""links""]",2026-09-23T17:38:15Z
https://takshashila.org.in/content/publications/20230213-Biotechnology-and-Geopolitics.html,https://takshashila.org.in/content/team/-shambhav-naik.html,internal,404,http,HTTP 404,0,"[""links""]",2026-09-23T17:38:15Z
https://takshashila.org.in/content/publications/20230131-The-Rare-Earth-Elements-Opportunity-for-India.html,https://takshashila.org.in/content/team/shrikrishna-upadhayaya.html,internal,404,http,HTTP 404,0,"[""links""]",2026-09-23T17:38:15Z
https://takshashila.org.in/content/publications/20221230-indias-options-against-chinese-aggression.html,https://takshashila.org.in/research/book-chapter-neither-guns-nor-butter-the-inconvenient-truth-of-indias-defence-financing,internal,404,http,HTTP 404,0,"[""links""]",2026-09-23T17:38:15Z
https://takshashila.org.in/content/publications/20221230-indias-options-against-chinese-aggression.html,https://takshashila.org.in/research/takshashila-discussion-document-an-indian-approach-to-navigate-chinas-rise-2,internal,404,http,HTTP 404,0,"[""links""]",2026-09-23T17:38:16Z
https://takshashila.org.in/content/publications/20221230-indias-options-against-chinese-aggression.html,https://takshashila.org.in/research/takshashila-discussion-slidedoc-assessing-chinas-engagement-in-the-indian-subcontinent,internal,404,http,HTTP 404,0,"[""links""]",2026-09-23T17:38:16Z
https://takshashila.org.in/content/publications/20221230-indias-options-against-chinese-aggression.html,https://takshashila.org.in/research/takshashila-discussion-slidedoc-chinas-maritime-coercion-amid-the-covid-19-pandemic,internal,404,http,HTTP 404,0,"[""links""]",2026-09-23T17:38:16Z
https://takshashila.org.in/content/publications/20221230-indias-options-against-chinese-aggression.html,https://takshashila.org.in/research/takshashila-discussion-slidedoc-indias-china-reset-an-assessment,internal,404,http,HTTP 404,0,"[""links""]",2026-09-23T17:38:16Z
https://takshashila.org.in/content/publications/20221230-indias-options-against-chinese-aggression.html,https://takshashila.org.in/research/xis-military-reforms-and-furthering-chinas-national-security-objectives,internal,404,http,HTTP 404,0,"[""links""]",2026-09-23T17:38:16Z
https://takshashila.org.in/content/publications/20221130-chinas-zero-covid-policy-protests.html,https://takshashila.org.in/content/team/harshit-kukreja.html,internal,404,http,HTTP 404,0,"[""links""]",2026-09-23T17:38:17Z
https://takshashila.org.in/content/publications/20221130-Takshashila-Issue-Brief-Chinas-Zero-COVID-Policy-Protests.html,https://takshashila.org.in/content/team/harshit-kukreja.html,internal,404,http,HTTP 404,0,"[""links""]",2026-09-23T17:38:17Z
https://takshashila.org.in/content/publications/20220822-Takshashila-Policy-Advisory-Comments-on-the-Draft-Drugs-Medical-Devices-And-Cosmetics-Bill-2022.html,https://takshashila.org.in/content/team/harshit-kukreja.html,internal,404,http,HTTP 404,0,"[""links""]",2026-09-23T17:38:17Z
https://takshashila.org.in/content/publications/20220810-the-rise-of-monkeypox-in-india.html,https://takshashila.org.in/content/team/harshit-kukreja.html,internal,404,http,HTTP 404,0,"[""links""]",2026-09-23T17:38:17Z
https://takshashila.org.in/content/publications/20220705-nutritional-outcomes-in-karnataka-analysis-and-recommendations.html,https://takshashila.org.in/content/team/harshit-kukreja.html,internal,404,http,HTTP 404,0,"[""links""]",2026-09-23T17:38:17Z
https://takshashila.org.in/content/publications/20211207-TACKLING-NEW-COVID-19-VARIANTS.html,https://takshashila.org.in/content/team/harshit-kukreja.html,internal,404,http,HTTP 404,0,"[""links""]",2026-09-23T17:38:17Z
https://takshashila.org.in/content/publications/20220705-Nutritional-Outcomes-in-Karnataka-Analysis-and-Recommendations.html,https://takshashila.org.in/content/team/harshit-kukreja.html,internal,404,http,HTTP 404,0,"[""links""]",2026-09-23T17:38:17Z
https://takshashila.org.in/content/publications/20220810-Takshashila-Issue-Brief-The-Rise-of-Monkeypox-in-India.html,https://takshashila.org.in/content/team/harshit-kukreja.html,internal,404,http,HTTP 404,0,"[""links""]",2026-09-23T17:38:17Z
https://takshashila.org.in/content/publications/20220822-comments-on-the-draft-drugs-medical-devices-and-cosmetics-bill.html,https://takshashila.org.in/content/team/harshit-kukreja.html,internal,404,http,HTTP 404,0,"[""links""]",2026-09-23T17:38:17Z
https://takshashila.org.in/content/publications/20221111-a-new-approach-to-nutrition-in-karnataka.html,https://takshashila.org.in/content/team/harshit-kukreja.html,internal,404,http,HTTP 404,0,"[""links""]",2026-09-23T17:38:17Z
https://takshashila.org.in/content/publications/20221130-china-zero-covid-policy-and-protests.html,https://takshashila.org.in/content/team/harshit-kukreja.html,internal,404,http,HTTP 404,0,"[""links""]",2026-09-23T17:38:17Z
https://takshashila.org.in/content/publications/20230419-DFG.html,https://takshashila.org.in/content/team/harshit-kukreja.html,internal,404,http,HTTP 404,0,"[""links""]",2026-09-23T17:38:17Z
https://takshashila.org.in/content/publications/20230708-Early-Warning-Disease-Outbreaks_Final-For-Upload.html,https://takshashila.org.in/content/team/harshit-kukreja.html,internal,404,http,HTTP 404,0,"[""links""]",2026-09-23T17:38:17Z
https://takshashila.org.in/content/publications/20221130-chinas-zero-covid-policy-protests.html,https://takshashila.org.in/research/testimony-before-ussc-on-chinas-zero-covid-policy?rq=%22zero-covid%22,internal,404,http,HTTP 404,0,"[""links""]",2026-09-23T17:38:17Z
https://takshashila.org.in/content/publications/20221003-Comments-on-the-Draft-Drugs-Medical-Devices-And-Cosmetics-Bill-2022.html,https://takshashila.org.in/content/team/dr-harshit-kukreja.html,internal,404,http,HTTP 404,0,"[""links""]",2026-09-23T17:38:17Z
https://takshashila.org.in/content/publications/20220926-TDS-AI-Hardware-Ecosystem-in-India.html,https://takshashila.org.in/content/team/anup-rajput.html,internal,404,http,HTTP 404,0,"[""links""]",2026-09-23T17:38:18Z
https://takshashila.org.in/content/publications/20210809-indias-semiconductor-ecosystem-swot-analysis.html,https://takshashila.org.in/content/team/anup-rajput.html,internal,404,http,HTTP 404,0,"[""links""]",2026-09-23T17:38:18Z
https://takshashila.org.in/content/publications/20220926-TDS-AI-Hardware-Ecosystem-in-India.html,https://takshashila.org.in/content/team/samparna-tripathy.html,internal,404,http,HTTP 404,0,"[""links""]",2026-09-23T17:38:18Z
https://takshashila.org.in/content/publications/20210809-indias-semiconductor-ecosystem-swot-analysis.html,https://takshashila.org.in/content/team/samparna-tripathy.html,internal,404,http,HTTP 404,0,"[""links""]",2026-09-23T17:38:18Z
https://takshashila.org.in/content/publications/20220828-Sri-Lankas-Economic-Crisis.html,https://takshashila.org.in/content/team/aarushi-kataria.html,internal,404,http,HTTP 404,0,"[""links""]",2026-09-23T17:38:18Z
https://takshashila.org.in/content/publications/20210910-Shaping-Narratives-Through-Selective-Use-of-Numbers-A-COVID-19-Case-Study.html,https://takshashila.org.in/content/team/aarushi-kataria.html,internal,404,http,HTTP 404,0,"[""links""]",2026-09-23T17:38:18Z
https://takshashila.org.in/content/publications/20220524-Addressing-the-Jobs-Crisis.html,https://takshashila.org.in/content/team/aarushi-kataria.html,internal,404,http,HTTP 404,0,"[""links""]",2026-09-23T17:38:18Z
https://takshashila.org.in/content/publications/20220817-indias-options-china-taiwan-tensions.html,https://takshashila.org.in/research/a-case-for-india-taiwan-collaboration-on-semiconductors,internal,404,http,HTTP 404,0,"[""links""]",2026-09-23T17:38:18Z
https://takshashila.org.in/content/publications/20220817-indias-options-china-taiwan-tensions.html,https://takshashila.org.in/research/what-china-taiwan-tensions-mean-for-india,internal,404,http,HTTP 404,0,"[""links""]",2026-09-23T17:38:18Z
https://takshashila.org.in/content/publications/20220722-India-US-Relationship-from-Strength-to-Strength.html,https://takshashila.org.in/research/takshashila-hudson-blue-paper-china-challenge,internal,404,http,HTTP 404,0,"[""links""]",2026-09-23T17:38:19Z
https://takshashila.org.in/content/publications/20220722-India-US-Relationship-from-Strength-to-Strength.html,https://takshashila.org.in/research/the-case-for-an-india-us-partnership-in-cyber-security,internal,404,http,HTTP 404,0,"[""links""]",2026-09-23T17:38:19Z
https://takshashila.org.in/content/publications/20220722-India-US-Relationship-from-Strength-to-Strength.html,https://takshashila.org.in/videos/takshashila-hudson-panel-75-years-of-india-us-partnership-wednesday-19th-october-2022,internal,404,http,HTTP 404,0,"[""links""]",2026-09-23T17:38:19Z
https://takshashila.org.in/content/publications/20220615-The-Role-of-Semiconductors-in-Military-and-Defence-Technology.html,https://takshashila.org.in/content/publications/assets/The-Role-of-Semiconductors-in-Military-and-Defence-Technology.pdf,internal,404,http,HTTP 404,0,"[""links""]",2026-09-23T17:40:41Z
https://takshashila.org.in/content/publications/20220521-estimating-the-impact-of-covid-19-in-india-from-life-insurance-claims.html,https://takshashila.org.in/content/team/shekhar-sathe.html,internal,404,http,HTTP 404,0,"[""links""]",2026-09-23T17:38:19Z
https://takshashila.org.in/content/publications/20220521-Estimating-Covid-Deaths-from-Insurance-Claims.html,https://takshashila.org.in/content/team/shekhar-sathe.html,internal,404,http,HTTP 404,0,"[""links""]",2026-09-23T17:38:19Z
https://takshashila.org.in/content/publications/20220316-afghanistan-pakistan-relations-road-ahead.html,https://takshashila.org.in/content/team/shrey-khanna.html,internal,404,http,HTTP 404,0,"[""links""]",2026-09-23T17:38:20Z
https://takshashila.org.in/content/publications/20220222-how-indians-view-the-world.html,https://takshashila.org.in/content/team/shrey-khanna.html,internal,404,http,HTTP 404,0,"[""links""]",2026-09-23T17:38:20Z
https://takshashila.org.in/content/publications/20211001-Taliban's-Afghanistan-Takeover.html,https://takshashila.org.in/content/team/shrey-khanna.html,internal,404,http,HTTP 404,0,"[""links""]",2026-09-23T17:38:20Z
https://takshashila.org.in/content/publications/20220505-sri-lanka-russia-ukraine-war.html,https://takshashila.org.in/content/team/shrey-khanna.html,internal,404,http,HTTP 404,0,"[""links""]",2026-09-23T17:38:20Z
https://takshashila.org.in/content/publications/20220222-how-indians-view-the-world.html,https://takshashila.org.in/content/team/aneesh-jaganath.html,internal,404,http,HTTP 404,0,"[""links""]",2026-09-23T17:38:20Z
https://takshashila.org.in/content/publications/20220222-how-indians-view-the-world.html,https://takshashila.org.in/content/team/ruturaj-gowaikar.html,internal,404,http,HTTP 404,0,"[""links""]",2026-09-23T17:38:20Z
https://takshashila.org.in/content/publications/20220127-TIP-Quad-and-Biotech.html,https://takshashila.org.in/content/team/ruturaj-gowaikar.html,internal,404,http,HTTP 404,0,"[""links""]",2026-09-23T17:38:20Z
https://takshashila.org.in/content/publications/20211207-TACKLING-NEW-COVID-19-VARIANTS.html,https://takshashila.org.in/content/team/ruturaj-gowaikar.html,internal,404,http,HTTP 404,0,"[""links""]",2026-09-23T17:38:20Z
https://takshashila.org.in/content/publications/20211108-Vaccine-Diplomacy-framework-for-India.html,https://takshashila.org.in/content/team/ruturaj-gowaikar.html,internal,404,http,HTTP 404,0,"[""links""]",2026-09-23T17:38:20Z
https://takshashila.org.in/content/publications/20210819-TDD-National-Epidemic-Intelligence-Service-for-India.html,https://takshashila.org.in/content/team/ruturaj-gowaikar.html,internal,404,http,HTTP 404,0,"[""links""]",2026-09-23T17:38:20Z
https://takshashila.org.in/content/publications/20230516-An-Comparative-Study-of-State-Rules-Based-on-the-Biological-Diversity-Act-2002.pdf.html,https://takshashila.org.in/content/team/ruturaj-gowaikar.html,internal,404,http,HTTP 404,0,"[""links""]",2026-09-23T17:38:20Z
https://takshashila.org.in/content/publications/20220214-Policy-advisory-on-Demand-for-grants-Union-Budget-FY22-23.html,https://takshashila.org.in/content/publications/assets/Policy-advisory+on+Demand+for+grants+Union+Budget+FY22-23.pdf,internal,404,http,HTTP 404,0,"[""links""]",2026-09-23T17:40:41Z
https://takshashila.org.in/content/publications/20220214-Policy-advisory-on-Demand-for-grants-Union-Budget-FY22-23.html,https://takshashila.org.in/content/team/aditya-pareek.html,internal,404,http,HTTP 404,0,"[""links""]",2026-09-23T17:38:21Z
https://takshashila.org.in/content/publications/20201022-submarine-cables.html,https://takshashila.org.in/content/team/aditya-pareek.html,internal,404,http,HTTP 404,0,"[""links""]",2026-09-23T17:38:21Z
https://takshashila.org.in/content/publications/20201224-a-rare-earths-strategy-for-india.html,https://takshashila.org.in/content/team/aditya-pareek.html,internal,404,http,HTTP 404,0,"[""links""]",2026-09-23T17:38:21Z
https://takshashila.org.in/content/publications/20210524-The-Longmarch-5b-Incidents.html,https://takshashila.org.in/content/team/aditya-pareek.html,internal,404,http,HTTP 404,0,"[""links""]",2026-09-23T17:38:21Z
https://takshashila.org.in/content/publications/20210902-space-as-a-geospatial-environment.html,https://takshashila.org.in/content/team/aditya-pareek.html,internal,404,http,HTTP 404,0,"[""links""]",2026-09-23T17:38:21Z
https://takshashila.org.in/content/publications/20211111-the-us-and-no-first-use.html,https://takshashila.org.in/content/team/aditya-pareek.html,internal,404,http,HTTP 404,0,"[""links""]",2026-09-23T17:38:21Z
https://takshashila.org.in/content/publications/20220315-De-Dollarising-V1.0.pdf.html,https://takshashila.org.in/content/team/aditya-pareek.html,internal,404,http,HTTP 404,0,"[""links""]",2026-09-23T17:38:21Z
https://takshashila.org.in/content/publications/20220214-Policy-advisory-on-Demand-for-grants-Union-Budget-FY22-23.html,https://takshashila.org.in/content/team/pradeep-mohandas.html,internal,404,http,HTTP 404,0,"[""links""]",2026-09-23T17:38:21Z
https://takshashila.org.in/content/publications/20230419-DFG.html,https://takshashila.org.in/content/team/pradeep-mohandas.html,internal,404,http,HTTP 404,0,"[""links""]",2026-09-23T17:38:21Z
https://takshashila.org.in/content/publications/20220117-chinas-technical-standardisation-framework.html,https://takshashila.org.in/content/team/megha-pardhi.html,internal,404,http,HTTP 404,0,"[""links""]",2026-09-23T17:38:21Z
https://takshashila.org.in/content/publications/20211103-Scenarios-for-Cross-Strait-Tensions.html,https://takshashila.org.in/content/team/megha-pardhi.html,internal,404,http,HTTP 404,0,"[""links""]",2026-09-23T17:38:21Z
https://takshashila.org.in/content/publications/20220225-chinese-perceptions-interests-amid-ukraine-conflict.html,https://takshashila.org.in/content/team/megha-pardhi.html,internal,404,http,HTTP 404,0,"[""links""]",2026-09-23T17:38:21Z
https://takshashila.org.in/content/publications/20211231-russia-ukraine-tensions-risk-india.html,https://takshashila.org.in/content/team/aditya-prateek.html,internal,404,http,HTTP 404,0,"[""links""]",2026-09-23T17:38:21Z
https://takshashila.org.in/content/publications/20210729-India-and-the-Artemis-Accords.html,https://takshashila.org.in/content/team/aditya-prateek.html,internal,404,http,HTTP 404,0,"[""links""]",2026-09-23T17:38:21Z
https://takshashila.org.in/content/publications/20201231-The-China-Challenge.html,https://takshashila.org.in/content/team/aditya-prateek.html,internal,404,http,HTTP 404,0,"[""links""]",2026-09-23T17:38:21Z
https://takshashila.org.in/content/publications/20211013-India-Russia-Space-Cooperation-A-Way-Forward.html,https://takshashila.org.in/content/team/aditya-prateek.html,internal,404,http,HTTP 404,0,"[""links""]",2026-09-23T17:38:21Z
https://takshashila.org.in/content/publications/20220218-Space-Stations-Promises-and-Challenges.html,https://takshashila.org.in/content/team/aditya-prateek.html,internal,404,http,HTTP 404,0,"[""links""]",2026-09-23T17:38:21Z
https://takshashila.org.in/content/publications/20220324-The-Semiconductor-Question-in-the-Russia-Ukraine-Conflict.html,https://takshashila.org.in/content/team/aditya-prateek.html,internal,404,http,HTTP 404,0,"[""links""]",2026-09-23T17:38:21Z
https://takshashila.org.in/content/publications/20220926-India-and-the-Artemis-Accords.html,https://takshashila.org.in/content/team/aditya-prateek.html,internal,404,http,HTTP 404,0,"[""links""]",2026-09-23T17:38:21Z
https://takshashila.org.in/content/publications/20211207-TACKLING-NEW-COVID-19-VARIANTS.html,https://takshashila.org.in/content/team/priyal-lyncia-d%E2%80%99almeida.html,internal,404,http,HTTP 404,0,"[""links""]",2026-09-23T17:38:22Z
https://takshashila.org.in/content/publications/20210915-TIB-Biobanking-policies-in-India.html,https://takshashila.org.in/content/team/priyal-lyncia-d%E2%80%99almeida.html,internal,404,http,HTTP 404,0,"[""links""]",2026-09-23T17:38:22Z
https://takshashila.org.in/content/publications/20230109-TSA-Heritable-gene-editing.html,https://takshashila.org.in/content/team/priyal-lyncia-d%E2%80%99almeida.html,internal,404,http,HTTP 404,0,"[""links""]",2026-09-23T17:38:22Z
https://takshashila.org.in/content/publications/20211123-Infrastructure-Development-in-Tibet.html,https://takshashila.org.in/content/team/suyash-desai.html,internal,404,http,HTTP 404,0,"[""links""]",2026-09-23T17:38:22Z
https://takshashila.org.in/content/publications/20210111-IPR-India-Theatre-Expansion.html,https://takshashila.org.in/content/team/suyash-desai.html,internal,404,http,HTTP 404,0,"[""links""]",2026-09-23T17:38:22Z
https://takshashila.org.in/content/publications/20200928-Indian-Approach-to-Navigate-China-Rise.html,https://takshashila.org.in/content/team/suyash-desai.html,internal,404,http,HTTP 404,0,"[""links""]",2026-09-23T17:38:22Z
https://takshashila.org.in/content/publications/20200309-Xi-Military-Reforms.html,https://takshashila.org.in/content/team/suyash-desai.html,internal,404,http,HTTP 404,0,"[""links""]",2026-09-23T17:38:22Z
https://takshashila.org.in/content/publications/20210111-Indias-Theatre-Expansion-Use-of-Sea-Power-to-Balance-Chinas-Rise.html,https://takshashila.org.in/content/team/suyash-desai.html,internal,404,http,HTTP 404,0,"[""links""]",2026-09-23T17:38:22Z
https://takshashila.org.in/content/publications/20210407-Chinas-Nuclear-Ambiguity-and-its-Impact-on-India.html,https://takshashila.org.in/content/team/suyash-desai.html,internal,404,http,HTTP 404,0,"[""links""]",2026-09-23T17:38:22Z
https://takshashila.org.in/content/publications/20211103-Scenarios-for-Cross-Strait-Tensions.html,https://takshashila.org.in/content/team/suyash-desai.html,internal,404,http,HTTP 404,0,"[""links""]",2026-09-23T17:38:22Z
https://takshashila.org.in/content/publications/20211206-civilian-military-developments-tibet.html,https://takshashila.org.in/content/team/suyash-desai.html,internal,404,http,HTTP 404,0,"[""links""]",2026-09-23T17:38:22Z
https://takshashila.org.in/content/publications/20220118-chinas-infrastructure-development-tibet.html,https://takshashila.org.in/content/team/suyash-desai.html,internal,404,http,HTTP 404,0,"[""links""]",2026-09-23T17:38:22Z
https://takshashila.org.in/content/publications/20220721-xis-military-reforms-efficacy.html,https://takshashila.org.in/content/team/suyash-desai.html,internal,404,http,HTTP 404,0,"[""links""]",2026-09-23T17:38:22Z
https://takshashila.org.in/content/publications/20211108-Vaccine-Diplomacy-framework-for-India.html,https://takshashila.org.in/content/team/pranathi-rao.html,internal,404,http,HTTP 404,0,"[""links""]",2026-09-23T17:38:22Z
https://takshashila.org.in/content/publications/20211002-indias-path-to-power.html,https://takshashila.org.in/content/publications/assets/Indias-Path-to-Power-English-Final.pdf,internal,404,http,HTTP 404,0,"[""links""]",2026-09-23T17:40:42Z
https://takshashila.org.in/content/publications/20211002-indias-path-to-power.html,https://takshashila.org.in/content/publications/assets/Indias-Path-to-Power-Hindi-Final.pdf,internal,404,http,HTTP 404,0,"[""links""]",2026-09-23T17:40:42Z
https://takshashila.org.in/content/publications/20210901-China-Engagement-in-South-Asia.html,https://takshashila.org.in/content/team/shibani-mehta.html,internal,404,http,HTTP 404,0,"[""links""]",2026-09-23T17:38:22Z
https://takshashila.org.in/content/publications/20200928-Indian-Approach-to-Navigate-China-Rise.html,https://takshashila.org.in/content/team/shibani-mehta.html,internal,404,http,HTTP 404,0,"[""links""]",2026-09-23T17:38:22Z
https://takshashila.org.in/content/publications/20190621-nuclear-first-use-a-critique.html,https://takshashila.org.in/content/team/shibani-mehta.html,internal,404,http,HTTP 404,0,"[""links""]",2026-09-23T17:38:22Z
https://takshashila.org.in/content/publications/20190117-TDD-Managing-the-HR-Challenge.html,https://takshashila.org.in/content/team/shibani-mehta.html,internal,404,http,HTTP 404,0,"[""links""]",2026-09-23T17:38:22Z
https://takshashila.org.in/content/publications/20180620-TSA-Impact-of-Pashtun-Tahafuz-Movement.html,https://takshashila.org.in/content/team/shibani-mehta.html,internal,404,http,HTTP 404,0,"[""links""]",2026-09-23T17:38:22Z
https://takshashila.org.in/content/publications/20180507-TSA-India-Bhutan-Relationships.html,https://takshashila.org.in/content/team/shibani-mehta.html,internal,404,http,HTTP 404,0,"[""links""]",2026-09-23T17:38:22Z
https://takshashila.org.in/content/publications/20180410-TSA-Political-Developments-in-Sri-Lanka.html,https://takshashila.org.in/content/team/shibani-mehta.html,internal,404,http,HTTP 404,0,"[""links""]",2026-09-23T17:38:22Z
https://takshashila.org.in/content/publications/20210729-India-and-the-Artemis-Accords.html,https://takshashila.org.in/content/team/nitansha-bansal.html,internal,404,http,HTTP 404,0,"[""links""]",2026-09-23T17:38:22Z
https://takshashila.org.in/content/publications/20220926-India-and-the-Artemis-Accords.html,https://takshashila.org.in/content/team/nitansha-bansal.html,internal,404,http,HTTP 404,0,"[""links""]",2026-09-23T17:38:22Z
https://takshashila.org.in/content/publications/20210716-Emerging-Paradigms-of-National-Security-Threats-Responses.html,https://takshashila.org.in/content/team/lt-general-(dr)-menon.html,internal,404,http,HTTP 404,0,"[""links""]",2026-09-23T17:38:23Z
https://takshashila.org.in/content/publications/20210706-A-Review-of-Roles-ITBP-and-Indian-Coast-Guard.html,https://takshashila.org.in/content/team/lt-general-(dr)-menon.html,internal,404,http,HTTP 404,0,"[""links""]",2026-09-23T17:38:23Z
https://takshashila.org.in/content/publications/20210602-Economic-Implications-of-WhatsApp%E2%80%99s-Lawsuit-against-the-Government-of-India.html,https://takshashila.org.in/content/team/atish-padhy.html,internal,404,http,HTTP 404,0,"[""links""]",2026-09-23T17:38:23Z
https://takshashila.org.in/content/publications/20210602-Economic-Implications-of-WhatsApp%E2%80%99s-Lawsuit-against-the-Government-of-India.html,https://takshashila.org.in/content/team/suchir-kalra.html,internal,404,http,HTTP 404,0,"[""links""]",2026-09-23T17:38:24Z
https://takshashila.org.in/content/publications/20210508-The-case-of-the-farmers%E2%80%99-protests-in-India.html,https://takshashila.org.in/content/team/prateek-waghre.html,internal,404,http,HTTP 404,0,"[""links""]",2026-09-23T17:38:24Z
https://takshashila.org.in/content/publications/20200626-Analysing-Digital-Platforms-Response-to-COVID-19-Information-Disorder.html,https://takshashila.org.in/content/team/prateek-waghre.html,internal,404,http,HTTP 404,0,"[""links""]",2026-09-23T17:38:24Z
https://takshashila.org.in/content/publications/20200522-TDS-Technological-Interventions-for-COVID-19-Management-An-Analysis.html,https://takshashila.org.in/content/team/prateek-waghre.html,internal,404,http,HTTP 404,0,"[""links""]",2026-09-23T17:38:24Z
https://takshashila.org.in/content/publications/20200207-Governing-Tech-Platforms-in-India.html,https://takshashila.org.in/content/team/prateek-waghre.html,internal,404,http,HTTP 404,0,"[""links""]",2026-09-23T17:38:24Z
https://takshashila.org.in/content/publications/20210726-TWP-Governance-of-DCNs-1-Harms-Categorisation.html,https://takshashila.org.in/content/team/prateek-waghre.html,internal,404,http,HTTP 404,0,"[""links""]",2026-09-23T17:38:24Z
https://takshashila.org.in/content/publications/20211217-governance-of-dcns-II-opportunities-and-benefits.html,https://takshashila.org.in/content/team/prateek-waghre.html,internal,404,http,HTTP 404,0,"[""links""]",2026-09-23T17:38:24Z
https://takshashila.org.in/content/publications/20210113-Indias-Opportunity-to-Displace-China-in-Global-Supply-Chains_TDD_V1.0-2.html,https://takshashila.org.in/content/team/narayan-ramchandran.html,internal,404,http,HTTP 404,0,"[""links""]",2026-09-23T17:38:24Z
https://takshashila.org.in/content/publications/20200317-TDD_SPRBackground_AM_RS_NR_V2_2020-02.html,https://takshashila.org.in/content/team/narayan-ramchandran.html,internal,404,http,HTTP 404,0,"[""links""]",2026-09-23T17:38:24Z
https://takshashila.org.in/content/publications/20140707-Fiscal-Consolidation.html,https://takshashila.org.in/content/team/narayan-ramchandran.html,internal,404,http,HTTP 404,0,"[""links""]",2026-09-23T17:38:24Z
https://takshashila.org.in/content/publications/2020819-Takshashila-Discussion%20Document-Reimagining-India's-Public-Health-Governance-System.html,https://takshashila.org.in/content/team/sapni-g-k.html,internal,404,http,HTTP 404,0,"[""links""]",2026-09-23T17:38:24Z
https://takshashila.org.in/content/publications/20200522-TDS-Technological-Interventions-for-COVID-19-Management-An-Analysis.html,https://takshashila.org.in/content/team/sapni-g-k.html,internal,404,http,HTTP 404,0,"[""links""]",2026-09-23T17:38:24Z
https://takshashila.org.in/content/publications/20211217-governance-of-dcns-II-opportunities-and-benefits.html,https://takshashila.org.in/content/team/sapni-g-k.html,internal,404,http,HTTP 404,0,"[""links""]",2026-09-23T17:38:24Z
https://takshashila.org.in/content/publications/2020819-Takshashila-Discussion%20Document-Reimagining-India's-Public-Health-Governance-System.html,https://takshashila.org.in/content/team/sunila-dixit.html,internal,404,http,HTTP 404,0,"[""links""]",2026-09-23T17:38:25Z
https://takshashila.org.in/content/publications/20201105-A-COVID-19-Vaccine-Deployment-Strategy-For-India.html,https://takshashila.org.in/content/team/sunila-dixit.html,internal,404,http,HTTP 404,0,"[""links""]",2026-09-23T17:38:25Z
https://takshashila.org.in/content/publications/20200904-COVID-19-Vaccine-Deployment-Strategy-for-India.html,https://takshashila.org.in/content/team/sunila-dixit.html,internal,404,http,HTTP 404,0,"[""links""]",2026-09-23T17:38:25Z
https://takshashila.org.in/content/publications/20200518-Takshashila-COVID-19-Healthcare-Measures-to-Tackle-a-Second-Wave-in-India.html,https://takshashila.org.in/content/team/sunila-dixit.html,internal,404,http,HTTP 404,0,"[""links""]",2026-09-23T17:38:25Z
https://takshashila.org.in/content/publications/20201001-TDD-Ethical-Guidelines-for-Clinical-Trials-and-Research-in-India.html,https://takshashila.org.in/content/team/sunila-dixit.html,internal,404,http,HTTP 404,0,"[""links""]",2026-09-23T17:38:25Z
https://takshashila.org.in/content/publications/20201106-Analysis-of-Serosurveys-in-India.html,https://takshashila.org.in/content/team/sunila-dixit.html,internal,404,http,HTTP 404,0,"[""links""]",2026-09-23T17:38:25Z
https://takshashila.org.in/content/publications/20210915-TIB-Biobanking-policies-in-India.html,https://takshashila.org.in/content/team/sunila-dixit.html,internal,404,http,HTTP 404,0,"[""links""]",2026-09-23T17:38:25Z
https://takshashila.org.in/content/publications/20200928-Indian-Approach-to-Navigate-China-Rise.html,https://takshashila.org.in/content/team/anirudh-kanisetti.html,internal,404,http,HTTP 404,0,"[""links""]",2026-09-23T17:38:25Z
https://takshashila.org.in/content/publications/20200920-5G-Huawei-Geopolitics-An-Indian-Roadmap.html,https://takshashila.org.in/content/team/anirudh-kanisetti.html,internal,404,http,HTTP 404,0,"[""links""]",2026-09-23T17:38:25Z
https://takshashila.org.in/content/publications/20200716-The-Doklam-Imbroglio-July-2020-Update.html,https://takshashila.org.in/content/team/anirudh-kanisetti.html,internal,404,http,HTTP 404,0,"[""links""]",2026-09-23T17:38:25Z
https://takshashila.org.in/content/publications/20200618-COVID-Lessons-from-the-Second-World-War-18-June-Takshashila-Institution-v1.0.html,https://takshashila.org.in/content/team/anirudh-kanisetti.html,internal,404,http,HTTP 404,0,"[""links""]",2026-09-23T17:38:25Z
https://takshashila.org.in/content/publications/20200507-India-post-Covid-World-Order.html,https://takshashila.org.in/content/team/anirudh-kanisetti.html,internal,404,http,HTTP 404,0,"[""links""]",2026-09-23T17:38:25Z
https://takshashila.org.in/content/publications/20180709-TDD-Indias-Strategies-New-World-Order-AK-PK-AM-2018-02.html,https://takshashila.org.in/content/team/anirudh-kanisetti.html,internal,404,http,HTTP 404,0,"[""links""]",2026-09-23T17:38:25Z
https://takshashila.org.in/content/publications/20171231-framework-for-governing-human-gene-editing-in-india.html,https://takshashila.org.in/content/team/anirudh-kanisetti.html,internal,404,http,HTTP 404,0,"[""links""]",2026-09-23T17:38:25Z
https://takshashila.org.in/content/publications/20171013-TDD-Governing-Gene-Editing.html,https://takshashila.org.in/content/team/anirudh-kanisetti.html,internal,404,http,HTTP 404,0,"[""links""]",2026-09-23T17:38:25Z
https://takshashila.org.in/content/publications/20170923-TPP-Governing-Gene-Editing.html,https://takshashila.org.in/content/team/anirudh-kanisetti.html,internal,404,http,HTTP 404,0,"[""links""]",2026-09-23T17:38:25Z
https://takshashila.org.in/content/publications/20180510-TDS-Assessing-Chinas-Engagement-in-the-Indian-Subcontinent.html,https://takshashila.org.in/content/team/anirudh-kanisetti.html,internal,404,http,HTTP 404,0,"[""links""]",2026-09-23T17:38:25Z
https://takshashila.org.in/content/publications/20180709-TDD-Indias-Strategies-New-World-Order.html,https://takshashila.org.in/content/team/anirudh-kanisetti.html,internal,404,http,HTTP 404,0,"[""links""]",2026-09-23T17:38:25Z
https://takshashila.org.in/content/publications/20190409-TDS-The-Kra-Canal-What-Does-It-Mean-For-India.html,https://takshashila.org.in/content/team/anirudh-kanisetti.html,internal,404,http,HTTP 404,0,"[""links""]",2026-09-23T17:38:25Z
https://takshashila.org.in/content/publications/20190924-Comments-on-the-National-Guidelines-for-Gene-Therapy-Product-Development-and-Clinical-Trials.html,https://takshashila.org.in/content/team/anirudh-kanisetti.html,internal,404,http,HTTP 404,0,"[""links""]",2026-09-23T17:38:25Z
https://takshashila.org.in/content/publications/20200409-India-and-the-Saudi-Russia-Oil-Price-War.html,https://takshashila.org.in/content/team/anirudh-kanisetti.html,internal,404,http,HTTP 404,0,"[""links""]",2026-09-23T17:38:25Z
https://takshashila.org.in/content/publications/20200518-Takshashila-COVID-19-Healthcare-Measures-to-Tackle-a-Second-Wave-in-India.html,https://takshashila.org.in/content/team/anirudh-kanisetti.html,internal,404,http,HTTP 404,0,"[""links""]",2026-09-23T17:38:25Z
https://takshashila.org.in/content/publications/20200527-a-pathway-for-post-pandemic-economic-reconstruction.html,https://takshashila.org.in/content/team/anirudh-kanisetti.html,internal,404,http,HTTP 404,0,"[""links""]",2026-09-23T17:38:25Z
https://takshashila.org.in/content/publications/20200609-Takshashila-Strategic-Assessment-India-COVID-19-and-West-Asia.html,https://takshashila.org.in/content/team/anirudh-kanisetti.html,internal,404,http,HTTP 404,0,"[""links""]",2026-09-23T17:38:25Z
https://takshashila.org.in/content/publications/20201224-a-rare-earths-strategy-for-india.html,https://takshashila.org.in/content/team/anirudh-kanisetti.html,internal,404,http,HTTP 404,0,"[""links""]",2026-09-23T17:38:25Z
https://takshashila.org.in/content/publications/20201419-TSA-Saudi-Russia-Oil-AR-AK-AM-v1.0.pdf.html,https://takshashila.org.in/content/team/anirudh-kanisetti.html,internal,404,http,HTTP 404,0,"[""links""]",2026-09-23T17:38:25Z
https://takshashila.org.in/content/publications/20210104-China-India-Doklam-in-2020.html,https://takshashila.org.in/content/team/anirudh-kanisetti.html,internal,404,http,HTTP 404,0,"[""links""]",2026-09-23T17:38:25Z
https://takshashila.org.in/content/publications/20210228-a-rare-earths-strategy-for-india.html,https://takshashila.org.in/content/team/anirudh-kanisetti.html,internal,404,http,HTTP 404,0,"[""links""]",2026-09-23T17:38:25Z
https://takshashila.org.in/content/publications/20200904-COVID-19-Vaccine-Deployment-Strategy-for-India.html,https://takshashila.org.in/content/team/ameya-paleja.html,internal,404,http,HTTP 404,0,"[""links""]",2026-09-23T17:38:25Z
https://takshashila.org.in/content/publications/20200902-COVID-19-Warrants-Long-Overdue-Doctrinal-Shifts-in-Military-Planning.html,https://takshashila.org.in/content/publications/assests/COVID-19-Warrants-Long-Overdue-Doctrinal-Shifts-in-Military-Planning.pdf,internal,404,http,HTTP 404,0,"[""links""]",2026-09-23T17:40:42Z
https://takshashila.org.in/content/publications/20200902-COVID-19-Warrants-Long-Overdue-Doctrinal-Shifts-in-Military-Planning.html,https://takshashila.org.in/content/team/lt-general-(dr)-prakash-menon.html,internal,404,http,HTTP 404,0,"[""links""]",2026-09-23T17:38:25Z
https://takshashila.org.in/content/publications/20200716-The-Doklam-Imbroglio-July-2020-Update.html,https://takshashila.org.in/content/team/lt-general-(dr)-prakash-menon.html,internal,404,http,HTTP 404,0,"[""links""]",2026-09-23T17:38:25Z
https://takshashila.org.in/content/publications/20190924-TDD-Human-Capital-Investment-Model-for-India%E2%80%99s-National-Security-System.html,https://takshashila.org.in/content/team/lt-general-(dr)-prakash-menon.html,internal,404,http,HTTP 404,0,"[""links""]",2026-09-23T17:38:25Z
https://takshashila.org.in/content/publications/20190726-TRP-Shaping-the-Military-Instrument.html,https://takshashila.org.in/content/team/lt-general-(dr)-prakash-menon.html,internal,404,http,HTTP 404,0,"[""links""]",2026-09-23T17:38:25Z
https://takshashila.org.in/content/publications/20200731-Military-Resource-Allocation-Framework.html,https://takshashila.org.in/content/team/lt-general-(dr)-prakash-menon.html,internal,404,http,HTTP 404,0,"[""links""]",2026-09-23T17:38:25Z
https://takshashila.org.in/content/publications/20200626-Analysing-Digital-Platforms-Response-to-COVID-19-Information-Disorder.html,https://takshashila.org.in/content/team/rohan-seth.html,internal,404,http,HTTP 404,0,"[""links""]",2026-09-23T17:38:26Z
https://takshashila.org.in/content/publications/20200414-TDD-Networked-Protests-State-Responses-The-Case-of-Hong-Kong.html,https://takshashila.org.in/content/team/rohan-seth.html,internal,404,http,HTTP 404,0,"[""links""]",2026-09-23T17:38:26Z
https://takshashila.org.in/content/publications/20200317-TDD_SPRBackground_AM_RS_NR_V2_2020-02.html,https://takshashila.org.in/content/team/rohan-seth.html,internal,404,http,HTTP 404,0,"[""links""]",2026-09-23T17:38:26Z
https://takshashila.org.in/content/publications/20200317-An-Indian-Approach-Towards-Strategic-Petroleum-Reserves.html,https://takshashila.org.in/content/team/rohan-seth.html,internal,404,http,HTTP 404,0,"[""links""]",2026-09-23T17:38:26Z
https://takshashila.org.in/content/publications/20200603-China-Maritime-Coercion-in-COVID-19.html,"https://takshashila.org.in/content/team/suyash-desai,.html",internal,404,http,HTTP 404,0,"[""links""]",2026-09-23T17:38:26Z
https://takshashila.org.in/content/publications/20200430-Impact-of-Covid-19-on-PLA.html,"https://takshashila.org.in/content/team/suyash-desai,.html",internal,404,http,HTTP 404,0,"[""links""]",2026-09-23T17:38:26Z
https://takshashila.org.in/content/publications/20200522-TDS-Technological-Interventions-for-COVID-19-Management-An-Analysis.html,https://takshashila.org.in/content/team/utkarsh-narain.html,internal,404,http,HTTP 404,0,"[""links""]",2026-09-23T17:38:26Z
https://takshashila.org.in/content/publications/20200521-Recommended-Draft-Space-Activities-Regulation-Bill.html,https://takshashila.org.in/content/team/utkarsh-narain.html,internal,404,http,HTTP 404,0,"[""links""]",2026-09-23T17:38:26Z
https://takshashila.org.in/content/publications/20200108-The-New-Space-Policy-2020.html,https://takshashila.org.in/content/team/utkarsh-narain.html,internal,404,http,HTTP 404,0,"[""links""]",2026-09-23T17:38:26Z
https://takshashila.org.in/content/publications/20200521-Recommended-Draft-Space-Activities-Regulation-Bill.html,https://takshashila.org.in/content/team/shreya-ramann.html,internal,404,http,HTTP 404,0,"[""links""]",2026-09-23T17:38:27Z
https://takshashila.org.in/content/publications/20200518-TDD-Attracting-Large-Investments-in-the-Post-COVID-19-World-SK-SP-18thMay-v1.0.html,https://takshashila.org.in/content/team/shankar-khasnis.html,internal,404,http,HTTP 404,0,"[""links""]",2026-09-23T17:38:27Z
https://takshashila.org.in/content/publications/20200507-India-post-Covid-World-Order.html,https://takshashila.org.in/content/team/akshay-alladi.html,internal,404,http,HTTP 404,0,"[""links""]",2026-09-23T17:38:27Z
https://takshashila.org.in/content/publications/20200328-TSA-Pakistan-Covid19.html,https://takshashila.org.in/content/team/sakshi-arora.html,internal,404,http,HTTP 404,0,"[""links""]",2026-09-23T17:38:27Z
https://takshashila.org.in/content/publications/20191423-TDD-Measures-for-India-to-tackle-biowarfare-threats.html,https://takshashila.org.in/content/team/-shambhavi-naik.html,internal,404,http,HTTP 404,0,"[""links""]",2026-09-23T17:38:28Z
https://takshashila.org.in/content/publications/20190915-Putting-India-on-the-road-to-becoming-an-AI-superpower.html,https://takshashila.org.in/content/team/by-takshashila%E2%80%99s-bangalore-expert-group.html,internal,404,http,HTTP 404,0,"[""links""]",2026-09-23T17:38:28Z
https://takshashila.org.in/content/publications/20190801-Quality-of-Service-Based-Differential-Pricing-for-Data-Services.html,https://takshashila.org.in/content/team/pavan-srinath.html,internal,404,http,HTTP 404,0,"[""links""]",2026-09-23T17:38:28Z
https://takshashila.org.in/content/publications/20151210-A-Global-Climate-Change-Relocation-Insurance-Framework.html,https://takshashila.org.in/content/team/pavan-srinath.html,internal,404,http,HTTP 404,0,"[""links""]",2026-09-23T17:38:28Z
https://takshashila.org.in/content/publications/20140729-Helping-Karnataka-Industries-Reach-New-Heights.html,https://takshashila.org.in/content/team/pavan-srinath.html,internal,404,http,HTTP 404,0,"[""links""]",2026-09-23T17:38:28Z
https://takshashila.org.in/content/publications/20130213-Making-Publicly-funded-Research-Accessible-to-the%20Public.html,https://takshashila.org.in/content/team/pavan-srinath.html,internal,404,http,HTTP 404,0,"[""links""]",2026-09-23T17:38:28Z
https://takshashila.org.in/content/publications/20130710-Indias-Central-Monitoring-System.html,https://takshashila.org.in/content/team/pavan-srinath.html,internal,404,http,HTTP 404,0,"[""links""]",2026-09-23T17:38:28Z
https://takshashila.org.in/content/publications/20150726-India-Pakistan-conflict-escalation-framework.html,https://takshashila.org.in/content/team/pavan-srinath.html,internal,404,http,HTTP 404,0,"[""links""]",2026-09-23T17:38:28Z
https://takshashila.org.in/content/publications/20180705-A-Qualitative-and-Quantitative-Analysis-of-Public-Health-Expenditure-in-India.html,https://takshashila.org.in/content/team/pavan-srinath.html,internal,404,http,HTTP 404,0,"[""links""]",2026-09-23T17:38:28Z
https://takshashila.org.in/content/publications/20181219-TWP-Central-Transfers-on-Health.html,https://takshashila.org.in/content/team/pavan-srinath.html,internal,404,http,HTTP 404,0,"[""links""]",2026-09-23T17:38:28Z
https://takshashila.org.in/content/publications/20191219-TWP-Central-Transfers-on-Health-PK-DK-PS-AC-2018-03.html,https://takshashila.org.in/content/team/pavan-srinath.html,internal,404,http,HTTP 404,0,"[""links""]",2026-09-23T17:38:28Z
https://takshashila.org.in/content/publications/20200319-A-Framework-for-Enabling-Predictive-Genomics-to-Improve-Public-Health-in-India.html,https://takshashila.org.in/content/team/pavan-srinath.html,internal,404,http,HTTP 404,0,"[""links""]",2026-09-23T17:38:28Z
https://takshashila.org.in/content/publications/20190801-Quality-of-Service-Based-Differential-Pricing-for-Data-Services.html,https://takshashila.org.in/content/team/sudeep-divakaran.html,internal,404,http,HTTP 404,0,"[""links""]",2026-09-23T17:38:29Z
https://takshashila.org.in/content/publications/20190621-nuclear-first-use-a-critique.html,https://takshashila.org.in/content/team/kunaal-kini.html,internal,404,http,HTTP 404,0,"[""links""]",2026-09-23T17:38:29Z
https://takshashila.org.in/content/publications/20181204-TDD-Mobilised-Violence-MC-AP-DJ-2018-03.html,https://takshashila.org.in/content/team/ajay-patri.html,internal,404,http,HTTP 404,0,"[""links""]",2026-09-23T17:38:29Z
https://takshashila.org.in/content/publications/20171231-framework-for-governing-human-gene-editing-in-india.html,https://takshashila.org.in/content/team/ajay-patri.html,internal,404,http,HTTP 404,0,"[""links""]",2026-09-23T17:38:29Z
https://takshashila.org.in/content/publications/20171018-Privacy-Security-and-Ownership-of-Data-in-the-Telecom-Sector.html,https://takshashila.org.in/content/team/ajay-patri.html,internal,404,http,HTTP 404,0,"[""links""]",2026-09-23T17:38:29Z
https://takshashila.org.in/content/publications/20171013-TDD-Governing-Gene-Editing.html,https://takshashila.org.in/content/team/ajay-patri.html,internal,404,http,HTTP 404,0,"[""links""]",2026-09-23T17:38:29Z
https://takshashila.org.in/content/publications/20170923-TPP-Governing-Gene-Editing.html,https://takshashila.org.in/content/team/ajay-patri.html,internal,404,http,HTTP 404,0,"[""links""]",2026-09-23T17:38:29Z
https://takshashila.org.in/content/publications/20180221-TPA-Data-Protection-Framework-for-India.html,https://takshashila.org.in/content/team/ajay-patri.html,internal,404,http,HTTP 404,0,"[""links""]",2026-09-23T17:38:29Z
https://takshashila.org.in/content/publications/20180829-TBLP-Justice-Srikrishna-Committee-Documents-on-Data-Protection.html,https://takshashila.org.in/content/team/ajay-patri.html,internal,404,http,HTTP 404,0,"[""links""]",2026-09-23T17:38:29Z
https://takshashila.org.in/content/publications/20181012-TPA-Comments-to-the-Draft-Personal-Data-Protection-Bill.html,https://takshashila.org.in/content/team/ajay-patri.html,internal,404,http,HTTP 404,0,"[""links""]",2026-09-23T17:38:29Z
https://takshashila.org.in/content/publications/20181204-TDD-Mobilised-Violence-MC-AP-DJ-2018-03.html,https://takshashila.org.in/content/team/divij-joshi.html,internal,404,http,HTTP 404,0,"[""links""]",2026-09-23T17:38:29Z
https://takshashila.org.in/content/publications/20181204-TDD-Mobilised-Violence-MC-AP-DJ-2018-03.html,https://takshashila.org.in/content/team/madhav-chandavarkar.html,internal,404,http,HTTP 404,0,"[""links""]",2026-09-23T17:38:29Z
https://takshashila.org.in/content/publications/20171231-framework-for-governing-human-gene-editing-in-india.html,https://takshashila.org.in/content/team/madhav-chandavarkar.html,internal,404,http,HTTP 404,0,"[""links""]",2026-09-23T17:38:29Z
https://takshashila.org.in/content/publications/20160609-TPA-Privatising-Film-Certification-MC-AA-SP-SG-2016-03.html,https://takshashila.org.in/content/team/madhav-chandavarkar.html,internal,404,http,HTTP 404,0,"[""links""]",2026-09-23T17:38:29Z
https://takshashila.org.in/content/publications/20161126-TDD-Defamation-Reform-MC-MV-2016-03.html,https://takshashila.org.in/content/team/madhav-chandavarkar.html,internal,404,http,HTTP 404,0,"[""links""]",2026-09-23T17:38:29Z
https://takshashila.org.in/content/publications/20180620-TSA-Impact-of-Pashtun-Tahafuz-Movement.html,https://takshashila.org.in/content/team/hamsini-hariharan.html,internal,404,http,HTTP 404,0,"[""links""]",2026-09-23T17:38:30Z
https://takshashila.org.in/content/publications/20180507-TSA-India-Bhutan-Relationships.html,https://takshashila.org.in/content/team/hamsini-hariharan.html,internal,404,http,HTTP 404,0,"[""links""]",2026-09-23T17:38:30Z
https://takshashila.org.in/content/publications/20180410-TSA-Political-Developments-in-Sri-Lanka.html,https://takshashila.org.in/content/team/hamsini-hariharan.html,internal,404,http,HTTP 404,0,"[""links""]",2026-09-23T17:38:30Z
https://takshashila.org.in/content/publications/20180510-TDS-Assessing-Chinas-Engagement-in-the-Indian-Subcontinent.html,https://takshashila.org.in/content/team/hamsini-hariharan.html,internal,404,http,HTTP 404,0,"[""links""]",2026-09-23T17:38:30Z
https://takshashila.org.in/content/publications/20180620-TSA-Impact-of-Pashtun-Tahafuz-Movement.html,https://takshashila.org.in/content/team/sudha-ramachandran.html,internal,404,http,HTTP 404,0,"[""links""]",2026-09-23T17:38:30Z
https://takshashila.org.in/content/publications/20180507-TSA-India-Bhutan-Relationships.html,https://takshashila.org.in/content/team/sudha-ramachandran.html,internal,404,http,HTTP 404,0,"[""links""]",2026-09-23T17:38:30Z
https://takshashila.org.in/content/publications/20180410-TSA-Political-Developments-in-Sri-Lanka.html,https://takshashila.org.in/content/team/sudha-ramachandran.html,internal,404,http,HTTP 404,0,"[""links""]",2026-09-23T17:38:30Z
https://takshashila.org.in/content/publications/20171018-Privacy-Security-and-Ownership-of-Data-in-the-Telecom-Sector.html,https://takshashila.org.in/content/team/manasa-venkataraman.html,internal,404,http,HTTP 404,0,"[""links""]",2026-09-23T17:38:30Z
https://takshashila.org.in/content/publications/20161130-TDD-Unaccounted-Income-AM-MV-2016-05-29-Nov1.html,https://takshashila.org.in/content/team/manasa-venkataraman.html,internal,404,http,HTTP 404,0,"[""links""]",2026-09-23T17:38:30Z
https://takshashila.org.in/content/publications/20170728-TDD-Beyond-Consent-Data-Protection.html,https://takshashila.org.in/content/team/manasa-venkataraman.html,internal,404,http,HTTP 404,0,"[""links""]",2026-09-23T17:38:30Z
https://takshashila.org.in/content/publications/20161126-TDD-Defamation-Reform-MC-MV-2016-03.html,https://takshashila.org.in/content/team/manasa-venkataraman.html,internal,404,http,HTTP 404,0,"[""links""]",2026-09-23T17:38:30Z
https://takshashila.org.in/content/publications/20171011-Charting-a-New-Framework-for-Data-Protection-in-India.html,https://takshashila.org.in/content/team/manasa-venkataraman.html,internal,404,http,HTTP 404,0,"[""links""]",2026-09-23T17:38:30Z
https://takshashila.org.in/content/publications/20180221-TPA-Data-Protection-Framework-for-India.html,https://takshashila.org.in/content/team/manasa-venkataraman.html,internal,404,http,HTTP 404,0,"[""links""]",2026-09-23T17:38:30Z
https://takshashila.org.in/content/publications/20180829-TBLP-Justice-Srikrishna-Committee-Documents-on-Data-Protection.html,https://takshashila.org.in/content/team/manasa-venkataraman.html,internal,404,http,HTTP 404,0,"[""links""]",2026-09-23T17:38:30Z
https://takshashila.org.in/content/publications/20181012-TPA-Comments-to-the-Draft-Personal-Data-Protection-Bill.html,https://takshashila.org.in/content/team/manasa-venkataraman.html,internal,404,http,HTTP 404,0,"[""links""]",2026-09-23T17:38:30Z
https://takshashila.org.in/content/publications/20171013-TDD-Governing-Gene-Editing.html,https://takshashila.org.in/content/publications/assets/10021-TBLP-A+Framework+for+Governing+Human+Gene+Editing+in+India,internal,404,http,HTTP 404,0,"[""links""]",2026-09-23T17:38:30Z
https://takshashila.org.in/content/publications/20171013-TDD-Governing-Gene-Editing.html,https://takshashila.org.in/content/team/madhav-chandravarkar.html,internal,404,http,HTTP 404,0,"[""links""]",2026-09-23T17:38:31Z
https://takshashila.org.in/content/publications/20170923-TPP-Governing-Gene-Editing.html,https://takshashila.org.in/content/team/madhav-chandravarkar.html,internal,404,http,HTTP 404,0,"[""links""]",2026-09-23T17:38:31Z
https://takshashila.org.in/content/publications/20171013-TDD-Governing-Gene-Editing.html,https://takshashila.org.in/content/team/shambhavi-n.html,internal,404,http,HTTP 404,0,"[""links""]",2026-09-23T17:38:31Z
https://takshashila.org.in/content/publications/20170612-Kaveri-Water-Management_Nidhi-Gupta.html,https://takshashila.org.in/content/team/nidhi-gupta.html,internal,404,http,HTTP 404,0,"[""links""]",2026-09-23T17:38:31Z
https://takshashila.org.in/content/publications/20161202-Diaspora-Evacuation-Roundtable.html,https://takshashila.org.in/content/team/guru-aiyar.html,internal,404,http,HTTP 404,0,"[""links""]",2026-09-23T17:38:32Z
https://takshashila.org.in/content/publications/20161129-TBLP-The-Role-of-Airpower-in-India's-National-Security.html,https://takshashila.org.in/content/team/guru-aiyar.html,internal,404,http,HTTP 404,0,"[""links""]",2026-09-23T17:38:32Z
https://takshashila.org.in/content/publications/20160810-Capacity%20Analysis-for-Evacuation-of-Indian-Diaspora.html,https://takshashila.org.in/content/team/guru-aiyar.html,internal,404,http,HTTP 404,0,"[""links""]",2026-09-23T17:38:32Z
https://takshashila.org.in/content/publications/20160609-TPA-Privatising-Film-Certification-MC-AA-SP-SG-2016-03.html,https://takshashila.org.in/content/team/guru-aiyar.html,internal,404,http,HTTP 404,0,"[""links""]",2026-09-23T17:38:32Z
https://takshashila.org.in/content/publications/20160218-India%E2%80%99s-Policy-towards-Myanmar.html,https://takshashila.org.in/content/team/guru-aiyar.html,internal,404,http,HTTP 404,0,"[""links""]",2026-09-23T17:38:32Z
https://takshashila.org.in/content/publications/20161129-the-role-of-airpower-in-indias-national-security.html,https://takshashila.org.in/content/team/guru-aiyar.html,internal,404,http,HTTP 404,0,"[""links""]",2026-09-23T17:38:32Z
https://takshashila.org.in/content/publications/20170917-TDC-The-other-Pakistan.html,https://takshashila.org.in/content/team/guru-aiyar.html,internal,404,http,HTTP 404,0,"[""links""]",2026-09-23T17:38:32Z
https://takshashila.org.in/content/publications/20160609-TPA-Privatising-Film-Certification-MC-AA-SP-SG-2016-03.html,https://takshashila.org.in/content/team/adhip-amin.html,internal,404,http,HTTP 404,0,"[""links""]",2026-09-23T17:38:32Z
https://takshashila.org.in/content/publications/20160609-TPA-Privatising-Film-Certification-MC-AA-SP-SG-2016-03.html,https://takshashila.org.in/content/team/devika-kher.html,internal,404,http,HTTP 404,0,"[""links""]",2026-09-23T17:38:32Z
https://takshashila.org.in/content/publications/20180705-A-Qualitative-and-Quantitative-Analysis-of-Public-Health-Expenditure-in-India.html,https://takshashila.org.in/content/team/devika-kher.html,internal,404,http,HTTP 404,0,"[""links""]",2026-09-23T17:38:32Z
https://takshashila.org.in/content/publications/20181219-TWP-Central-Transfers-on-Health.html,https://takshashila.org.in/content/team/devika-kher.html,internal,404,http,HTTP 404,0,"[""links""]",2026-09-23T17:38:32Z
https://takshashila.org.in/content/publications/20191219-TWP-Central-Transfers-on-Health-PK-DK-PS-AC-2018-03.html,https://takshashila.org.in/content/team/devika-kher.html,internal,404,http,HTTP 404,0,"[""links""]",2026-09-23T17:38:32Z
https://takshashila.org.in/content/publications/20160609-TPA-Privatising-Film-Certification-MC-AA-SP-SG-2016-03.html,https://takshashila.org.in/content/team/shikha-pathak.html,internal,404,http,HTTP 404,0,"[""links""]",2026-09-23T17:38:32Z
https://takshashila.org.in/content/publications/20160609-TPA-Privatising-Film-Certification-MC-AA-SP-SG-2016-03.html,https://takshashila.org.in/content/team/siddarth-gore.html,internal,404,http,HTTP 404,0,"[""links""]",2026-09-23T17:38:32Z
https://takshashila.org.in/content/publications/20160202-TPB-2016-02-SG-Pune-Parking.html,https://takshashila.org.in/content/team/siddarth-gore.html,internal,404,http,HTTP 404,0,"[""links""]",2026-09-23T17:38:32Z
https://takshashila.org.in/content/publications/20151210-A-Global-Climate-Change-Relocation-Insurance-Framework.html,https://takshashila.org.in/content/team/sarah-farooqi.html,internal,404,http,HTTP 404,0,"[""links""]",2026-09-23T17:38:32Z
https://takshashila.org.in/content/publications/20151210-A-Global-Climate-Change-Relocation-Insurance-Framework.html,https://takshashila.org.in/content/team/varun-ramachandra.html,internal,404,http,HTTP 404,0,"[""links""]",2026-09-23T17:38:33Z
https://takshashila.org.in/content/publications/20150826-TCS-Metronet-Implications-India-MA-2015-01.html,https://takshashila.org.in/content/team/varun-ramachandra.html,internal,404,http,HTTP 404,0,"[""links""]",2026-09-23T17:38:33Z
https://takshashila.org.in/content/publications/20150726-India-Pakistan-conflict-escalation-framework.html,https://takshashila.org.in/content/team/varun-ramachandra.html,internal,404,http,HTTP 404,0,"[""links""]",2026-09-23T17:38:33Z
https://takshashila.org.in/content/publications/20160809-Karnataka-Changing-Fiscal-Landscape-after-FFC.html,https://takshashila.org.in/content/team/varun-ramachandra.html,internal,404,http,HTTP 404,0,"[""links""]",2026-09-23T17:38:33Z
https://takshashila.org.in/content/publications/20150813-TDD-Economic-Social-Policy-Asher-2015-03.html,https://takshashila.org.in/content/team/mukul-g.-asher.html,internal,404,http,HTTP 404,0,"[""links""]",2026-09-23T17:38:33Z
https://takshashila.org.in/content/publications/20150826-TCS-Metronet-Implications-India-MA-2015-01.html,https://takshashila.org.in/content/team/mukul-g.-asher.html,internal,404,http,HTTP 404,0,"[""links""]",2026-09-23T17:38:33Z
https://takshashila.org.in/content/publications/20150417-Reforming-Public-Procurement-Legislation-in-India.html,https://takshashila.org.in/content/team/mukul-g.-asher.html,internal,404,http,HTTP 404,0,"[""links""]",2026-09-23T17:38:33Z
https://takshashila.org.in/content/publications/20151129-TCS-PFI-UK-SS-MA-2015-02.pdf.html,https://takshashila.org.in/content/team/mukul-g.-asher.html,internal,404,http,HTTP 404,0,"[""links""]",2026-09-23T17:38:33Z
https://takshashila.org.in/content/publications/20150713-India-Iran-Mapping-the-future.html,https://takshashila.org.in/content/team/sumitha-narayan-kutty.html,internal,404,http,HTTP 404,0,"[""links""]",2026-09-23T17:38:34Z
https://takshashila.org.in/content/publications/20141113-Risks-to-India%E2%80%99s-national-security-from-tensions-along-the-Iran-Pakistan-border.html,https://takshashila.org.in/content/team/sumitha-narayan-kutty.html,internal,404,http,HTTP 404,0,"[""links""]",2026-09-23T17:38:34Z
https://takshashila.org.in/content/publications/20150826-TCS-Metronet-Implications-India-MA-2015-01.html,https://takshashila.org.in/content/team/shahana-sheikh.html,internal,404,http,HTTP 404,0,"[""links""]",2026-09-23T17:38:34Z
https://takshashila.org.in/content/publications/20150417-Reforming-Public-Procurement-Legislation-in-India.html,https://takshashila.org.in/content/team/shahana-sheikh.html,internal,404,http,HTTP 404,0,"[""links""]",2026-09-23T17:38:34Z
https://takshashila.org.in/content/publications/20151129-TCS-PFI-UK-SS-MA-2015-02.pdf.html,https://takshashila.org.in/content/team/shahana-sheikh.html,internal,404,http,HTTP 404,0,"[""links""]",2026-09-23T17:38:34Z
https://takshashila.org.in/content/publications/20141027-TDD-Chinas-Economic-Outlook-in-2015.html,https://takshashila.org.in/content/team/v-anantha-nageswaran.html,internal,404,http,HTTP 404,0,"[""links""]",2026-09-23T17:38:34Z
https://takshashila.org.in/content/publications/20140707-Fiscal-Consolidation-is-Key-to-Economic-Growth.html,https://takshashila.org.in/content/team/v-anantha-nageswaran.html,internal,404,http,HTTP 404,0,"[""links""]",2026-09-23T17:38:34Z
https://takshashila.org.in/content/publications/20140729-Helping-Karnataka-Industries-Reach-New-Heights.html,https://takshashila.org.in/content/team/varsha-ramachandran.html,internal,404,http,HTTP 404,0,"[""links""]",2026-09-23T17:38:34Z
https://takshashila.org.in/content/publications/20140707-Fiscal-Consolidation-is-Key-to-Economic-Growth.html,https://takshashila.org.in/content/team/mukul-g-asher.html,internal,404,http,HTTP 404,0,"[""links""]",2026-09-23T17:38:34Z
https://takshashila.org.in/content/publications/20140707-Fiscal-Consolidation.html,https://takshashila.org.in/content/team/mukul-g-asher.html,internal,404,http,HTTP 404,0,"[""links""]",2026-09-23T17:38:34Z
https://takshashila.org.in/content/publications/20140312-Making-Indias-Labour-Market-More-Flexible.html,https://takshashila.org.in/content/team/hemal-shah.html,internal,404,http,HTTP 404,0,"[""links""]",2026-09-23T17:38:35Z
https://takshashila.org.in/content/publications/20130801-On-Labour-Law-Reforms-in-India.html,https://takshashila.org.in/content/team/hemal-shah.html,internal,404,http,HTTP 404,0,"[""links""]",2026-09-23T17:38:35Z
https://takshashila.org.in/content/publications/20130801-India-and-UN-Peacekeeping.html,https://takshashila.org.in/content/team/sushant-k-singh.html,internal,404,http,HTTP 404,0,"[""links""]",2026-09-23T17:38:35Z
https://takshashila.org.in/content/blogs/digging-deep.html,https://takshashila.org.in/content/publications/20250101-de-risking-indias-trade-with-china.qmd,internal,404,http,HTTP 404,0,"[""links""]",2026-09-23T17:38:35Z
https://takshashila.org.in/content/blogs/a-rally-for-trump-a-risk-for-republicans.html,https://takshashila.org.in/content/team/brig-anil-raman.html,internal,404,http,HTTP 404,0,"[""links""]",2026-09-23T17:38:36Z
https://takshashila.org.in/content/blogs/US-IRAN-A2-AD.html,https://takshashila.org.in/content/team/brig-anil-raman.html,internal,404,http,HTTP 404,0,"[""links""]",2026-09-23T17:38:36Z
https://takshashila.org.in/content/blogs/20260817-What-Satellite-Images-Dont-Tell-Us-And-How-Open-Sources-Help-Fill-the-Gaps.html,https://takshashila.org.in/content/team/ayoush.html,internal,404,http,HTTP 404,0,"[""links""]",2026-09-23T17:38:36Z
https://takshashila.org.in/content/blogs/20260803-Chinas-Air-Shield-Opposite-Ladakh.html,https://takshashila.org.in/content/team/ayoush.html,internal,404,http,HTTP 404,0,"[""links""]",2026-09-23T17:38:36Z
https://takshashila.org.in/content/blogs/20260731-editing-the-future-indias-quest.html,https://takshashila.org.in/content/blogs/assets/20260731-editing-the-future-indias-quest-for.pdf,internal,404,http,HTTP 404,0,"[""links""]",2026-09-23T17:40:42Z
https://takshashila.org.in/content/blogs/20260720-Available-Isnt-Accessible.html,https://takshashila.org.in/content/team/gopal-tomar.html,internal,404,http,HTTP 404,0,"[""links""]",2026-09-23T17:38:38Z
https://takshashila.org.in/content/blogs/20260621-The-Illusion-of-AI-Mapping-Intelligence.html,https://takshashila.org.in/content/team/gopal-tomar.html,internal,404,http,HTTP 404,0,"[""links""]",2026-09-23T17:38:38Z
https://takshashila.org.in/content/blogs/20260706-From-Map-Making-to-Map-Checking.html,https://takshashila.org.in/content/team/gopal-tomar.html,internal,404,http,HTTP 404,0,"[""links""]",2026-09-23T17:38:38Z
https://takshashila.org.in/content/blogs/20260803-How-an-Expert-Capsule-Course-Changed-the-Way-I-Think-About-Geospatial-Science.html,https://takshashila.org.in/content/team/gopal-tomar.html,internal,404,http,HTTP 404,0,"[""links""]",2026-09-23T17:38:38Z
https://takshashila.org.in/content/blogs/20260817-The-Coming-Era-of-Autonomous-Economies-AI-Agents-as-Workers-and-Consumers.html,https://takshashila.org.in/content/team/gopal-tomar.html,internal,404,http,HTTP 404,0,"[""links""]",2026-09-23T17:38:38Z
https://takshashila.org.in/content/blogs/20260921-Indias-AI-Challenge-Is-Bigger-Than-Just-GPUs.html,https://takshashila.org.in/content/team/gopal-tomar.html,internal,404,http,HTTP 404,0,"[""links""]",2026-09-23T17:38:38Z
https://takshashila.org.in/content/blogs/20260406-pax-silica.html,https://takshashila.org.in/content/blogs/%5Bhttps:/spanmag.state.gov/pax-silica-building-trusted-tech-alliances/%5D(https:/spanmag.state.gov/pax-silica-building-trusted-tech-alliances/),internal,404,http,HTTP 404,0,"[""links""]",2026-09-23T17:38:36Z
https://takshashila.org.in/content/blogs/20260331-india-pharmacy-world-drug-development.html,https://takshashila.org.in/content/team/soham-sankaran.html,internal,404,http,HTTP 404,0,"[""links""]",2026-09-23T17:38:36Z
https://takshashila.org.in/content/blogs/20260325-Mixed-Signals-Iran.html,https://takshashila.org.in/content/team/belliappa-c.s.html,internal,404,http,HTTP 404,0,"[""links""]",2026-09-23T17:38:36Z
https://takshashila.org.in/content/blogs/20260318-Iran-War.html,https://takshashila.org.in/content/team/belliappa-cs.html,internal,404,http,HTTP 404,0,"[""links""]",2026-09-23T17:38:37Z
https://takshashila.org.in/content/blogs/20260223-Nagara%E2%80%93The-Democracy-Game.html,https://takshashila.org.in/content/team/the-takshashila-institution.html,internal,404,http,HTTP 404,0,"[""links""]",2026-09-23T17:38:37Z
https://takshashila.org.in/content/blogs/20260204-Australia-Social-Media-Ban.html,https://takshashila.org.in/content/team/agastya-mohanty.html,internal,404,http,HTTP 404,0,"[""links""]",2026-09-23T17:38:37Z
https://takshashila.org.in/content/blogs/20260204-Social-norm-flipping.html,https://takshashila.org.in/content/team/agastya-mohanty.html,internal,404,http,HTTP 404,0,"[""links""]",2026-09-23T17:38:37Z
https://takshashila.org.in/content/blogs/20260121-IranAtATippingPoint.html,https://takshashila.org.in/content/team/ayush-hegde.html,internal,404,http,HTTP 404,0,"[""links""]",2026-09-23T17:38:37Z
https://takshashila.org.in/content/blogs/20260112-TheVenezuelanUpheveal.html,https://takshashila.org.in/content/team/ayush-hegde.html,internal,404,http,HTTP 404,0,"[""links""]",2026-09-23T17:38:37Z
https://takshashila.org.in/content/blogs/20260109-DrugSeizuresINDMYR.html,https://takshashila.org.in/content/team/ayush-hegde.html,internal,404,http,HTTP 404,0,"[""links""]",2026-09-23T17:38:37Z
https://takshashila.org.in/content/blogs/20251209-IUUFishingIndia.html,https://takshashila.org.in/content/team/ayush-hegde.html,internal,404,http,HTTP 404,0,"[""links""]",2026-09-23T17:38:37Z
https://takshashila.org.in/content/blogs/20251215-ai-in-legal-processes-lepf.html,https://takshashila.org.in/content/team/kabir-adkoli.html,internal,404,http,HTTP 404,0,"[""links""]",2026-09-23T17:38:38Z
https://takshashila.org.in/content/blogs/20251215-ai-in-legal-processes-lepf.html,https://takshashila.org.in/content/team/prakash-sankar.html,internal,404,http,HTTP 404,0,"[""links""]",2026-09-23T17:38:38Z
https://takshashila.org.in/content/blogs/20251209-Why%20Curriculum%20Matters%20More%20Than%20Degree%20Titles.html,https://takshashila.org.in/content/team/dr.%C2%A0y-nithiyanandam.html,internal,404,http,HTTP 404,0,"[""links""]",2026-09-23T17:38:38Z
https://takshashila.org.in/content/blogs/20250724-When-legends-are-born.html,https://takshashila.org.in/content/team/vikrant-shinde.html,internal,404,http,HTTP 404,0,"[""links""]",2026-09-23T17:38:38Z
https://takshashila.org.in/content/publications/20260722-accelerating-tactical-drone-procurement-for.html,https://takshashila.org.in/content/team/vikrant-shinde.html,internal,404,http,HTTP 404,0,"[""links""]",2026-09-23T17:38:38Z
https://takshashila.org.in/content/blogs/2025-07-30-US-China-Tech-Rivalry.html,https://takshashila.org.in/content/team/kashish-parpiani.html,internal,404,http,HTTP 404,0,"[""links""]",2026-09-23T17:38:39Z
https://takshashila.org.in/content/blogs/2025-12-11-Adaptive-Tech-Strategies-US-China.html,https://takshashila.org.in/content/team/kashish-parpiani.html,internal,404,http,HTTP 404,0,"[""links""]",2026-09-23T17:38:39Z
https://takshashila.org.in/content/blogs/20250515-Misinformation-Online-LEPF.html,https://takshashila.org.in/content/team/bushara-bano.html,internal,404,http,HTTP 404,0,"[""links""]",2026-09-23T17:38:39Z
https://takshashila.org.in/content/blogs/20250515-Misinformation-Online-LEPF.html,https://takshashila.org.in/content/team/charu-chadha.html,internal,404,http,HTTP 404,0,"[""links""]",2026-09-23T17:38:39Z
https://takshashila.org.in/content/blogs/20250515-Misinformation-Online-LEPF.html,https://takshashila.org.in/content/team/dr.%C2%A0mohit-nayal.html,internal,404,http,HTTP 404,0,"[""links""]",2026-09-23T17:38:39Z
https://takshashila.org.in/content/blogs/20250515-Misinformation-Online-LEPF.html,https://takshashila.org.in/content/team/dr.%C2%A0naveen-kumar-singh.html,internal,404,http,HTTP 404,0,"[""links""]",2026-09-23T17:38:40Z
https://takshashila.org.in/content/blogs/20250515-Misinformation-Online-LEPF.html,https://takshashila.org.in/content/team/shipra-bihani.html,internal,404,http,HTTP 404,0,"[""links""]",2026-09-23T17:38:40Z
https://takshashila.org.in/content/blogs/20250515-Misinformation-Online-LEPF.html,https://takshashila.org.in/content/team/shivashish-narayan.html,internal,404,http,HTTP 404,0,"[""links""]",2026-09-23T17:38:40Z
https://takshashila.org.in/content/blogs/20250523-Plugging-the-Leak-LEPF.html,https://takshashila.org.in/content/team/devina-sikdar.html,internal,404,http,HTTP 404,0,"[""links""]",2026-09-23T17:38:41Z
https://takshashila.org.in/content/blogs/20250523-Plugging-the-Leak-LEPF.html,https://takshashila.org.in/content/team/ragini-thakur.html,internal,404,http,HTTP 404,0,"[""links""]",2026-09-23T17:38:41Z
https://takshashila.org.in/content/blogs/20250523-Plugging-the-Leak-LEPF.html,https://takshashila.org.in/content/team/samyak-s.html,internal,404,http,HTTP 404,0,"[""links""]",2026-09-23T17:38:41Z
https://takshashila.org.in/content/blogs/2026-02-16-America-First-Global-Health.html,https://takshashila.org.in/content/team/kumari-krishna.html,internal,404,http,HTTP 404,0,"[""links""]",2026-09-23T17:38:42Z
https://takshashila.org.in/content/publications/20260123-China-Politburo-Meetings-Study-Sessions-2025.html,https://takshashila.org.in/content/team/kumari-krishna.html,internal,404,http,HTTP 404,0,"[""links""]",2026-09-23T17:38:42Z
https://takshashila.org.in/content/blogs/20260116-Operation-%20Absolute-Resolve%20-Shaping-the-%20Battlefield.html,https://takshashila.org.in/content/team/col-belliappa-cs.html,internal,404,http,HTTP 404,0,"[""links""]",2026-09-23T17:38:42Z
https://takshashila.org.in/content/blogs/20260622-From-Policy-to-Law-The-Future-of-Geospatial-Governance-in-India.html,https://takshashila.org.in/content/team/devyani-rao.html,internal,404,http,HTTP 404,0,"[""links""]",2026-09-23T17:38:42Z
https://takshashila.org.in/content/blogs/Defence-PSC-Mar-2026.html,https://takshashila.org.in/content/blogs/sansad.in,internal,404,http,HTTP 404,0,"[""links""]",2026-09-23T17:38:42Z
https://takshashila.org.in/content/blogs/review-pakistan-between-mosque-military.html,https://takshashila.org.in/content/team/agastya-anand.html,internal,404,http,HTTP 404,0,"[""links""]",2026-09-23T17:38:42Z
https://takshashila.org.in/content/blogs/trends-us-ai-governance.html,https://takshashila.org.in/content/team/agastya-anand.html,internal,404,http,HTTP 404,0,"[""links""]",2026-09-23T17:38:42Z
https://takshashila.org.in/content/publications/20130710-Indias-Central-Monitoring-System.html,https://takshashila.org.in/content/team/rohan-joshi.html,internal,404,http,HTTP 404,0,"[""links""]",2026-09-23T17:38:43Z
https://takshashila.org.in/content/publications/20160109-Sustained-Dialogue-Process-as-India%E2%80%99s-Pakistan-Policy.html,https://takshashila.org.in/content/team/rohan-joshi.html,internal,404,http,HTTP 404,0,"[""links""]",2026-09-23T17:38:43Z
https://takshashila.org.in/content/publications/20140629-TDD-Resolving-Indo-Bangladesh-Maritime-Dispute.html,https://takshashila.org.in/content/team/piyush-singh.html,internal,404,http,HTTP 404,0,"[""links""]",2026-09-23T17:38:43Z
https://takshashila.org.in/content/publications/20140707-Fiscal-Consolidation.html,https://takshashila.org.in/content/team/v.-anantha-nageswaran.html,internal,404,http,HTTP 404,0,"[""links""]",2026-09-23T17:38:43Z
https://takshashila.org.in/content/publications/20141027-China-Economic-Outlook-in-2015.html,https://takshashila.org.in/content/team/v.-anantha-nageswaran.html,internal,404,http,HTTP 404,0,"[""links""]",2026-09-23T17:38:43Z
https://takshashila.org.in/content/publications/20150824-US-containment-of-China's-influence.html,https://takshashila.org.in/content/team/v.-anantha-nageswaran.html,internal,404,http,HTTP 404,0,"[""links""]",2026-09-23T17:38:43Z
https://takshashila.org.in/content/publications/20150417-Reforming-Public-Procurement-Legislation-in-India.html,https://takshashila.org.in/content/team/tarun-sharma.html,internal,404,http,HTTP 404,0,"[""links""]",2026-09-23T17:38:43Z
https://takshashila.org.in/content/publications/20141120-A-Survey-of-India%E2%80%99s-Energy-Prospects-in-the-Middle-East-Region.html,https://takshashila.org.in/content/team/kabir-taneja.html,internal,404,http,HTTP 404,0,"[""links""]",2026-09-23T17:38:43Z
https://takshashila.org.in/content/publications/20160218-India%E2%80%99s-Policy-towards-Myanmar.html,https://takshashila.org.in/content/team/priya-ravichandran.html,internal,404,http,HTTP 404,0,"[""links""]",2026-09-23T17:38:44Z
https://takshashila.org.in/content/publications/20161129-the-role-of-airpower-in-indias-national-security.html,https://takshashila.org.in/content/publications/assets/60036-TBLP-The-Role-of-Airpower-in-Indias-National-Security.pdf,internal,404,http,HTTP 404,0,"[""links""]",2026-09-23T17:40:45Z
https://takshashila.org.in/content/publications/20171219-TWP-Differentiating-Unintended-Consequences-From-Unanticipated-Ones-A-Policy-Framework-VKS-PK-2017-02.html,https://takshashila.org.in/content/team/dr.%C2%A0vinay-k.-singh.html,internal,404,http,HTTP 404,0,"[""links""]",2026-09-23T17:38:44Z
https://takshashila.org.in/content/publications/20181219-TWP-Central-Transfers-on-Health.html,https://takshashila.org.in/content/team/aashish-chajjer.html,internal,404,http,HTTP 404,0,"[""links""]",2026-09-23T17:38:44Z
https://takshashila.org.in/content/publications/20190409-TDS-The-Kra-Canal-What-Does-It-Mean-For-India.html,https://takshashila.org.in/content/team/kunal-kini.html,internal,404,http,HTTP 404,0,"[""links""]",2026-09-23T17:38:44Z
https://takshashila.org.in/content/publications/20190814-TDD-Kashmir-The-Way-Forward.html,https://takshashila.org.in/content/team/by-takshashila%E2%80%99s-strategic-studies-programme.html,internal,404,http,HTTP 404,0,"[""links""]",2026-09-23T17:38:45Z
https://takshashila.org.in/content/publications/20190924-Comments-on-the-National-Guidelines-for-Gene-Therapy-Product-Development-and-Clinical-Trials.html,https://takshashila.org.in/content/publications/assetsComments-on-the-National-Guidelines-for-Gene-Therapy-Product-Development-and-Clinical-Trials.pdf,internal,404,http,HTTP 404,0,"[""links""]",2026-09-23T17:40:45Z
https://takshashila.org.in/content/publications/20200108-PRC-Influence-on-Taiwan-Polity.html,https://takshashila.org.in/content/team/shivam-k.-mani.html,internal,404,http,HTTP 404,0,"[""links""]",2026-09-23T17:38:45Z
https://takshashila.org.in/content/publications/20200418-TPA-National-Reopening-V1.0.pdf.html,"https://takshashila.org.in/content/team/anil-shetty,-social-entrepreneur.html",internal,404,http,HTTP 404,0,"[""links""]",2026-09-23T17:38:45Z
https://takshashila.org.in/content/publications/20200418-TPA-National-Reopening-V1.0.pdf.html,"https://takshashila.org.in/content/team/bhavish-aggarwal-(ceo,-ola).html",internal,404,http,HTTP 404,0,"[""links""]",2026-09-23T17:38:45Z
https://takshashila.org.in/content/publications/20200418-TPA-National-Reopening-V1.0.pdf.html,"https://takshashila.org.in/content/team/hari-menon-(founder,-bigbasket).html",internal,404,http,HTTP 404,0,"[""links""]",2026-09-23T17:38:46Z
https://takshashila.org.in/content/publications/20200418-TPA-National-Reopening-V1.0.pdf.html,"https://takshashila.org.in/content/team/kiran-mazumdar-shaw,-(chairperson,-biocon).html",internal,404,http,HTTP 404,0,"[""links""]",2026-09-23T17:38:46Z
https://takshashila.org.in/content/publications/20200418-TPA-National-Reopening-V1.0.pdf.html,"https://takshashila.org.in/content/team/kris-gopalakrishnan-(chairman,-axilor-ventures).html",internal,404,http,HTTP 404,0,"[""links""]",2026-09-23T17:38:46Z
https://takshashila.org.in/content/publications/20200418-TPA-National-Reopening-V1.0.pdf.html,"https://takshashila.org.in/content/team/prashanth-prakash-(partner,-accel).html",internal,404,http,HTTP 404,0,"[""links""]",2026-09-23T17:38:46Z
https://takshashila.org.in/content/publications/20200418-TPA-National-Reopening-V1.0.pdf.html,"https://takshashila.org.in/content/team/revathy-ashok-(ceo,-b.pac).html",internal,404,http,HTTP 404,0,"[""links""]",2026-09-23T17:38:47Z
https://takshashila.org.in/content/publications/20200418-TPA-National-Reopening-V1.0.pdf.html,https://takshashila.org.in/content/team/rk-misra-(carnegie-india).html,internal,404,http,HTTP 404,0,"[""links""]",2026-09-23T17:38:47Z
https://takshashila.org.in/content/publications/20200903-Supplementing-Policing-Capacity-for-COVID-19-Duties.html,https://takshashila.org.in/content/team/pm-heblikar.html,internal,404,http,HTTP 404,0,"[""links""]",2026-09-23T17:38:47Z
https://takshashila.org.in/content/publications/20200919-States-Migrant-Workers-and-the-Pandemic.html,https://takshashila.org.in/content/team/ananya-rao.html,internal,404,http,HTTP 404,0,"[""links""]",2026-09-23T17:38:48Z
https://takshashila.org.in/content/publications/20200922-BRI-in-Post-Covid-World.pdf.html,https://takshashila.org.in/content/publications/assets/BRI-in-Post-Covid-World.pdf.pdf,internal,404,http,HTTP 404,0,"[""links""]",2026-09-23T17:40:45Z
https://takshashila.org.in/content/publications/20200922-BRI-in-Post-Covid-World.pdf.html,https://takshashila.org.in/content/team/agastya-bhatia.html,internal,404,http,HTTP 404,0,"[""links""]",2026-09-23T17:38:48Z
https://takshashila.org.in/content/publications/20201419-TSA-Saudi-Russia-Oil-AR-AK-AM-v1.0.pdf.html,https://takshashila.org.in/content/publications/assets/TSA-Saudi-Russia-Oil-AR-AK-AM-v1.0.pdf,internal,404,http,HTTP 404,0,"[""links""]",2026-09-23T17:40:44Z
https://takshashila.org.in/content/publications/20210104-China-India-Doklam-in-2020.html,https://takshashila.org.in/content/team/lt-gen-(dr)-prakash-menon.html,internal,404,http,HTTP 404,0,"[""links""]",2026-09-23T17:38:48Z
https://takshashila.org.in/content/publications/20211002-Indias-Path-to-Power.html,https://takshashila.org.in/content/team/lt-gen-(dr)-prakash-menon.html,internal,404,http,HTTP 404,0,"[""links""]",2026-09-23T17:38:48Z
https://takshashila.org.in/content/publications/20210311-comments-to-parliamentary-standing-committee-on-science-and-technology-environment-forests-and-climate-change-on-demand-for-grants-dfgs-in-the-budget-for-fy-2021-22.html,"https://takshashila.org.in/content/team/pradeep-mohandas,.html",internal,404,http,HTTP 404,0,"[""links""]",2026-09-23T17:38:48Z
https://takshashila.org.in/content/publications/20210311-comments-to-parliamentary-standing-committee-on-science-and-technology-environment-forests-and-climate-change-on-demand-for-grants-dfgs-in-the-budget-for-fy-2021-22.html,"https://takshashila.org.in/content/team/pranathi-rao,.html",internal,404,http,HTTP 404,0,"[""links""]",2026-09-23T17:38:49Z
https://takshashila.org.in/content/publications/20210311-comments-to-parliamentary-standing-committee-on-science-and-technology-environment-forests-and-climate-change-on-demand-for-grants-dfgs-in-the-budget-for-fy-2021-22.html,"https://takshashila.org.in/content/team/sarthak-pradhan,.html",internal,404,http,HTTP 404,0,"[""links""]",2026-09-23T17:38:49Z
https://takshashila.org.in/content/publications/20210311-comments-to-parliamentary-standing-committee-on-science-and-technology-environment-forests-and-climate-change-on-demand-for-grants-dfgs-in-the-budget-for-fy-2021-22.html,"https://takshashila.org.in/content/team/shambhavi-naik,.html",internal,404,http,HTTP 404,0,"[""links""]",2026-09-23T17:38:50Z
https://takshashila.org.in/content/publications/20210407-Chinas-Nuclear-Ambiguity-and-its-Impact-on-India.html,https://takshashila.org.in/content/team/kartik-bommakanti.html,internal,404,http,HTTP 404,0,"[""links""]",2026-09-23T17:38:49Z
https://takshashila.org.in/content/publications/20210726-TWP-Governance-of-DCNs-1-Harms-Categorisation.html,https://takshashila.org.in/content/team/vishal-ramprasad.html,internal,404,http,HTTP 404,0,"[""links""]",2026-09-23T17:38:49Z
https://takshashila.org.in/content/publications/20210809-indias-semiconductor-ecosystem-swot-analysis.html,https://takshashila.org.in/content/team/amol-sarin.html,internal,404,http,HTTP 404,0,"[""links""]",2026-09-23T17:38:50Z
https://takshashila.org.in/content/publications/20210915-TIB-Biobanking-policies-in-India.html,https://takshashila.org.in/content/team/majulika-vaz.html,internal,404,http,HTTP 404,0,"[""links""]",2026-09-23T17:38:50Z
https://takshashila.org.in/content/publications/20211013-India-Russia-Space-Cooperation-A-Way-Forward.html,https://takshashila.org.in/content/team/andrey-gubin.html,internal,404,http,HTTP 404,0,"[""links""]",2026-09-23T17:38:50Z
https://takshashila.org.in/content/publications/20211103-Scenarios-for-Cross-Strait-Tensions.html,https://takshashila.org.in/content/publications/assest/Scenarios-for-Cross-Strait-Tensions.pdf,internal,404,http,HTTP 404,0,"[""links""]",2026-09-23T17:40:44Z
https://takshashila.org.in/content/publications/20220613-Takshashila-Techno-Strategic-Doctrine.html,https://takshashila.org.in/content/team/by-the-takshashila-high-tech-geopolitics-department.html,internal,404,http,HTTP 404,0,"[""links""]",2026-09-23T17:38:51Z
https://takshashila.org.in/content/publications/20220722-Restarting-the-Post-Pandemic-Indian-Economy.html,https://takshashila.org.in/content/team/aparna-pande.html,internal,404,http,HTTP 404,0,"[""links""]",2026-09-23T17:38:51Z
https://takshashila.org.in/content/publications/20240909-us-india-economic-ties-recommendations.html,https://takshashila.org.in/content/team/aparna-pande.html,internal,404,http,HTTP 404,0,"[""links""]",2026-09-23T17:38:51Z
https://takshashila.org.in/content/publications/20220822-NPT-RevCon-Shows-Why-NPT-Should-Give-Way-to-Global-No-First-Use-Policy.html,https://takshashila.org.in/research/takshashila-discussion-document-nuclear-no-first-use-a-critique,internal,404,http,HTTP 404,0,"[""links""]",2026-09-23T17:38:51Z
https://takshashila.org.in/content/publications/20220905-Public-Access-to-Knowledge-Resources.html,https://takshashila.org.in/blogs/a-new-model-for-equitable-access-to-scientific-publications-for-indians?rq=journals,internal,404,http,HTTP 404,0,"[""links""]",2026-09-23T17:38:51Z
https://takshashila.org.in/content/publications/20220905-Public-Access-to-Knowledge-Resources.html,https://takshashila.org.in/research/takshashila-policy-advisory-making-publicly-funded-research-accessible-to-the-public,internal,404,http,HTTP 404,0,"[""links""]",2026-09-23T17:38:51Z
https://takshashila.org.in/content/publications/20221003-Biotechnology-Initiative-for-India.html,https://takshashila.org.in/research/the-case-for-quad-co-operation-in-biotechnology,internal,404,http,HTTP 404,0,"[""links""]",2026-09-23T17:38:52Z
https://takshashila.org.in/content/publications/20230509-The-Quad-Agenda-for-Semiconductors-Biotechnology-and-Space.html,https://takshashila.org.in/research/the-case-for-quad-co-operation-in-biotechnology,internal,404,http,HTTP 404,0,"[""links""]",2026-09-23T17:38:52Z
https://takshashila.org.in/content/publications/20221012-Womens-Labour-Force-Participation.html,https://takshashila.org.in/content/team/sudisha-mishra.html,internal,404,http,HTTP 404,0,"[""links""]",2026-09-23T17:38:52Z
https://takshashila.org.in/content/publications/20230504-Improving-Ease-of-Doing-Business.html,https://takshashila.org.in/content/team/sudisha-mishra.html,internal,404,http,HTTP 404,0,"[""links""]",2026-09-23T17:38:52Z
https://takshashila.org.in/content/publications/20221130-china-zero-covid-policy-and-protests.html,https://takshashila.org.in/content/publications/assets/china-zero-covid-policy-and-protests.pdf,internal,404,http,HTTP 404,0,"[""links""]",2026-09-23T17:40:48Z
https://takshashila.org.in/content/publications/20230105-Enhancing-India%E2%80%93EU-Engagement-on-Meta-Critical-Technologies-A-Case-for-Collaboration-on-Semiconductors.html,https://takshashila.org.in/content/publications/assets/Enhancing-India%E2%80%93EU-Engagement-on-Meta-Critical-Technologies-A-Case-for-Collaboration-on-Semiconductors.pdf,internal,404,http,HTTP 404,0,"[""links""]",2026-09-23T17:40:48Z
https://takshashila.org.in/content/publications/20230314-Rebooting-AI-in-India.html,https://takshashila.org.in/content/publications/assets/Enhancing-India%E2%80%93EU-Engagement-on-Meta-Critical-Technologies-A-Case-for-Collaboration-on-Semiconductors.pdf,internal,404,http,HTTP 404,0,"[""links""]",2026-09-23T17:40:48Z
https://takshashila.org.in/content/publications/20230109-TSA-Heritable-gene-editing.html,https://takshashila.org.in/content/team/shambavi-naik.html,internal,404,http,HTTP 404,0,"[""links""]",2026-09-23T17:38:52Z
https://takshashila.org.in/content/publications/20230320-AI-Race-AI-Hardware.html,https://takshashila.org.in/research/an-ai-hardware-ecosystem-in-india-a-swot-analysis,internal,404,http,HTTP 404,0,"[""links""]",2026-09-23T17:38:52Z
https://takshashila.org.in/content/publications/20230320-AI-Race-AI-Hardware.html,https://takshashila.org.in/research/an-open-tech-strategy-for-india,internal,404,http,HTTP 404,0,"[""links""]",2026-09-23T17:38:53Z
https://takshashila.org.in/content/publications/20230320-AI-Race-AI-Hardware.html,https://takshashila.org.in/research/china-quest-for-ai-leadership,internal,404,http,HTTP 404,0,"[""links""]",2026-09-23T17:38:53Z
https://takshashila.org.in/content/publications/20230320-AI-Race-AI-Hardware.html,https://takshashila.org.in/research/putting-india-on-the-road-to-becoming-an-ai-superpower,internal,404,http,HTTP 404,0,"[""links""]",2026-09-23T17:38:53Z
https://takshashila.org.in/content/publications/20230320-AI-Race-AI-Hardware.html,https://takshashila.org.in/research/rebooting-ai-india,internal,404,http,HTTP 404,0,"[""links""]",2026-09-23T17:38:53Z
https://takshashila.org.in/content/publications/20230320-AI-Race-AI-Hardware.html,https://takshashila.org.in/research/takshashila-working-paper-high-technology-geopolitics-in-the-post-pandemic-world,internal,404,http,HTTP 404,0,"[""links""]",2026-09-23T17:38:54Z
https://takshashila.org.in/content/publications/20230509-The-Quad-Agenda-for-Semiconductors-Biotechnology-and-Space.html,https://takshashila.org.in/research/isas-working-paper-siliconpolitik-the-case-for-a-quad-semiconductor-partnership,internal,404,http,HTTP 404,0,"[""links""]",2026-09-23T17:38:54Z
https://takshashila.org.in/content/publications/20230509-The-Quad-Agenda-for-Semiconductors-Biotechnology-and-Space.html,https://takshashila.org.in/research/takshashila-discussion-document-quad-space-station,internal,404,http,HTTP 404,0,"[""links""]",2026-09-23T17:38:54Z
https://takshashila.org.in/content/publications/20230509-The-Quad-Agenda-for-Semiconductors-Biotechnology-and-Space.html,https://takshashila.org.in/research/the-quad-should-commit-to-a-bio-hub-in-india,internal,404,http,HTTP 404,0,"[""links""]",2026-09-23T17:38:54Z
https://takshashila.org.in/content/publications/20230516-An-Comparative-Study-of-State-Rules-Based-on-the-Biological-Diversity-Act-2002.pdf.html,https://takshashila.org.in/content/team/adithi-gurkar.html,internal,404,http,HTTP 404,0,"[""links""]",2026-09-23T17:38:55Z
https://takshashila.org.in/content/publications/20230516-An-Comparative-Study-of-State-Rules-Based-on-the-Biological-Diversity-Act-2002.pdf.html,https://takshashila.org.in/content/team/atul-kumar-gupta.html,internal,404,http,HTTP 404,0,"[""links""]",2026-09-23T17:38:55Z
https://takshashila.org.in/content/publications/20230516-An-Comparative-Study-of-State-Rules-Based-on-the-Biological-Diversity-Act-2002.pdf.html,https://takshashila.org.in/content/team/rahul-rajasekar.html,internal,404,http,HTTP 404,0,"[""links""]",2026-09-23T17:38:55Z
https://takshashila.org.in/content/publications/20230726-Reform-the-Censor-Board.html,https://takshashila.org.in/research/privatising-film-certification-towards-a-modern-film-rating-regime,internal,404,http,HTTP 404,0,"[""links""]",2026-09-23T17:38:56Z
https://takshashila.org.in/content/publications/20231204-wastewater-surveillance-for-disease-epidemiology.html,https://takshashila.org.in/content/team/shyamala-t.html,internal,404,http,HTTP 404,0,"[""links""]",2026-09-23T17:38:56Z
https://takshashila.org.in/content/publications/20231204-wastewater-surveillance-for-disease-epidemiology.html,https://takshashila.org.in/content/team/varsha-shridhar.html,internal,404,http,HTTP 404,0,"[""links""]",2026-09-23T17:38:56Z
https://takshashila.org.in/content/publications/20240311-AI-Impact-Governance.html,https://takshashila.org.in/content/team/satya-s-sahu.html,internal,404,http,HTTP 404,0,"[""links""]",2026-09-23T17:38:56Z
https://takshashila.org.in/content/publications/20240416-Financial-Flows-of-the-Blue-Continent.html,https://takshashila.org.in/content/team/josiah-w-neal.html,internal,404,http,HTTP 404,0,"[""links""]",2026-09-23T17:38:56Z
https://takshashila.org.in/content/publications/20240711-chinas-third-plenum.html,https://takshashila.org.in/content/team/authored-by-the-indo-pacific-studies-programme.html,internal,404,http,HTTP 404,0,"[""links""]",2026-09-23T17:38:57Z
https://takshashila.org.in/content/publications/20241218-jet-engines.html,https://takshashila.org.in/content/team/avinash-shet.html,internal,404,http,HTTP 404,0,"[""links""]",2026-09-23T17:38:57Z
https://takshashila.org.in/content/publications/20250127-decoding-chinas-approach-to-de-escalation.html,https://takshashila.org.in/content/publications/assests/20250127-decoding-chinas-approach-to-de-escalation.pdf,internal,404,http,HTTP 404,0,"[""links""]",2026-09-23T17:40:48Z
https://takshashila.org.in/content/publications/20250330-future-of-india-us-trade.html,https://takshashila.org.in/content/publications/20250330-future-of-india-us-trade.pdf,internal,404,http,HTTP 404,0,"[""links""]",2026-09-23T17:40:45Z
https://takshashila.org.in/content/publications/20250330-future-of-india-us-trade.html,https://takshashila.org.in/content/team/shikha-tomar.html,internal,404,http,HTTP 404,0,"[""links""]",2026-09-23T17:38:57Z
https://takshashila.org.in/content/publications/20250925-Ethical-Frameworks-for-Deployment-of-Synthetic-Biology.html,https://takshashila.org.in/content/team/henry-dixson.html,internal,404,http,HTTP 404,0,"[""links""]",2026-09-23T17:38:58Z
https://takshashila.org.in/content/publications/20250925-Ethical-Frameworks-for-Deployment-of-Synthetic-Biology.html,https://takshashila.org.in/content/team/shambhav-naik.html,internal,404,http,HTTP 404,0,"[""links""]",2026-09-23T17:38:58Z
https://takshashila.org.in/content/publications/20251017-LEPF-Policy-Brief-AI-Based-Facial-Recognition-Technology-in-Operational-Policing.html,https://takshashila.org.in/content/team/madhukumar-s.html,internal,404,http,HTTP 404,0,"[""links""]",2026-09-23T17:38:58Z
https://takshashila.org.in/content/publications/20251017-LEPF-Policy-Brief-AI-Based-Facial-Recognition-Technology-in-Operational-Policing.html,https://takshashila.org.in/content/team/parthasarathy-c-r.html,internal,404,http,HTTP 404,0,"[""links""]",2026-09-23T17:38:58Z
https://takshashila.org.in/content/publications/20251103-LEPF-Policy-Brief-AI-Assisted-FIR-Registration.html,https://takshashila.org.in/content/team/kartik-singh.html,internal,404,http,HTTP 404,0,"[""links""]",2026-09-23T17:38:58Z
https://takshashila.org.in/content/publications/20251103-LEPF-Policy-Brief-AI-Assisted-FIR-Registration.html,https://takshashila.org.in/content/team/megha-nambiar.html,internal,404,http,HTTP 404,0,"[""links""]",2026-09-23T17:38:59Z
https://takshashila.org.in/content/publications/20251114-Nuclear-Testing.html,"https://takshashila.org.in/content/publications/www.armscontrol.org,%20n.d.%20https:/www.armscontrol.org/act/1999-09/press-releases/senate-rejects-comprehensive-test-ban-treaty-clinton-vows-continue.",internal,404,http,HTTP 404,0,"[""links""]",2026-09-23T17:38:59Z
https://takshashila.org.in/content/publications/20251121-juggernaut-or-embers-of-a-dying-fire.html,https://takshashila.org.in/content/publications/%5Bhttps:/cset.georgetown.edu/publication/understanding-chinese-government-guidance-funds/%5D(https:/cset.georgetown.edu/publication/understanding-chinese-government-guidance-funds/),internal,404,http,HTTP 404,0,"[""links""]",2026-09-23T17:38:59Z
https://takshashila.org.in/content/publications/20251121-juggernaut-or-embers-of-a-dying-fire.html,https://takshashila.org.in/content/publications/%5Bhttps:/www.bloomberg.com/features/2023-china-ev-graveyards/%5D(https:/www.bloomberg.com/features/2023-china-ev-graveyards/),internal,404,http,HTTP 404,0,"[""links""]",2026-09-23T17:39:00Z
https://takshashila.org.in/content/publications/20251121-juggernaut-or-embers-of-a-dying-fire.html,https://takshashila.org.in/content/publications/%5Bhttps:/www.gov.cn/xinwen/2019-08/28/content_5425310.htm%5D(https:/www.gov.cn/xinwen/2019-08/28/content_5425310.htm)%E2%80%9D2019),internal,404,http,HTTP 404,0,"[""links""]",2026-09-23T17:39:00Z
https://takshashila.org.in/content/publications/20251121-juggernaut-or-embers-of-a-dying-fire.html,https://takshashila.org.in/content/publications/%5Bhttps:/www.technologyreview.com/2025/03/26/1113802/china-ai-data-centers-unused/%5D(https:/www.technologyreview.com/2025/03/26/1113802/china-ai-data-centers-unused/),internal,404,http,HTTP 404,0,"[""links""]",2026-09-23T17:39:01Z
https://takshashila.org.in/content/publications/20251121-juggernaut-or-embers-of-a-dying-fire.html,https://takshashila.org.in/research/chinas-quest-for-innovation-and-technological-advancement,internal,404,http,HTTP 404,0,"[""links""]",2026-09-23T17:39:01Z
https://takshashila.org.in/content/publications/20251215-regionalisation-of-the-indian-rupee.html,https://takshashila.org.in/content/publications/assets/20251215-regionalisation-of-the-indian-rupee-2.pdf,internal,404,http,HTTP 404,0,"[""links""]",2026-09-23T17:40:47Z
https://takshashila.org.in/content/publications/20251215-regionalisation-of-the-indian-rupee.html,"https://takshashila.org.in/content/publications/,https:/thefinancialexpress.com.bd/economy/bangladesh/reserves-fall-as-bb-funnels-huge-dollars-into-banks.",internal,404,http,HTTP 404,0,"[""links""]",2026-09-23T17:39:01Z
https://takshashila.org.in/content/publications/20260412-Starlink-and-Risks-For-India.html,https://takshashila.org.in/content/team/col.-das-(retd.).html,internal,404,http,HTTP 404,0,"[""links""]",2026-09-23T17:39:01Z
https://takshashila.org.in/content/publications/china-epc-renewable-18092025.html,https://takshashila.org.in/content/publications/assets%5Cchina-epc-renewable-18092025.pdf,internal,404,http,HTTP 404,0,"[""links""]",2026-09-23T17:40:45Z
https://takshashila.org.in/content/team/dr-y-nithiyanandam.html,https://takshashila.org.in/pages/publications.qmd,internal,404,http,HTTP 404,0,"[""links""]",2026-09-23T17:39:01Z
https://takshashila.org.in/content/team/pranay-kotasthane.html,https://takshashila.org.in/content/team/content/books/missing-in-action.html,internal,404,http,HTTP 404,0,"[""links""]",2026-09-23T17:39:01Z
https://takshashila.org.in/content/team/pranay-kotasthane.html,https://takshashila.org.in/content/team/content/books/we-the-citizens.html,internal,404,http,HTTP 404,0,"[""links""]",2026-09-23T17:39:02Z
https://takshashila.org.in/content/team/shobhankita-reddy.html,https://takshashila.org.in/content/team/www.moneycontrol.com/news/opinion/china-s-laissez-faire-approach-to-cutting-edge-medical-technology-has-set-the-cat-among-the-pigeons-14021687.html,internal,404,http,HTTP 404,0,"[""links""]",2026-09-23T17:39:03Z
https://takshashila.org.in/pages/research-areas/high-technology-geopolitics-program.html,https://takshashila.org.in/pages/research-areas/www.moneycontrol.com/news/opinion/china-s-laissez-faire-approach-to-cutting-edge-medical-technology-has-set-the-cat-among-the-pigeons-14021687.html,internal,404,http,HTTP 404,0,"[""links""]",2026-09-23T17:39:03Z
