url,kind,content_type,status,outcome,final_url,redirect_hops,error_type,error,retries,discovered_from,discovery,in_sitemap,via_links,inlink_count,depth,title,text_len,has_author,has_date,fetched_at,outlink_count,sitemap_lastmod
https://takshashila.org.in/,page,listing,304,not_modified,https://takshashila.org.in/,0,,,0,https://takshashila.org.in/,"[""seed"", ""sitemap"", ""known_state"", ""links""]",True,True,200,0,,,,,2026-09-23T17:33:47Z,64,2026-09-11T12:48:26.281Z
https://takshashila.org.in/pages/publications/,page,listing,304,not_modified,https://takshashila.org.in/pages/publications/,0,,,0,https://takshashila.org.in/,"[""listing_seed"", ""sitemap"", ""known_state"", ""links""]",True,True,200,0,,,,,2026-09-23T17:33:47Z,400,2026-07-23T05:15:09.123Z
https://takshashila.org.in/pages/blogs/,page,listing,304,not_modified,https://takshashila.org.in/pages/blogs/,0,,,0,https://takshashila.org.in/,"[""listing_seed"", ""sitemap"", ""known_state"", ""links""]",True,True,200,0,,,,,2026-09-23T17:33:48Z,339,2026-07-23T05:15:09.123Z
https://takshashila.org.in/pages/news/,page,press,304,not_modified,https://takshashila.org.in/pages/news/,0,,,0,https://takshashila.org.in/,"[""listing_seed"", ""sitemap"", ""known_state"", ""links""]",True,True,11,0,,,,,2026-09-23T17:33:48Z,39,2026-04-20T17:08:36.264Z
https://takshashila.org.in/pages/team/,page,people_index,304,not_modified,https://takshashila.org.in/pages/team/,0,,,0,https://takshashila.org.in/,"[""listing_seed"", ""sitemap"", ""known_state"", ""links""]",True,True,200,0,,,,,2026-09-23T17:33:48Z,117,2026-07-29T21:30:03.010Z
https://takshashila.org.in/research/,page,page,404,gone,https://takshashila.org.in/research/,0,http,HTTP 404,0,,"[""listing_seed""]",False,False,0,0,,,,,2026-09-23T17:33:48Z,0,
https://takshashila.org.in/commentary/,page,page,404,gone,https://takshashila.org.in/commentary/,0,http,HTTP 404,0,,"[""listing_seed""]",False,False,0,0,,,,,2026-09-23T17:33:48Z,0,
https://takshashila.org.in/reports/,page,page,404,gone,https://takshashila.org.in/reports/,0,http,HTTP 404,0,,"[""listing_seed""]",False,False,0,0,,,,,2026-09-23T17:33:49Z,0,
https://takshashila.org.in/papers/,page,page,404,gone,https://takshashila.org.in/papers/,0,http,HTTP 404,0,,"[""listing_seed""]",False,False,0,0,,,,,2026-09-23T17:33:49Z,0,
https://takshashila.org.in/briefs/,page,page,404,gone,https://takshashila.org.in/briefs/,0,http,HTTP 404,0,,"[""listing_seed""]",False,False,0,0,,,,,2026-09-23T17:33:49Z,0,
https://takshashila.org.in/pages/trackers/westasianwar/unsubscribe.html,page,tracker,304,not_modified,https://takshashila.org.in/pages/trackers/westasianwar/unsubscribe.html,0,,,0,https://takshashila.org.in/pages/trackers/westasianwar/unsubscribe.html,"[""sitemap"", ""known_state"", ""links""]",True,True,1,0,,,,,2026-09-23T17:33:49Z,38,2026-04-24T06:58:42.572Z
https://takshashila.org.in/pages/trackers/westasianwar/subscribe.html,page,tracker,304,not_modified,https://takshashila.org.in/pages/trackers/westasianwar/subscribe.html,0,,,0,https://takshashila.org.in/pages/trackers/westasianwar/subscribe.html,"[""sitemap"", ""known_state"", ""links""]",True,True,2,0,,,,,2026-09-23T17:33:49Z,38,2026-04-22T09:15:09.746Z
https://takshashila.org.in/pages/trackers/,page,tracker,304,not_modified,https://takshashila.org.in/pages/trackers/,0,,,0,https://takshashila.org.in/pages/trackers/,"[""sitemap"", ""known_state"", ""links""]",True,True,1,0,,,,,2026-09-23T17:33:50Z,39,2026-04-20T17:08:36.300Z
https://takshashila.org.in/pages/research-areas/strategic-studies.html,page,research_area,304,not_modified,https://takshashila.org.in/pages/research-areas/strategic-studies.html,0,,,0,https://takshashila.org.in/,"[""sitemap"", ""known_state"", ""links""]",True,True,200,0,,,,,2026-09-23T17:33:50Z,50,2026-07-06T23:18:23.212Z
https://takshashila.org.in/pages/research-areas/,page,research_area,304,not_modified,https://takshashila.org.in/pages/research-areas/,0,,,0,https://takshashila.org.in/,"[""sitemap"", ""known_state"", ""links""]",True,True,200,0,,,,,2026-09-23T17:33:50Z,65,2026-07-31T21:30:03.347Z
https://takshashila.org.in/pages/research-areas/geospatial-research.html,page,research_area,304,not_modified,https://takshashila.org.in/pages/research-areas/geospatial-research.html,0,,,0,https://takshashila.org.in/,"[""sitemap"", ""known_state"", ""links""]",True,True,200,0,,,,,2026-09-23T17:33:50Z,53,2026-07-06T23:18:23.211Z
https://takshashila.org.in/pages/research-areas/focus-areas/siliconpolitik.html,page,research_area,304,not_modified,https://takshashila.org.in/pages/research-areas/focus-areas/siliconpolitik.html,0,,,0,https://takshashila.org.in/pages/research-areas/focus-areas/siliconpolitik.html,"[""sitemap"", ""known_state"", ""links""]",True,True,2,0,,,,,2026-09-23T17:33:51Z,47,2026-04-20T17:08:36.281Z
https://takshashila.org.in/pages/research-areas/focus-areas/mineralpolitik.html,page,research_area,304,not_modified,https://takshashila.org.in/pages/research-areas/focus-areas/mineralpolitik.html,0,,,0,https://takshashila.org.in/pages/research-areas/focus-areas/mineralpolitik.html,"[""sitemap"", ""known_state"", ""links""]",True,True,2,0,,,,,2026-09-23T17:33:51Z,50,2026-08-20T05:36:16.701Z
https://takshashila.org.in/pages/research-areas/focus-areas/20-million-jobs-project.html,page,research_area,304,not_modified,https://takshashila.org.in/pages/research-areas/focus-areas/20-million-jobs-project.html,0,,,0,https://takshashila.org.in/pages/research-areas/focus-areas/20-million-jobs-project.html,"[""sitemap"", ""known_state"", ""links""]",True,True,2,0,,,,,2026-09-23T17:33:51Z,52,2026-07-06T11:15:09.168Z
https://takshashila.org.in/pages/research-areas/advanced-military-technology.html,page,research_area,304,not_modified,https://takshashila.org.in/pages/research-areas/advanced-military-technology.html,0,,,0,https://takshashila.org.in/,"[""sitemap"", ""known_state"", ""links""]",True,True,200,0,,,,,2026-09-23T17:33:51Z,48,2026-07-06T23:18:23.210Z
https://takshashila.org.in/pages/policy-school/pgp.html,page,course,304,not_modified,https://takshashila.org.in/pages/policy-school/pgp.html,0,,,0,https://takshashila.org.in/,"[""sitemap"", ""known_state"", ""links""]",True,True,200,0,,,,,2026-09-23T17:33:52Z,53,2026-07-07T09:15:09.820Z
https://takshashila.org.in/pages/policy-school/pgp-cohorts/class-of-2025-26.html,page,course,304,not_modified,https://takshashila.org.in/pages/policy-school/pgp-cohorts/class-of-2025-26.html,0,,,0,https://takshashila.org.in/pages/policy-school/pgp.html,"[""sitemap"", ""known_state"", ""links""]",True,True,2,0,,,,,2026-09-23T17:33:52Z,38,2026-05-20T09:15:09.148Z
https://takshashila.org.in/pages/policy-school/pgp-cohorts/class-of-2023-24.html,page,course,304,not_modified,https://takshashila.org.in/pages/policy-school/pgp-cohorts/class-of-2023-24.html,0,,,0,https://takshashila.org.in/pages/policy-school/pgp.html,"[""sitemap"", ""known_state"", ""links""]",True,True,2,0,,,,,2026-09-23T17:33:52Z,38,2026-05-20T09:15:09.148Z
https://takshashila.org.in/pages/policy-school/opentakshashila-westasia.html,page,course,304,not_modified,https://takshashila.org.in/pages/policy-school/opentakshashila-westasia.html,0,,,0,https://takshashila.org.in/pages/policy-school/opentakshashila-westasia.html,"[""sitemap"", ""known_state"", ""links""]",True,True,2,0,,,,,2026-09-23T17:33:52Z,39,2026-07-07T09:15:09.819Z
https://takshashila.org.in/pages/policy-school/,page,course,304,not_modified,https://takshashila.org.in/pages/policy-school/,0,,,0,https://takshashila.org.in/,"[""sitemap"", ""known_state"", ""links""]",True,True,200,0,,,,,2026-09-23T17:33:53Z,41,2026-09-06T21:30:03.420Z
https://takshashila.org.in/pages/policy-school/gcpp-technology-policy.html,page,course,304,not_modified,https://takshashila.org.in/pages/policy-school/gcpp-technology-policy.html,0,,,0,https://takshashila.org.in/pages/policy-school/gcpp-technology-policy.html,"[""sitemap"", ""known_state"", ""links""]",True,True,4,0,,,,,2026-09-23T17:33:53Z,53,2026-09-09T05:15:09.832Z
https://takshashila.org.in/pages/policy-school/gcpp-defence-foreign-affairs.html,page,course,304,not_modified,https://takshashila.org.in/pages/policy-school/gcpp-defence-foreign-affairs.html,0,,,0,https://takshashila.org.in/pages/research-areas/strategic-studies.html,"[""sitemap"", ""known_state"", ""links""]",True,True,3,0,,,,,2026-09-23T17:33:53Z,47,2026-09-18T08:15:10.953Z
https://takshashila.org.in/pages/policy-school/expert-capsule-courses.html,page,course,304,not_modified,https://takshashila.org.in/pages/policy-school/expert-capsule-courses.html,0,,,0,https://takshashila.org.in/,"[""sitemap"", ""known_state"", ""links""]",True,True,200,0,,,,,2026-09-23T17:33:53Z,43,2026-08-26T09:15:10.017Z
https://takshashila.org.in/pages/policy-school/ecc-space-power.html,page,course,304,not_modified,https://takshashila.org.in/pages/policy-school/ecc-space-power.html,0,,,0,https://takshashila.org.in/pages/research-areas/advanced-military-technology.html,"[""sitemap"", ""known_state"", ""links""]",True,True,5,0,,,,,2026-09-23T17:33:54Z,48,2026-08-26T09:15:10.017Z
https://takshashila.org.in/pages/policy-school/ecc-critical-minerals.html,page,course,304,not_modified,https://takshashila.org.in/pages/policy-school/ecc-critical-minerals.html,0,,,0,https://takshashila.org.in/pages/research-areas/focus-areas/mineralpolitik.html,"[""sitemap"", ""known_state"", ""links""]",True,True,4,0,,,,,2026-09-23T17:33:54Z,41,2026-07-07T09:15:09.817Z
https://takshashila.org.in/pages/policy-school/ecc-artificial-intelligence.html,page,course,304,not_modified,https://takshashila.org.in/pages/policy-school/ecc-artificial-intelligence.html,0,,,0,https://takshashila.org.in/pages/policy-school/expert-capsule-courses.html,"[""sitemap"", ""known_state"", ""links""]",True,True,4,0,,,,,2026-09-23T17:33:54Z,44,2026-07-07T09:15:09.816Z
https://takshashila.org.in/pages/podcasts/,page,podcast,304,not_modified,https://takshashila.org.in/pages/podcasts/,0,,,0,https://takshashila.org.in/,"[""sitemap"", ""known_state"", ""links""]",True,True,200,0,,,,,2026-09-23T17:33:54Z,40,2026-04-20T17:08:36.265Z
https://takshashila.org.in/pages/newsletters/,page,newsletter,304,not_modified,https://takshashila.org.in/pages/newsletters/,0,,,0,https://takshashila.org.in/,"[""sitemap"", ""known_state"", ""links""]",True,True,200,0,,,,,2026-09-23T17:33:55Z,37,2026-07-29T09:15:09.833Z
https://takshashila.org.in/pages/mission.html,page,about,304,not_modified,https://takshashila.org.in/pages/mission.html,0,,,0,https://takshashila.org.in/,"[""sitemap"", ""known_state"", ""links""]",True,True,200,0,,,,,2026-09-23T17:33:55Z,40,2026-04-20T17:08:36.264Z
https://takshashila.org.in/pages/keep-the-flame-alive.html,page,page,304,not_modified,https://takshashila.org.in/pages/keep-the-flame-alive.html,0,,,0,https://takshashila.org.in/,"[""sitemap"", ""known_state"", ""links""]",True,True,200,0,,,,,2026-09-23T17:33:55Z,37,2026-08-07T07:07:22.112Z
https://takshashila.org.in/pages/fellowships/nasx/nast.html,page,programme,304,not_modified,https://takshashila.org.in/pages/fellowships/nasx/nast.html,0,,,0,https://takshashila.org.in/,"[""sitemap"", ""known_state"", ""links""]",True,True,200,0,,,,,2026-09-23T17:33:55Z,42,2026-08-11T21:30:03.086Z
https://takshashila.org.in/pages/fellowships/nasx/nasc.html,page,programme,304,not_modified,https://takshashila.org.in/pages/fellowships/nasx/nasc.html,0,,,0,https://takshashila.org.in/,"[""sitemap"", ""known_state"", ""links""]",True,True,200,0,,,,,2026-09-23T17:33:56Z,39,2026-08-11T21:30:03.085Z
https://takshashila.org.in/pages/fellowships/,page,programme,304,not_modified,https://takshashila.org.in/pages/fellowships/,0,,,0,https://takshashila.org.in/,"[""sitemap"", ""known_state"", ""links""]",True,True,200,0,,,,,2026-09-23T17:33:56Z,39,2026-07-31T21:30:03.346Z
https://takshashila.org.in/pages/events/,page,event,304,not_modified,https://takshashila.org.in/pages/events/,0,,,0,https://takshashila.org.in/,"[""sitemap"", ""known_state"", ""links""]",True,True,200,0,,,,,2026-09-23T17:33:56Z,55,2026-07-06T23:18:23.204Z
https://takshashila.org.in/pages/day-zero.html,page,about,304,not_modified,https://takshashila.org.in/pages/day-zero.html,0,,,0,https://takshashila.org.in/pages/mission.html,"[""sitemap"", ""known_state"", ""links""]",True,True,2,0,,,,,2026-09-23T17:33:56Z,38,2026-04-20T17:08:36.242Z
https://takshashila.org.in/pages/books/,page,book,304,not_modified,https://takshashila.org.in/pages/books/,0,,,0,https://takshashila.org.in/,"[""sitemap"", ""known_state"", ""links""]",True,True,200,0,,,,,2026-09-23T17:33:57Z,53,2026-07-29T09:15:09.833Z
https://takshashila.org.in/pages/alumni-charter.html,page,page,304,not_modified,https://takshashila.org.in/pages/alumni-charter.html,0,,,0,https://takshashila.org.in/pages/alumni-charter.html,"[""sitemap"", ""known_state"", ""links""]",True,True,1,0,,,,,2026-09-23T17:33:57Z,38,2026-09-13T15:15:09.248Z
https://takshashila.org.in/pages/ai-policy.html,page,research_area,304,not_modified,https://takshashila.org.in/pages/ai-policy.html,0,,,0,https://takshashila.org.in/,"[""sitemap"", ""known_state"", ""links""]",True,True,200,0,,,,,2026-09-23T17:33:57Z,38,2026-07-06T06:15:08.910Z
https://takshashila.org.in/pages/about.html,page,about,304,not_modified,https://takshashila.org.in/pages/about.html,0,,,0,https://takshashila.org.in/pages/about.html,"[""sitemap"", ""known_state"", ""links""]",True,True,2,0,,,,,2026-09-23T17:33:58Z,38,2026-04-20T17:08:36.241Z
https://takshashila.org.in/content/trackers/westasianwar/bulletins/archive/2026-07-24.html,page,tracker,304,not_modified,https://takshashila.org.in/content/trackers/westasianwar/bulletins/archive/2026-07-24.html,0,,,0,https://takshashila.org.in/content/trackers/westasianwar/bulletins/archive/2026-07-24.html,"[""sitemap"", ""known_state"", ""links""]",True,True,1,0,,,,,2026-09-23T17:33:58Z,39,2026-09-23T06:15:19.941Z
https://takshashila.org.in/content/trackers/westasianwar/bulletins/archive/2026-07-10.html,page,tracker,304,not_modified,https://takshashila.org.in/content/trackers/westasianwar/bulletins/archive/2026-07-10.html,0,,,0,https://takshashila.org.in/content/trackers/westasianwar/bulletins/archive/2026-07-10.html,"[""sitemap"", ""known_state"", ""links""]",True,True,1,0,,,,,2026-09-23T17:33:58Z,39,2026-09-23T06:15:19.941Z
https://takshashila.org.in/content/trackers/westasianwar/bulletins/archive/2026-06-19.html,page,tracker,304,not_modified,https://takshashila.org.in/content/trackers/westasianwar/bulletins/archive/2026-06-19.html,0,,,0,https://takshashila.org.in/content/trackers/westasianwar/bulletins/archive/2026-06-19.html,"[""sitemap"", ""known_state"", ""links""]",True,True,1,0,,,,,2026-09-23T17:33:58Z,39,2026-09-23T06:15:19.941Z
https://takshashila.org.in/content/trackers/westasianwar/bulletins/archive/2026-06-06.html,page,tracker,304,not_modified,https://takshashila.org.in/content/trackers/westasianwar/bulletins/archive/2026-06-06.html,0,,,0,https://takshashila.org.in/content/trackers/westasianwar/bulletins/archive/2026-06-06.html,"[""sitemap"", ""known_state"", ""links""]",True,True,1,0,,,,,2026-09-23T17:33:58Z,39,2026-09-23T06:15:19.941Z
https://takshashila.org.in/content/trackers/westasianwar/bulletins/archive/2026-05-22.html,page,tracker,304,not_modified,https://takshashila.org.in/content/trackers/westasianwar/bulletins/archive/2026-05-22.html,0,,,0,https://takshashila.org.in/content/trackers/westasianwar/bulletins/archive/2026-05-22.html,"[""sitemap"", ""known_state"", ""links""]",True,True,1,0,,,,,2026-09-23T17:33:59Z,39,2026-09-23T06:15:19.941Z
https://takshashila.org.in/content/trackers/westasianwar/bulletins/archive/2026-05-08.html,page,tracker,304,not_modified,https://takshashila.org.in/content/trackers/westasianwar/bulletins/archive/2026-05-08.html,0,,,0,https://takshashila.org.in/content/trackers/westasianwar/bulletins/archive/2026-05-08.html,"[""sitemap"", ""known_state"", ""links""]",True,True,1,0,,,,,2026-09-23T17:33:59Z,39,2026-09-23T06:15:19.941Z
https://takshashila.org.in/content/trackers/westasianwar/bulletins/archive/2026-04-24.html,page,tracker,304,not_modified,https://takshashila.org.in/content/trackers/westasianwar/bulletins/archive/2026-04-24.html,0,,,0,https://takshashila.org.in/content/trackers/westasianwar/bulletins/archive/2026-04-24.html,"[""sitemap"", ""known_state"", ""links""]",True,True,1,0,,,,,2026-09-23T17:33:59Z,39,2026-09-23T06:15:19.941Z
https://takshashila.org.in/content/trackers/westasianwar/bulletins/archive/2026-04-16.html,page,tracker,304,not_modified,https://takshashila.org.in/content/trackers/westasianwar/bulletins/archive/2026-04-16.html,0,,,0,https://takshashila.org.in/content/trackers/westasianwar/bulletins/archive/2026-04-16.html,"[""sitemap"", ""known_state"", ""links""]",True,True,1,0,,,,,2026-09-23T17:34:00Z,39,2026-09-23T06:15:19.941Z
https://takshashila.org.in/content/trackers/westasianwar/bulletins/archive/2026-04-14.html,page,tracker,304,not_modified,https://takshashila.org.in/content/trackers/westasianwar/bulletins/archive/2026-04-14.html,0,,,0,https://takshashila.org.in/content/trackers/westasianwar/bulletins/archive/2026-04-14.html,"[""sitemap"", ""known_state"", ""links""]",True,True,1,0,,,,,2026-09-23T17:34:00Z,39,2026-09-23T06:15:19.941Z
https://takshashila.org.in/content/trackers/westasianwar/bulletins/archive/2026-04-12.html,page,tracker,304,not_modified,https://takshashila.org.in/content/trackers/westasianwar/bulletins/archive/2026-04-12.html,0,,,0,https://takshashila.org.in/content/trackers/westasianwar/bulletins/archive/2026-04-12.html,"[""sitemap"", ""known_state"", ""links""]",True,True,1,0,,,,,2026-09-23T17:34:00Z,39,2026-09-23T06:15:19.941Z
https://takshashila.org.in/content/trackers/westasianwar/bulletins/archive/2026-04-10.html,page,tracker,304,not_modified,https://takshashila.org.in/content/trackers/westasianwar/bulletins/archive/2026-04-10.html,0,,,0,https://takshashila.org.in/content/trackers/westasianwar/bulletins/archive/2026-04-10.html,"[""sitemap"", ""known_state"", ""links""]",True,True,1,0,,,,,2026-09-23T17:34:00Z,39,2026-09-23T06:15:19.940Z
https://takshashila.org.in/content/trackers/westasianwar/bulletins/archive/2026-04-08.html,page,tracker,304,not_modified,https://takshashila.org.in/content/trackers/westasianwar/bulletins/archive/2026-04-08.html,0,,,0,https://takshashila.org.in/content/trackers/westasianwar/bulletins/archive/2026-04-08.html,"[""sitemap"", ""known_state"", ""links""]",True,True,1,0,,,,,2026-09-23T17:34:00Z,39,2026-09-23T06:15:19.940Z
https://takshashila.org.in/content/trackers/westasianwar/bulletins/archive/2026-04-06.html,page,tracker,304,not_modified,https://takshashila.org.in/content/trackers/westasianwar/bulletins/archive/2026-04-06.html,0,,,0,https://takshashila.org.in/content/trackers/westasianwar/bulletins/archive/2026-04-06.html,"[""sitemap"", ""known_state"", ""links""]",True,True,1,0,,,,,2026-09-23T17:34:01Z,39,2026-09-23T06:15:19.940Z
https://takshashila.org.in/content/trackers/westasianwar/bulletins/archive/2026-04-02.html,page,tracker,304,not_modified,https://takshashila.org.in/content/trackers/westasianwar/bulletins/archive/2026-04-02.html,0,,,0,https://takshashila.org.in/content/trackers/westasianwar/bulletins/archive/2026-04-02.html,"[""sitemap"", ""known_state"", ""links""]",True,True,1,0,,,,,2026-09-23T17:34:01Z,39,2026-09-23T06:15:19.940Z
https://takshashila.org.in/content/trackers/westasianwar/bulletins/archive/2026-03-31.html,page,tracker,304,not_modified,https://takshashila.org.in/content/trackers/westasianwar/bulletins/archive/2026-03-31.html,0,,,0,https://takshashila.org.in/content/trackers/westasianwar/bulletins/archive/2026-03-31.html,"[""sitemap"", ""known_state"", ""links""]",True,True,1,0,,,,,2026-09-23T17:34:01Z,39,2026-09-23T06:15:19.940Z
https://takshashila.org.in/content/trackers/westasianwar/bulletins/archive/2026-03-29.html,page,tracker,304,not_modified,https://takshashila.org.in/content/trackers/westasianwar/bulletins/archive/2026-03-29.html,0,,,0,https://takshashila.org.in/content/trackers/westasianwar/bulletins/archive/2026-03-29.html,"[""sitemap"", ""known_state"", ""links""]",True,True,1,0,,,,,2026-09-23T17:34:01Z,39,2026-09-23T06:15:19.940Z
https://takshashila.org.in/content/trackers/westasianwar/bulletins/archive/2026-03-27.html,page,tracker,304,not_modified,https://takshashila.org.in/content/trackers/westasianwar/bulletins/archive/2026-03-27.html,0,,,0,https://takshashila.org.in/content/trackers/westasianwar/bulletins/archive/2026-03-27.html,"[""sitemap"", ""known_state"", ""links""]",True,True,1,0,,,,,2026-09-23T17:34:02Z,39,2026-09-23T06:15:19.940Z
https://takshashila.org.in/content/trackers/westasianwar/bulletins/archive/2026-03-25.html,page,tracker,304,not_modified,https://takshashila.org.in/content/trackers/westasianwar/bulletins/archive/2026-03-25.html,0,,,0,https://takshashila.org.in/content/trackers/westasianwar/bulletins/archive/2026-03-25.html,"[""sitemap"", ""known_state"", ""links""]",True,True,1,0,,,,,2026-09-23T17:34:02Z,39,2026-09-23T06:15:19.940Z
https://takshashila.org.in/content/trackers/westasianwar/bulletins/archive/2026-03-23.html,page,tracker,304,not_modified,https://takshashila.org.in/content/trackers/westasianwar/bulletins/archive/2026-03-23.html,0,,,0,https://takshashila.org.in/content/trackers/westasianwar/bulletins/archive/2026-03-23.html,"[""sitemap"", ""known_state"", ""links""]",True,True,1,0,,,,,2026-09-23T17:34:02Z,39,2026-09-23T06:15:19.940Z
https://takshashila.org.in/content/trackers/westasianwar/bulletins/archive/2026-03-21.html,page,tracker,304,not_modified,https://takshashila.org.in/content/trackers/westasianwar/bulletins/archive/2026-03-21.html,0,,,0,https://takshashila.org.in/content/trackers/westasianwar/bulletins/archive/2026-03-21.html,"[""sitemap"", ""known_state"", ""links""]",True,True,1,0,,,,,2026-09-23T17:34:02Z,39,2026-09-23T06:15:19.940Z
https://takshashila.org.in/content/trackers/westasianwar/bulletins/archive/2026-03-19.html,page,tracker,304,not_modified,https://takshashila.org.in/content/trackers/westasianwar/bulletins/archive/2026-03-19.html,0,,,0,https://takshashila.org.in/content/trackers/westasianwar/bulletins/archive/2026-03-19.html,"[""sitemap"", ""known_state"", ""links""]",True,True,1,0,,,,,2026-09-23T17:34:03Z,39,2026-09-23T06:15:19.939Z
https://takshashila.org.in/content/team/yusuf-unjhawala.html,page,person,304,not_modified,https://takshashila.org.in/content/team/yusuf-unjhawala.html,0,,,0,https://takshashila.org.in/pages/team/,"[""sitemap"", ""known_state"", ""links""]",True,True,3,0,,,,,2026-09-23T17:34:03Z,38,2026-09-23T06:15:19.833Z
https://takshashila.org.in/content/team/vishwanath-s.html,page,person,304,not_modified,https://takshashila.org.in/content/team/vishwanath-s.html,0,,,0,https://takshashila.org.in/pages/team/,"[""sitemap"", ""known_state"", ""links""]",True,True,3,0,,,,,2026-09-23T17:34:03Z,38,2026-09-23T06:15:19.833Z
https://takshashila.org.in/content/team/vanshika-saraf.html,page,person,304,not_modified,https://takshashila.org.in/content/team/vanshika-saraf.html,0,,,0,https://takshashila.org.in/pages/team/,"[""sitemap"", ""known_state"", ""links""]",True,True,15,0,,,,,2026-09-23T17:34:03Z,50,2026-09-23T06:15:19.833Z
https://takshashila.org.in/content/team/surya-prakash-b-s.html,page,person,304,not_modified,https://takshashila.org.in/content/team/surya-prakash-b-s.html,0,,,0,https://takshashila.org.in/pages/team/,"[""sitemap"", ""known_state"", ""links""]",True,True,2,0,,,,,2026-09-23T17:34:04Z,38,2026-09-23T06:15:19.832Z
https://takshashila.org.in/content/team/sridhar-krishna.html,page,person,304,not_modified,https://takshashila.org.in/content/team/sridhar-krishna.html,0,,,0,https://takshashila.org.in/pages/team/,"[""sitemap"", ""known_state"", ""links""]",True,True,18,0,,,,,2026-09-23T17:34:04Z,50,2026-09-23T06:15:19.832Z
https://takshashila.org.in/content/team/sourav-mannaraprayil.html,page,person,304,not_modified,https://takshashila.org.in/content/team/sourav-mannaraprayil.html,0,,,0,https://takshashila.org.in/pages/team/,"[""sitemap"", ""known_state"", ""links""]",True,True,3,0,,,,,2026-09-23T17:34:04Z,38,2026-09-23T06:15:19.832Z
https://takshashila.org.in/content/team/smita-murthy.html,page,person,304,not_modified,https://takshashila.org.in/content/team/smita-murthy.html,0,,,0,https://takshashila.org.in/pages/team/,"[""sitemap"", ""known_state"", ""links""]",True,True,2,0,,,,,2026-09-23T17:34:04Z,38,2026-09-23T06:15:19.832Z
https://takshashila.org.in/content/team/shreya-ramakrishnan.html,page,person,304,not_modified,https://takshashila.org.in/content/team/shreya-ramakrishnan.html,0,,,0,https://takshashila.org.in/pages/team/,"[""sitemap"", ""known_state"", ""links""]",True,True,2,0,,,,,2026-09-23T17:34:05Z,38,2026-09-23T06:15:19.832Z
https://takshashila.org.in/content/team/shivakumar-ramesh.html,page,person,304,not_modified,https://takshashila.org.in/content/team/shivakumar-ramesh.html,0,,,0,https://takshashila.org.in/pages/team/,"[""sitemap"", ""known_state"", ""links""]",True,True,2,0,,,,,2026-09-23T17:34:05Z,38,2026-09-23T06:15:19.832Z
https://takshashila.org.in/content/team/shailesh-chitnis.html,page,person,304,not_modified,https://takshashila.org.in/content/team/shailesh-chitnis.html,0,,,0,https://takshashila.org.in/content/team/shailesh-chitnis.html,"[""sitemap"", ""known_state"", ""links""]",True,True,2,0,,,,,2026-09-23T17:34:05Z,38,2026-09-23T06:15:19.832Z
https://takshashila.org.in/content/team/satya-shoova-sahu.html,page,person,304,not_modified,https://takshashila.org.in/content/team/satya-shoova-sahu.html,0,,,0,https://takshashila.org.in/pages/research-areas/focus-areas/siliconpolitik.html,"[""sitemap"", ""known_state"", ""links""]",True,True,13,0,,,,,2026-09-23T17:34:06Z,38,2026-09-23T06:15:19.832Z
https://takshashila.org.in/content/team/sanjaya-baru.html,page,person,304,not_modified,https://takshashila.org.in/content/team/sanjaya-baru.html,0,,,0,https://takshashila.org.in/pages/team/,"[""sitemap"", ""known_state"", ""links""]",True,True,2,0,,,,,2026-09-23T17:34:06Z,38,2026-09-23T06:15:19.832Z
https://takshashila.org.in/content/team/sandeepa-bhat.html,page,person,304,not_modified,https://takshashila.org.in/content/team/sandeepa-bhat.html,0,,,0,https://takshashila.org.in/pages/policy-school/ecc-space-power.html,"[""sitemap"", ""known_state"", ""links""]",True,True,2,0,,,,,2026-09-23T17:34:06Z,38,2026-09-23T06:15:19.832Z
https://takshashila.org.in/content/team/sai-krishna.html,page,person,304,not_modified,https://takshashila.org.in/content/team/sai-krishna.html,0,,,0,https://takshashila.org.in/pages/team/,"[""sitemap"", ""known_state"", ""links""]",True,True,2,0,,,,,2026-09-23T17:34:06Z,38,2026-09-23T06:15:19.832Z
https://takshashila.org.in/content/team/rohan-chavan.html,page,person,304,not_modified,https://takshashila.org.in/content/team/rohan-chavan.html,0,,,0,https://takshashila.org.in/pages/team/,"[""sitemap"", ""known_state"", ""links""]",True,True,2,0,,,,,2026-09-23T17:34:06Z,38,2026-09-23T06:15:19.832Z
https://takshashila.org.in/content/team/richard-rossow.html,page,person,304,not_modified,https://takshashila.org.in/content/team/richard-rossow.html,0,,,0,https://takshashila.org.in/pages/team/,"[""sitemap"", ""known_state"", ""links""]",True,True,3,0,,,,,2026-09-23T17:34:07Z,38,2026-09-23T06:15:19.831Z
https://takshashila.org.in/content/team/rajeswari-sengupta.html,page,person,304,not_modified,https://takshashila.org.in/content/team/rajeswari-sengupta.html,0,,,0,https://takshashila.org.in/pages/team/,"[""sitemap"", ""known_state"", ""links""]",True,True,3,0,,,,,2026-09-23T17:34:07Z,38,2026-09-23T06:15:19.831Z
https://takshashila.org.in/content/team/rahul-matthan.html,page,person,304,not_modified,https://takshashila.org.in/content/team/rahul-matthan.html,0,,,0,https://takshashila.org.in/pages/team/,"[""sitemap"", ""known_state"", ""links""]",True,True,9,0,,,,,2026-09-23T17:34:07Z,38,2026-09-23T06:15:19.831Z
https://takshashila.org.in/content/team/pranav-satyanath.html,page,person,304,not_modified,https://takshashila.org.in/content/team/pranav-satyanath.html,0,,,0,https://takshashila.org.in/pages/policy-school/ecc-space-power.html,"[""sitemap"", ""known_state"", ""links""]",True,True,2,0,,,,,2026-09-23T17:34:08Z,38,2026-09-23T06:15:19.831Z
https://takshashila.org.in/content/team/nitin-pai.html,page,person,304,not_modified,https://takshashila.org.in/content/team/nitin-pai.html,0,,,0,https://takshashila.org.in/pages/team/,"[""sitemap"", ""known_state"", ""links""]",True,True,46,0,,,,,2026-09-23T17:34:08Z,75,2026-09-23T06:15:19.831Z
https://takshashila.org.in/content/team/narayan-prasad.html,page,person,304,not_modified,https://takshashila.org.in/content/team/narayan-prasad.html,0,,,0,https://takshashila.org.in/pages/policy-school/ecc-space-power.html,"[""sitemap"", ""known_state"", ""links""]",True,True,2,0,,,,,2026-09-23T17:34:08Z,38,2026-09-23T06:15:19.831Z
https://takshashila.org.in/content/team/manoj-kewalramani.html,page,person,304,not_modified,https://takshashila.org.in/content/team/manoj-kewalramani.html,0,,,0,https://takshashila.org.in/pages/team/,"[""sitemap"", ""known_state"", ""links""]",True,True,51,0,,,,,2026-09-23T17:34:08Z,78,2026-09-23T06:15:19.831Z
https://takshashila.org.in/content/team/malathi-renati.html,page,person,304,not_modified,https://takshashila.org.in/content/team/malathi-renati.html,0,,,0,https://takshashila.org.in/pages/team/,"[""sitemap"", ""known_state"", ""links""]",True,True,4,0,,,,,2026-09-23T17:34:08Z,38,2026-09-23T06:15:19.831Z
https://takshashila.org.in/content/team/m-r-madhavan.html,page,person,304,not_modified,https://takshashila.org.in/content/team/m-r-madhavan.html,0,,,0,https://takshashila.org.in/pages/team/,"[""sitemap"", ""known_state"", ""links""]",True,True,2,0,,,,,2026-09-23T17:34:09Z,38,2026-09-23T06:15:19.831Z
https://takshashila.org.in/content/team/lokendra-sharma.html,page,person,304,not_modified,https://takshashila.org.in/content/team/lokendra-sharma.html,0,,,0,https://takshashila.org.in/pages/team/,"[""sitemap"", ""known_state"", ""links""]",True,True,31,0,,,,,2026-09-23T17:34:09Z,63,2026-09-23T06:15:19.831Z
https://takshashila.org.in/content/team/laveesh-bhandari.html,page,person,304,not_modified,https://takshashila.org.in/content/team/laveesh-bhandari.html,0,,,0,https://takshashila.org.in/pages/team/,"[""sitemap"", ""known_state"", ""links""]",True,True,2,0,,,,,2026-09-23T17:34:09Z,38,2026-09-23T06:15:19.831Z
https://takshashila.org.in/content/team/krish-ashok.html,page,person,304,not_modified,https://takshashila.org.in/content/team/krish-ashok.html,0,,,0,https://takshashila.org.in/pages/team/,"[""sitemap"", ""known_state"", ""links""]",True,True,2,0,,,,,2026-09-23T17:34:10Z,38,2026-09-23T06:15:19.831Z
https://takshashila.org.in/content/team/kavya-rai.html,page,person,304,not_modified,https://takshashila.org.in/content/team/kavya-rai.html,0,,,0,https://takshashila.org.in/pages/team/,"[""sitemap"", ""known_state"", ""links""]",True,True,2,0,,,,,2026-09-23T17:34:10Z,38,2026-09-23T06:15:19.830Z
https://takshashila.org.in/content/team/javeed-ahmad.html,page,person,304,not_modified,https://takshashila.org.in/content/team/javeed-ahmad.html,0,,,0,https://takshashila.org.in/pages/team/,"[""sitemap"", ""known_state"", ""links""]",True,True,2,0,,,,,2026-09-23T17:34:10Z,38,2026-09-23T06:15:19.830Z
https://takshashila.org.in/content/team/hema-hattangady.html,page,person,304,not_modified,https://takshashila.org.in/content/team/hema-hattangady.html,0,,,0,https://takshashila.org.in/pages/team/,"[""sitemap"", ""known_state"", ""links""]",True,True,3,0,,,,,2026-09-23T17:34:10Z,38,2026-09-23T06:15:19.830Z
https://takshashila.org.in/content/team/geetanjali-kamat.html,page,person,304,not_modified,https://takshashila.org.in/content/team/geetanjali-kamat.html,0,,,0,https://takshashila.org.in/pages/policy-school/ecc-space-power.html,"[""sitemap"", ""known_state"", ""links""]",True,True,2,0,,,,,2026-09-23T17:34:10Z,38,2026-09-23T06:15:19.830Z
https://takshashila.org.in/content/team/ganesh-chakravarthi.html,page,person,304,not_modified,https://takshashila.org.in/content/team/ganesh-chakravarthi.html,0,,,0,https://takshashila.org.in/pages/team/,"[""sitemap"", ""known_state"", ""links""]",True,True,2,0,,,,,2026-09-23T17:34:11Z,38,2026-09-23T06:15:19.830Z
https://takshashila.org.in/content/team/dr-vishnu-chandra.html,page,person,304,not_modified,https://takshashila.org.in/content/team/dr-vishnu-chandra.html,0,,,0,https://takshashila.org.in/content/team/dr-vishnu-chandra.html,"[""sitemap"", ""known_state"", ""links""]",True,True,2,0,,,,,2026-09-23T17:34:11Z,38,2026-09-23T06:15:19.830Z
https://takshashila.org.in/content/team/dr-kajari-kamal.html,page,person,304,not_modified,https://takshashila.org.in/content/team/dr-kajari-kamal.html,0,,,0,https://takshashila.org.in/pages/team/,"[""sitemap"", ""known_state"", ""links""]",True,True,3,0,,,,,2026-09-23T17:34:11Z,38,2026-09-23T06:15:19.830Z
https://takshashila.org.in/content/team/cdre-arun-pratap-golaya.html,page,person,304,not_modified,https://takshashila.org.in/content/team/cdre-arun-pratap-golaya.html,0,,,0,https://takshashila.org.in/content/team/cdre-arun-pratap-golaya.html,"[""sitemap"", ""known_state"", ""links""]",True,True,2,0,,,,,2026-09-23T17:34:11Z,38,2026-09-23T06:15:19.830Z
https://takshashila.org.in/content/team/bhumika-sevkani.html,page,person,304,not_modified,https://takshashila.org.in/content/team/bhumika-sevkani.html,0,,,0,https://takshashila.org.in/pages/team/,"[""sitemap"", ""known_state"", ""links""]",True,True,17,0,,,,,2026-09-23T17:34:12Z,53,2026-09-23T06:15:19.830Z
https://takshashila.org.in/content/team/astha-rastogi.html,page,person,304,not_modified,https://takshashila.org.in/content/team/astha-rastogi.html,0,,,0,https://takshashila.org.in/pages/team/,"[""sitemap"", ""known_state"", ""links""]",True,True,2,0,,,,,2026-09-23T17:34:12Z,38,2026-09-23T06:15:19.830Z
https://takshashila.org.in/content/team/ashok-gv.html,page,person,304,not_modified,https://takshashila.org.in/content/team/ashok-gv.html,0,,,0,https://takshashila.org.in/pages/policy-school/ecc-space-power.html,"[""sitemap"", ""known_state"", ""links""]",True,True,2,0,,,,,2026-09-23T17:34:12Z,38,2026-09-23T06:15:19.830Z
https://takshashila.org.in/content/team/arjun-gargeyas.html,page,person,304,not_modified,https://takshashila.org.in/content/team/arjun-gargeyas.html,0,,,0,https://takshashila.org.in/content/team/arjun-gargeyas.html,"[""sitemap"", ""known_state"", ""links""]",True,True,14,0,,,,,2026-09-23T17:34:12Z,38,2026-09-23T06:15:19.829Z
https://takshashila.org.in/content/team/anwesha-sen.html,page,person,304,not_modified,https://takshashila.org.in/content/team/anwesha-sen.html,0,,,0,https://takshashila.org.in/pages/team/,"[""sitemap"", ""known_state"", ""links""]",True,True,32,0,,,,,2026-09-23T17:34:13Z,64,2026-09-23T06:15:19.829Z
https://takshashila.org.in/content/team/anupam-manur.html,page,person,304,not_modified,https://takshashila.org.in/content/team/anupam-manur.html,0,,,0,https://takshashila.org.in/pages/team/,"[""sitemap"", ""known_state"", ""links""]",True,True,64,0,,,,,2026-09-23T17:34:14Z,95,2026-09-23T06:15:19.829Z
https://takshashila.org.in/content/team/anil-raman.html,page,person,304,not_modified,https://takshashila.org.in/content/team/anil-raman.html,0,,,0,https://takshashila.org.in/pages/team/,"[""sitemap"", ""known_state"", ""links""]",True,True,10,0,,,,,2026-09-23T17:34:13Z,44,2026-09-23T06:15:19.829Z
https://takshashila.org.in/content/team/amit-kumar.html,page,person,304,not_modified,https://takshashila.org.in/content/team/amit-kumar.html,0,,,0,https://takshashila.org.in/pages/team/,"[""sitemap"", ""known_state"", ""links""]",True,True,34,0,,,,,2026-09-23T17:34:14Z,66,2026-09-23T06:15:19.829Z
https://takshashila.org.in/content/team/ambassador-latha-reddy.html,page,person,304,not_modified,https://takshashila.org.in/content/team/ambassador-latha-reddy.html,0,,,0,https://takshashila.org.in/pages/team/,"[""sitemap"", ""known_state"", ""links""]",True,True,3,0,,,,,2026-09-23T17:34:14Z,38,2026-09-23T06:15:19.829Z
https://takshashila.org.in/content/team/ajay-khanna.html,page,person,304,not_modified,https://takshashila.org.in/content/team/ajay-khanna.html,0,,,0,https://takshashila.org.in/pages/team/,"[""sitemap"", ""known_state"", ""links""]",True,True,2,0,,,,,2026-09-23T17:34:14Z,38,2026-09-23T06:15:19.829Z
https://takshashila.org.in/content/team/air-marshal-td-joseph.html,page,person,304,not_modified,https://takshashila.org.in/content/team/air-marshal-td-joseph.html,0,,,0,https://takshashila.org.in/pages/team/,"[""sitemap"", ""known_state"", ""links""]",True,True,3,0,,,,,2026-09-23T17:34:14Z,38,2026-09-23T06:15:19.829Z
https://takshashila.org.in/content/team/aditya-ramanathan.html,page,person,304,not_modified,https://takshashila.org.in/content/team/aditya-ramanathan.html,0,,,0,https://takshashila.org.in/pages/team/,"[""sitemap"", ""known_state"", ""links""]",True,True,37,0,,,,,2026-09-23T17:34:14Z,65,2026-09-23T06:15:19.829Z
https://takshashila.org.in/content/team/abhishek-kadiyala.html,page,person,304,not_modified,https://takshashila.org.in/content/team/abhishek-kadiyala.html,0,,,0,https://takshashila.org.in/pages/team/,"[""sitemap"", ""known_state"", ""links""]",True,True,16,0,,,,,2026-09-23T17:34:15Z,50,2026-09-23T06:15:19.829Z
https://takshashila.org.in/content/publications/cleantech-evaluation-framework-22062026.html,page,publication,304,not_modified,https://takshashila.org.in/content/publications/cleantech-evaluation-framework-22062026.html,0,,,0,https://takshashila.org.in/content/team/bhumika-sevkani.html,"[""sitemap"", ""known_state"", ""links""]",True,True,4,0,,,,,2026-09-23T17:34:15Z,41,2026-09-23T06:15:19.006Z
https://takshashila.org.in/content/publications/US-Trade-Deals-13052026.html,page,publication,304,not_modified,https://takshashila.org.in/content/publications/US-Trade-Deals-13052026.html,0,,,0,https://takshashila.org.in/content/publications/US-Trade-Deals-13052026.html,"[""sitemap"", ""known_state"", ""links""]",True,True,4,0,,,,,2026-09-23T17:34:15Z,41,2026-09-23T06:15:19.006Z
https://takshashila.org.in/content/publications/Shahed-Iran-Drone-Strategy-14042026.html,page,publication,304,not_modified,https://takshashila.org.in/content/publications/Shahed-Iran-Drone-Strategy-14042026.html,0,,,0,https://takshashila.org.in/content/publications/Shahed-Iran-Drone-Strategy-14042026.html,"[""sitemap"", ""known_state"", ""links""]",True,True,5,0,,,,,2026-09-23T17:34:16Z,41,2026-09-23T06:15:19.005Z
https://takshashila.org.in/content/publications/India-Mythos-Policy-Brief-22052026.html,page,publication,304,not_modified,https://takshashila.org.in/content/publications/India-Mythos-Policy-Brief-22052026.html,0,,,0,https://takshashila.org.in/content/team/lokendra-sharma.html,"[""sitemap"", ""known_state"", ""links""]",True,True,6,0,,,,,2026-09-23T17:34:16Z,43,2026-09-23T06:15:19.005Z
https://takshashila.org.in/content/publications/EU-Rearm-India-09032026.html,page,publication,304,not_modified,https://takshashila.org.in/content/publications/EU-Rearm-India-09032026.html,0,,,0,https://takshashila.org.in/content/publications/EU-Rearm-India-09032026.html,"[""sitemap"", ""known_state"", ""links""]",True,True,4,0,,,,,2026-09-23T17:34:16Z,41,2026-09-23T06:15:19.005Z
https://takshashila.org.in/content/publications/ChinaArms-20062026.html,page,publication,304,not_modified,https://takshashila.org.in/content/publications/ChinaArms-20062026.html,0,,,0,https://takshashila.org.in/pages/research-areas/,"[""sitemap"", ""known_state"", ""links""]",True,True,5,0,,,,,2026-09-23T17:34:16Z,43,2026-09-23T06:15:19.005Z
https://takshashila.org.in/content/publications/China-Ga-Ge-Export-Restrictions-29032026.html,page,publication,304,not_modified,https://takshashila.org.in/content/publications/China-Ga-Ge-Export-Restrictions-29032026.html,0,,,0,https://takshashila.org.in/pages/research-areas/,"[""sitemap"", ""known_state"", ""links""]",True,True,8,0,,,,,2026-09-23T17:34:16Z,42,2026-09-23T06:15:19.005Z
https://takshashila.org.in/content/publications/20260907-india-has-leverage-against-the-us-and-china.html,page,publication,304,not_modified,https://takshashila.org.in/content/publications/20260907-india-has-leverage-against-the-us-and-china.html,0,,,0,https://takshashila.org.in/,"[""sitemap"", ""known_state"", ""links""]",True,True,9,0,,,,,2026-09-23T17:34:17Z,44,2026-09-23T06:15:19.005Z
https://takshashila.org.in/content/publications/20260905-china-economic-warfare.html,page,publication,304,not_modified,https://takshashila.org.in/content/publications/20260905-china-economic-warfare.html,0,,,0,https://takshashila.org.in/,"[""sitemap"", ""known_state"", ""links""]",True,True,9,0,,,,,2026-09-23T17:34:17Z,41,2026-09-23T06:15:19.004Z
https://takshashila.org.in/content/publications/20260807-why-is-china-giving-away-its-ai-models.html,page,publication,304,not_modified,https://takshashila.org.in/content/publications/20260807-why-is-china-giving-away-its-ai-models.html,0,,,0,https://takshashila.org.in/content/team/nitin-pai.html,"[""sitemap"", ""known_state"", ""links""]",True,True,9,0,,,,,2026-09-23T17:34:17Z,43,2026-09-23T06:15:19.004Z
https://takshashila.org.in/content/publications/20260724-the-war-of-disruption.html,page,publication,304,not_modified,https://takshashila.org.in/content/publications/20260724-the-war-of-disruption.html,0,,,0,https://takshashila.org.in/content/team/anil-raman.html,"[""sitemap"", ""known_state"", ""links""]",True,True,6,0,,,,,2026-09-23T17:34:17Z,41,2026-09-23T06:15:19.004Z
https://takshashila.org.in/content/publications/20260720-subsea-cable-governance.html,page,publication,304,not_modified,https://takshashila.org.in/content/publications/20260720-subsea-cable-governance.html,0,,,0,https://takshashila.org.in/content/team/anwesha-sen.html,"[""sitemap"", ""known_state"", ""links""]",True,True,5,0,,,,,2026-09-23T17:34:18Z,41,2026-09-23T06:15:19.004Z
https://takshashila.org.in/content/publications/20260708-ai-investment-cycle.html,page,publication,304,not_modified,https://takshashila.org.in/content/publications/20260708-ai-investment-cycle.html,0,,,0,https://takshashila.org.in/content/publications/cleantech-evaluation-framework-22062026.html,"[""sitemap"", ""known_state"", ""links""]",True,True,6,0,,,,,2026-09-23T17:34:18Z,41,2026-09-23T06:15:19.003Z
https://takshashila.org.in/content/publications/20260429-Nvidia-and-China-India.html,page,publication,304,not_modified,https://takshashila.org.in/content/publications/20260429-Nvidia-and-China-India.html,0,,,0,https://takshashila.org.in/pages/research-areas/,"[""sitemap"", ""known_state"", ""links""]",True,True,7,0,,,,,2026-09-23T17:34:18Z,41,2026-09-23T06:15:19.003Z
https://takshashila.org.in/content/publications/20260420-from-gigawatts-to-megawatts.html,page,publication,304,not_modified,https://takshashila.org.in/content/publications/20260420-from-gigawatts-to-megawatts.html,0,,,0,https://takshashila.org.in/content/team/anwesha-sen.html,"[""sitemap"", ""known_state"", ""links""]",True,True,5,0,,,,,2026-09-23T17:34:19Z,41,2026-09-23T06:15:19.003Z
https://takshashila.org.in/content/publications/20260402-India%E2%80%99s-West%20Asian-Diplomacy.html,page,publication,304,not_modified,https://takshashila.org.in/content/publications/20260402-India%E2%80%99s-West%20Asian-Diplomacy.html,0,,,0,https://takshashila.org.in/content/publications/20260402-India%E2%80%99s-West%20Asian-Diplomacy.html,"[""sitemap"", ""known_state"", ""links""]",True,True,5,0,,,,,2026-09-23T17:34:19Z,41,2026-09-23T06:15:19.003Z
https://takshashila.org.in/content/publications/20260401-India-seaweed-opportunity.html,page,publication,304,not_modified,https://takshashila.org.in/content/publications/20260401-India-seaweed-opportunity.html,0,,,0,https://takshashila.org.in/content/team/anupam-manur.html,"[""sitemap"", ""known_state"", ""links""]",True,True,7,0,,,,,2026-09-23T17:34:19Z,43,2026-09-23T06:15:19.003Z
https://takshashila.org.in/content/publications/20260322-Beyond-Dollar.html,page,publication,304,not_modified,https://takshashila.org.in/content/publications/20260322-Beyond-Dollar.html,0,,,0,https://takshashila.org.in/content/publications/20260322-Beyond-Dollar.html,"[""sitemap"", ""known_state"", ""links""]",True,True,5,0,,,,,2026-09-23T17:34:19Z,42,2026-09-23T06:15:19.003Z
https://takshashila.org.in/content/publications/20260318-LPG-Geopolitics.html,page,publication,304,not_modified,https://takshashila.org.in/content/publications/20260318-LPG-Geopolitics.html,0,,,0,https://takshashila.org.in/pages/research-areas/,"[""sitemap"", ""known_state"", ""links""]",True,True,7,0,,,,,2026-09-23T17:34:20Z,42,2026-09-23T06:15:19.003Z
https://takshashila.org.in/content/publications/20260217-state-of-ai-governance-2025.html,page,publication,304,not_modified,https://takshashila.org.in/content/publications/20260217-state-of-ai-governance-2025.html,0,,,0,https://takshashila.org.in/pages/research-areas/,"[""sitemap"", ""known_state"", ""links""]",True,True,11,0,,,,,2026-09-23T17:34:20Z,52,2026-09-23T06:15:19.002Z
https://takshashila.org.in/content/publications/20260206-generative-ai-and-copyright-consultation.html,page,publication,304,not_modified,https://takshashila.org.in/content/publications/20260206-generative-ai-and-copyright-consultation.html,0,,,0,https://takshashila.org.in/content/publications/20260217-state-of-ai-governance-2025.html,"[""sitemap"", ""known_state"", ""links""]",True,True,6,0,,,,,2026-09-23T17:34:20Z,41,2026-09-23T06:15:19.002Z
https://takshashila.org.in/content/publications/20260123-India-Should-Double-Down-On-Rare-Earth-Recycling.html,page,publication,304,not_modified,https://takshashila.org.in/content/publications/20260123-India-Should-Double-Down-On-Rare-Earth-Recycling.html,0,,,0,https://takshashila.org.in/pages/research-areas/focus-areas/mineralpolitik.html,"[""sitemap"", ""known_state"", ""links""]",True,True,7,0,,,,,2026-09-23T17:34:20Z,44,2026-09-23T06:15:19.002Z
https://takshashila.org.in/content/publications/20260116-Shanti-Act-Advances-Reform-Streamlines-and-Dilutes-Liability.html,page,publication,304,not_modified,https://takshashila.org.in/content/publications/20260116-Shanti-Act-Advances-Reform-Streamlines-and-Dilutes-Liability.html,0,,,0,https://takshashila.org.in/content/team/lokendra-sharma.html,"[""sitemap"", ""known_state"", ""links""]",True,True,5,0,,,,,2026-09-23T17:34:20Z,41,2026-09-23T06:15:19.002Z
https://takshashila.org.in/content/publications/20260105-China-Military-Exercises.html,page,publication,304,not_modified,https://takshashila.org.in/content/publications/20260105-China-Military-Exercises.html,0,,,0,https://takshashila.org.in/content/publications/20260105-China-Military-Exercises.html,"[""sitemap"", ""known_state"", ""links""]",True,True,5,0,,,,,2026-09-23T17:34:21Z,41,2026-09-23T06:15:19.001Z
https://takshashila.org.in/content/publications/20251219-Taiwan-Workshop-Report.html,page,publication,304,not_modified,https://takshashila.org.in/content/publications/20251219-Taiwan-Workshop-Report.html,0,,,0,https://takshashila.org.in/content/team/manoj-kewalramani.html,"[""sitemap"", ""known_state"", ""links""]",True,True,6,0,,,,,2026-09-23T17:34:21Z,43,2026-09-23T06:15:19.001Z
https://takshashila.org.in/content/publications/20251216-Bio-Plastics-Biomanufacturing-Opportunity-for-India.html,page,publication,304,not_modified,https://takshashila.org.in/content/publications/20251216-Bio-Plastics-Biomanufacturing-Opportunity-for-India.html,0,,,0,https://takshashila.org.in/pages/research-areas/,"[""sitemap"", ""known_state"", ""links""]",True,True,6,0,,,,,2026-09-23T17:34:22Z,42,2026-09-23T06:15:19.001Z
https://takshashila.org.in/content/publications/20251209-geospatial-governance-global.html,page,publication,304,not_modified,https://takshashila.org.in/content/publications/20251209-geospatial-governance-global.html,0,,,0,https://takshashila.org.in/pages/research-areas/,"[""sitemap"", ""known_state"", ""links""]",True,True,6,0,,,,,2026-09-23T17:34:21Z,42,2026-09-23T06:15:19.001Z
https://takshashila.org.in/content/publications/20251117-China-s-Green-Hydrogen-Landscape.html,page,publication,304,not_modified,https://takshashila.org.in/content/publications/20251117-China-s-Green-Hydrogen-Landscape.html,0,,,0,https://takshashila.org.in/pages/publications/,"[""sitemap"", ""known_state"", ""links""]",True,True,5,0,,,,,2026-09-23T17:34:22Z,41,2026-09-23T06:15:19.001Z
https://takshashila.org.in/content/publications/20251112-LAWS.html,page,publication,304,not_modified,https://takshashila.org.in/content/publications/20251112-LAWS.html,0,,,0,https://takshashila.org.in/pages/publications/,"[""sitemap"", ""known_state"", ""links""]",True,True,7,0,,,,,2026-09-23T17:34:22Z,41,2026-09-23T06:15:19.001Z
https://takshashila.org.in/content/publications/20251029-Building-Indias-Data-Centres.html,page,publication,304,not_modified,https://takshashila.org.in/content/publications/20251029-Building-Indias-Data-Centres.html,0,,,0,https://takshashila.org.in/pages/publications/,"[""sitemap"", ""known_state"", ""links""]",True,True,8,0,,,,,2026-09-23T17:34:22Z,42,2026-09-23T06:15:19.000Z
https://takshashila.org.in/content/publications/20251024-State-of-Indian-geospatial-portals.html,page,publication,304,not_modified,https://takshashila.org.in/content/publications/20251024-State-of-Indian-geospatial-portals.html,0,,,0,https://takshashila.org.in/pages/publications/,"[""sitemap"", ""known_state"", ""links""]",True,True,5,0,,,,,2026-09-23T17:34:22Z,41,2026-09-23T06:15:19.000Z
https://takshashila.org.in/content/publications/20251015-Pak-Crypto-Implications.html,page,publication,304,not_modified,https://takshashila.org.in/content/publications/20251015-Pak-Crypto-Implications.html,0,,,0,https://takshashila.org.in/pages/publications/,"[""sitemap"", ""known_state"", ""links""]",True,True,6,0,,,,,2026-09-23T17:34:23Z,42,2026-09-23T06:15:19.000Z
https://takshashila.org.in/content/publications/20251013_Main_Battle_Tanks.html,page,publication,304,not_modified,https://takshashila.org.in/content/publications/20251013_Main_Battle_Tanks.html,0,,,0,https://takshashila.org.in/pages/publications/,"[""sitemap"", ""known_state"", ""links""]",True,True,6,0,,,,,2026-09-23T17:34:23Z,42,2026-09-23T06:15:19.000Z
https://takshashila.org.in/content/publications/20250923-FASTER-Policy-Idea-for-job-creation.html,page,publication,304,not_modified,https://takshashila.org.in/content/publications/20250923-FASTER-Policy-Idea-for-job-creation.html,0,,,0,https://takshashila.org.in/pages/publications/,"[""sitemap"", ""known_state"", ""links""]",True,True,4,0,,,,,2026-09-23T17:34:24Z,41,2026-09-23T06:15:19.000Z
https://takshashila.org.in/content/publications/20250909-Geopolitics-of-Bengalurus-Yellow-Metro-Line.html,page,publication,304,not_modified,https://takshashila.org.in/content/publications/20250909-Geopolitics-of-Bengalurus-Yellow-Metro-Line.html,0,,,0,https://takshashila.org.in/pages/publications/,"[""sitemap"", ""known_state"", ""links""]",True,True,6,0,,,,,2026-09-23T17:34:23Z,43,2026-09-23T06:15:18.999Z
https://takshashila.org.in/content/publications/20250819-A-Primer-On-Nuclear-Fusion.html,page,publication,304,not_modified,https://takshashila.org.in/content/publications/20250819-A-Primer-On-Nuclear-Fusion.html,0,,,0,https://takshashila.org.in/pages/publications/,"[""sitemap"", ""known_state"", ""links""]",True,True,5,0,,,,,2026-09-23T17:34:24Z,41,2026-09-23T06:15:18.999Z
https://takshashila.org.in/content/publications/20250728-a-framework-to-assess-indias-economic-diplomacy.html,page,publication,304,not_modified,https://takshashila.org.in/content/publications/20250728-a-framework-to-assess-indias-economic-diplomacy.html,0,,,0,https://takshashila.org.in/pages/publications/,"[""sitemap"", ""known_state"", ""links""]",True,True,6,0,,,,,2026-09-23T17:34:24Z,42,2026-09-23T06:15:18.999Z
https://takshashila.org.in/content/publications/20250617-Is-Space-the-Final-Frontier.html,page,publication,304,not_modified,https://takshashila.org.in/content/publications/20250617-Is-Space-the-Final-Frontier.html,0,,,0,https://takshashila.org.in/pages/publications/,"[""sitemap"", ""known_state"", ""links""]",True,True,6,0,,,,,2026-09-23T17:34:24Z,41,2026-09-23T06:15:18.999Z
https://takshashila.org.in/content/publications/20250612-Taming-the-Skies.html,page,publication,304,not_modified,https://takshashila.org.in/content/publications/20250612-Taming-the-Skies.html,0,,,0,https://takshashila.org.in/pages/publications/,"[""sitemap"", ""known_state"", ""links""]",True,True,4,0,,,,,2026-09-23T17:34:24Z,41,2026-09-23T06:15:18.999Z
https://takshashila.org.in/content/publications/20250524-DFG-MoST-UB2025-26.html,page,publication,304,not_modified,https://takshashila.org.in/content/publications/20250524-DFG-MoST-UB2025-26.html,0,,,0,https://takshashila.org.in/pages/publications/,"[""sitemap"", ""known_state"", ""links""]",True,True,6,0,,,,,2026-09-23T17:34:25Z,42,2026-09-23T06:15:18.999Z
https://takshashila.org.in/content/publications/20250514-chinas-local-governments.html,page,publication,304,not_modified,https://takshashila.org.in/content/publications/20250514-chinas-local-governments.html,0,,,0,https://takshashila.org.in/pages/publications/,"[""sitemap"", ""known_state"", ""links""]",True,True,5,0,,,,,2026-09-23T17:34:25Z,41,2026-09-23T06:15:18.999Z
https://takshashila.org.in/content/publications/20250509-mediation-interference-chinese-views-india-pakistan.html,page,publication,304,not_modified,https://takshashila.org.in/content/publications/20250509-mediation-interference-chinese-views-india-pakistan.html,0,,,0,https://takshashila.org.in/pages/publications/,"[""sitemap"", ""known_state"", ""links""]",True,True,5,0,,,,,2026-09-23T17:34:25Z,41,2026-09-23T06:15:18.999Z
https://takshashila.org.in/content/publications/20250503-Biotechnology-through-a-SamajSarkarBazaar-lens.html,page,publication,304,not_modified,https://takshashila.org.in/content/publications/20250503-Biotechnology-through-a-SamajSarkarBazaar-lens.html,0,,,0,https://takshashila.org.in/pages/publications/,"[""sitemap"", ""known_state"", ""links""]",True,True,7,0,,,,,2026-09-23T17:34:26Z,41,2026-09-23T06:15:18.999Z
https://takshashila.org.in/content/publications/20250423-IPR-tech-politics-underlying-power-transitions.html,page,publication,304,not_modified,https://takshashila.org.in/content/publications/20250423-IPR-tech-politics-underlying-power-transitions.html,0,,,0,https://takshashila.org.in/pages/publications/,"[""sitemap"", ""known_state"", ""links""]",True,True,6,0,,,,,2026-09-23T17:34:26Z,42,2026-09-23T06:15:18.999Z
https://takshashila.org.in/content/publications/20250410-skys-the-limit.html,page,publication,304,not_modified,https://takshashila.org.in/content/publications/20250410-skys-the-limit.html,0,,,0,https://takshashila.org.in/pages/publications/,"[""sitemap"", ""known_state"", ""links""]",True,True,5,0,,,,,2026-09-23T17:34:26Z,41,2026-09-23T06:15:18.999Z
https://takshashila.org.in/content/publications/20250401-TDD-Securing-the-Electronic-Hardware-Supply-Chain.html,page,publication,304,not_modified,https://takshashila.org.in/content/publications/20250401-TDD-Securing-the-Electronic-Hardware-Supply-Chain.html,0,,,0,https://takshashila.org.in/pages/publications/,"[""sitemap"", ""known_state"", ""links""]",True,True,7,0,,,,,2026-09-23T17:34:26Z,43,2026-09-23T06:15:18.998Z
https://takshashila.org.in/content/publications/20250325-Artificial-Intelligence-through-the-Samaaj-Sarkaar-Bazaar-Lens.html,page,publication,304,not_modified,https://takshashila.org.in/content/publications/20250325-Artificial-Intelligence-through-the-Samaaj-Sarkaar-Bazaar-Lens.html,0,,,0,https://takshashila.org.in/pages/publications/,"[""sitemap"", ""known_state"", ""links""]",True,True,5,0,,,,,2026-09-23T17:34:26Z,41,2026-09-23T06:15:18.998Z
https://takshashila.org.in/content/publications/20250131-Unshackling-India's-Cities.html,page,publication,304,not_modified,https://takshashila.org.in/content/publications/20250131-Unshackling-India's-Cities.html,0,,,0,https://takshashila.org.in/pages/publications/,"[""sitemap"", ""known_state"", ""links""]",True,True,4,0,,,,,2026-09-23T17:34:27Z,41,2026-09-23T06:15:18.998Z
https://takshashila.org.in/content/publications/20250104-framework-for-governing-emerging-technologies.html,page,publication,304,not_modified,https://takshashila.org.in/content/publications/20250104-framework-for-governing-emerging-technologies.html,0,,,0,https://takshashila.org.in/pages/publications/,"[""sitemap"", ""known_state"", ""links""]",True,True,6,0,,,,,2026-09-23T17:34:27Z,42,2026-09-23T06:15:18.998Z
https://takshashila.org.in/content/publications/20241224-delimitation-in-jk.html,page,publication,304,not_modified,https://takshashila.org.in/content/publications/20241224-delimitation-in-jk.html,0,,,0,https://takshashila.org.in/pages/publications/,"[""sitemap"", ""known_state"", ""links""]",True,True,4,0,,,,,2026-09-23T17:34:27Z,41,2026-09-23T06:15:18.998Z
https://takshashila.org.in/content/publications/20241217-survey-of-military-ai-technologies.html,page,publication,304,not_modified,https://takshashila.org.in/content/publications/20241217-survey-of-military-ai-technologies.html,0,,,0,https://takshashila.org.in/pages/publications/,"[""sitemap"", ""known_state"", ""links""]",True,True,7,0,,,,,2026-09-23T17:34:28Z,42,2026-09-23T06:15:18.998Z
https://takshashila.org.in/content/publications/20241217-assessing-nature-of-indias-critical-minerals.html,page,publication,304,not_modified,https://takshashila.org.in/content/publications/20241217-assessing-nature-of-indias-critical-minerals.html,0,,,0,https://takshashila.org.in/pages/publications/,"[""sitemap"", ""known_state"", ""links""]",True,True,4,0,,,,,2026-09-23T17:34:28Z,41,2026-09-23T06:15:18.998Z
https://takshashila.org.in/content/publications/20241208-india-australia-free-trade-agreement.html,page,publication,304,not_modified,https://takshashila.org.in/content/publications/20241208-india-australia-free-trade-agreement.html,0,,,0,https://takshashila.org.in/pages/publications/,"[""sitemap"", ""known_state"", ""links""]",True,True,5,0,,,,,2026-09-23T17:34:28Z,41,2026-09-23T06:15:18.998Z
https://takshashila.org.in/content/publications/20241113-A-Primer-on-AI-Chips.html,page,publication,304,not_modified,https://takshashila.org.in/content/publications/20241113-A-Primer-on-AI-Chips.html,0,,,0,https://takshashila.org.in/pages/publications/,"[""sitemap"", ""known_state"", ""links""]",True,True,6,0,,,,,2026-09-23T17:34:28Z,43,2026-09-23T06:15:18.998Z
https://takshashila.org.in/content/publications/20241110-indias-economic-future.html,page,publication,304,not_modified,https://takshashila.org.in/content/publications/20241110-indias-economic-future.html,0,,,0,https://takshashila.org.in/pages/publications/,"[""sitemap"", ""known_state"", ""links""]",True,True,5,0,,,,,2026-09-23T17:34:28Z,41,2026-09-23T06:15:18.997Z
https://takshashila.org.in/content/publications/20241023-environmental-cooperation.html,page,publication,304,not_modified,https://takshashila.org.in/content/publications/20241023-environmental-cooperation.html,0,,,0,https://takshashila.org.in/pages/publications/,"[""sitemap"", ""known_state"", ""links""]",True,True,8,0,,,,,2026-09-23T17:34:29Z,45,2026-09-23T06:15:18.997Z
https://takshashila.org.in/content/publications/20241015-contours-modus-vivendi-china.html,page,publication,304,not_modified,https://takshashila.org.in/content/publications/20241015-contours-modus-vivendi-china.html,0,,,0,https://takshashila.org.in/pages/publications/,"[""sitemap"", ""known_state"", ""links""]",True,True,5,0,,,,,2026-09-23T17:34:29Z,41,2026-09-23T06:15:18.997Z
https://takshashila.org.in/content/publications/20241007-usa-counter-chinas-dominance-chips.html,page,publication,304,not_modified,https://takshashila.org.in/content/publications/20241007-usa-counter-chinas-dominance-chips.html,0,,,0,https://takshashila.org.in/pages/publications/,"[""sitemap"", ""known_state"", ""links""]",True,True,5,0,,,,,2026-09-23T17:34:29Z,42,2026-09-23T06:15:18.997Z
https://takshashila.org.in/content/publications/20240922-chinese-analysts-global-south-leadership.html,page,publication,304,not_modified,https://takshashila.org.in/content/publications/20240922-chinese-analysts-global-south-leadership.html,0,,,0,https://takshashila.org.in/pages/publications/,"[""sitemap"", ""known_state"", ""links""]",True,True,5,0,,,,,2026-09-23T17:34:30Z,41,2026-09-23T06:15:18.997Z
https://takshashila.org.in/content/publications/20240906-Karnataka%20-16th-Finance-Commission.html,page,publication,304,not_modified,https://takshashila.org.in/content/publications/20240906-Karnataka%20-16th-Finance-Commission.html,0,,,0,https://takshashila.org.in/pages/publications/,"[""sitemap"", ""known_state"", ""links""]",True,True,6,0,,,,,2026-09-23T17:34:30Z,42,2026-09-23T06:15:18.997Z
https://takshashila.org.in/content/publications/20240902-The-Geopolitics-of-Indian-Talent.html,page,publication,304,not_modified,https://takshashila.org.in/content/publications/20240902-The-Geopolitics-of-Indian-Talent.html,0,,,0,https://takshashila.org.in/pages/publications/,"[""sitemap"", ""known_state"", ""links""]",True,True,8,0,,,,,2026-09-23T17:34:30Z,45,2026-09-23T06:15:18.997Z
https://takshashila.org.in/content/publications/20240802-Takshashila_June_Internal_Conference_Monograph.html,page,publication,304,not_modified,https://takshashila.org.in/content/publications/20240802-Takshashila_June_Internal_Conference_Monograph.html,0,,,0,https://takshashila.org.in/pages/publications/,"[""sitemap"", ""known_state"", ""links""]",True,True,6,0,,,,,2026-09-23T17:34:30Z,43,2026-09-23T06:15:18.997Z
https://takshashila.org.in/content/publications/20240725-Reimagining-Social-Security-for-21st-Century-India.html,page,publication,304,not_modified,https://takshashila.org.in/content/publications/20240725-Reimagining-Social-Security-for-21st-Century-India.html,0,,,0,https://takshashila.org.in/pages/publications/,"[""sitemap"", ""known_state"", ""links""]",True,True,4,0,,,,,2026-09-23T17:34:30Z,41,2026-09-23T06:15:18.997Z
https://takshashila.org.in/content/publications/20240716-De-Dollarisation-Trends-Discussion-Document.html,page,publication,304,not_modified,https://takshashila.org.in/content/publications/20240716-De-Dollarisation-Trends-Discussion-Document.html,0,,,0,https://takshashila.org.in/pages/publications/,"[""sitemap"", ""known_state"", ""links""]",True,True,5,0,,,,,2026-09-23T17:34:31Z,41,2026-09-23T06:15:18.997Z
https://takshashila.org.in/content/publications/20240710-What-Should-India's-Critical-Technology-Policy-Look-Like.html,page,publication,304,not_modified,https://takshashila.org.in/content/publications/20240710-What-Should-India's-Critical-Technology-Policy-Look-Like.html,0,,,0,https://takshashila.org.in/pages/publications/,"[""sitemap"", ""known_state"", ""links""]",True,True,5,0,,,,,2026-09-23T17:34:31Z,42,2026-09-23T06:15:18.997Z
https://takshashila.org.in/content/publications/20240710-Space-Reforms-in-India.html,page,publication,304,not_modified,https://takshashila.org.in/content/publications/20240710-Space-Reforms-in-India.html,0,,,0,https://takshashila.org.in/pages/publications/,"[""sitemap"", ""known_state"", ""links""]",True,True,6,0,,,,,2026-09-23T17:34:31Z,42,2026-09-23T06:15:18.996Z
https://takshashila.org.in/content/publications/20240613-testimony-us-china-commission.html,page,publication,304,not_modified,https://takshashila.org.in/content/publications/20240613-testimony-us-china-commission.html,0,,,0,https://takshashila.org.in/pages/publications/,"[""sitemap"", ""known_state"", ""links""]",True,True,5,0,,,,,2026-09-23T17:34:31Z,41,2026-09-23T06:15:18.996Z
https://takshashila.org.in/content/publications/20240604-Comments-On-Demand-For-Grants.html,page,publication,304,not_modified,https://takshashila.org.in/content/publications/20240604-Comments-On-Demand-For-Grants.html,0,,,0,https://takshashila.org.in/pages/publications/,"[""sitemap"", ""known_state"", ""links""]",True,True,6,0,,,,,2026-09-23T17:34:32Z,42,2026-09-23T06:15:18.996Z
https://takshashila.org.in/content/publications/20240520-tensions-social-media-democracy.html,page,publication,304,not_modified,https://takshashila.org.in/content/publications/20240520-tensions-social-media-democracy.html,0,,,0,https://takshashila.org.in/pages/publications/,"[""sitemap"", ""known_state"", ""links""]",True,True,4,0,,,,,2026-09-23T17:34:32Z,42,2026-09-23T06:15:18.996Z
https://takshashila.org.in/content/publications/20240516-operations-PLA-WTC.html,page,publication,304,not_modified,https://takshashila.org.in/content/publications/20240516-operations-PLA-WTC.html,0,,,0,https://takshashila.org.in/pages/publications/,"[""sitemap"", ""known_state"", ""links""]",True,True,6,0,,,,,2026-09-23T17:34:33Z,41,2026-09-23T06:15:18.996Z
https://takshashila.org.in/content/publications/20240416-India-Cannot-Afford-to-Ignore-Manufacturing.html,page,publication,304,not_modified,https://takshashila.org.in/content/publications/20240416-India-Cannot-Afford-to-Ignore-Manufacturing.html,0,,,0,https://takshashila.org.in/pages/publications/,"[""sitemap"", ""known_state"", ""links""]",True,True,5,0,,,,,2026-09-23T17:34:33Z,41,2026-09-23T06:15:18.996Z
https://takshashila.org.in/content/publications/20240412-supply-chain-market-scale-india-china.html,page,publication,304,not_modified,https://takshashila.org.in/content/publications/20240412-supply-chain-market-scale-india-china.html,0,,,0,https://takshashila.org.in/pages/publications/,"[""sitemap"", ""known_state"", ""links""]",True,True,5,0,,,,,2026-09-23T17:34:33Z,41,2026-09-23T06:15:18.996Z
https://takshashila.org.in/content/publications/20240319-Strategies-for-Reaching-a-$300-Billion-Indian-Bioeconomy-by-2030.html,page,publication,304,not_modified,https://takshashila.org.in/content/publications/20240319-Strategies-for-Reaching-a-$300-Billion-Indian-Bioeconomy-by-2030.html,0,,,0,https://takshashila.org.in/pages/publications/,"[""sitemap"", ""known_state"", ""links""]",True,True,7,0,,,,,2026-09-23T17:34:33Z,41,2026-09-23T06:15:18.996Z
https://takshashila.org.in/content/publications/20240309-geoconsumerism-india-china-competition.html,page,publication,304,not_modified,https://takshashila.org.in/content/publications/20240309-geoconsumerism-india-china-competition.html,0,,,0,https://takshashila.org.in/pages/publications/,"[""sitemap"", ""known_state"", ""links""]",True,True,5,0,,,,,2026-09-23T17:34:33Z,41,2026-09-23T06:15:18.996Z
https://takshashila.org.in/content/publications/20240213-building-support-for-taiwan.html,page,publication,304,not_modified,https://takshashila.org.in/content/publications/20240213-building-support-for-taiwan.html,0,,,0,https://takshashila.org.in/pages/publications/,"[""sitemap"", ""known_state"", ""links""]",True,True,5,0,,,,,2026-09-23T17:34:33Z,41,2026-09-23T06:15:18.996Z
https://takshashila.org.in/content/publications/20240201-Assessing-the-Global-and-Local-Landscape-of-Critical-Technologies.html,page,publication,304,not_modified,https://takshashila.org.in/content/publications/20240201-Assessing-the-Global-and-Local-Landscape-of-Critical-Technologies.html,0,,,0,https://takshashila.org.in/pages/publications/,"[""sitemap"", ""known_state"", ""links""]",True,True,7,0,,,,,2026-09-23T17:34:34Z,44,2026-09-23T06:15:18.996Z
https://takshashila.org.in/content/publications/20240110-the-quad-WIOR.html,page,publication,304,not_modified,https://takshashila.org.in/content/publications/20240110-the-quad-WIOR.html,0,,,0,https://takshashila.org.in/pages/publications/,"[""sitemap"", ""known_state"", ""links""]",True,True,4,0,,,,,2026-09-23T17:34:34Z,42,2026-09-23T06:15:18.996Z
https://takshashila.org.in/content/publications/20231206-The-Techno-Economic-Impact-of-the-Israel-Hamas-war.html,page,publication,304,not_modified,https://takshashila.org.in/content/publications/20231206-The-Techno-Economic-Impact-of-the-Israel-Hamas-war.html,0,,,0,https://takshashila.org.in/pages/publications/,"[""sitemap"", ""known_state"", ""links""]",True,True,7,0,,,,,2026-09-23T17:34:34Z,44,2026-09-23T06:15:18.996Z
https://takshashila.org.in/content/publications/20231204-chinas-guilded-age-book-review.html,page,publication,304,not_modified,https://takshashila.org.in/content/publications/20231204-chinas-guilded-age-book-review.html,0,,,0,https://takshashila.org.in/pages/publications/,"[""sitemap"", ""known_state"", ""links""]",True,True,5,0,,,,,2026-09-23T17:34:35Z,41,2026-09-23T06:15:18.995Z
https://takshashila.org.in/content/publications/20231125-a-pathway-to-ai-governance.html,page,publication,304,not_modified,https://takshashila.org.in/content/publications/20231125-a-pathway-to-ai-governance.html,0,,,0,https://takshashila.org.in/pages/publications/,"[""sitemap"", ""known_state"", ""links""]",True,True,10,0,,,,,2026-09-23T17:34:35Z,45,2026-09-23T06:15:18.995Z
https://takshashila.org.in/content/publications/20231108-Mitigation-of-Antimicrobial-Resistance-in-G20.html,page,publication,304,not_modified,https://takshashila.org.in/content/publications/20231108-Mitigation-of-Antimicrobial-Resistance-in-G20.html,0,,,0,https://takshashila.org.in/pages/publications/,"[""sitemap"", ""known_state"", ""links""]",True,True,5,0,,,,,2026-09-23T17:34:35Z,41,2026-09-23T06:15:18.995Z
https://takshashila.org.in/content/publications/20230928-china-UAVs-drone-autonomy.html,page,publication,304,not_modified,https://takshashila.org.in/content/publications/20230928-china-UAVs-drone-autonomy.html,0,,,0,https://takshashila.org.in/pages/publications/,"[""sitemap"", ""known_state"", ""links""]",True,True,5,0,,,,,2026-09-23T17:34:35Z,42,2026-09-23T06:15:18.995Z
https://takshashila.org.in/content/publications/20230921-what-is-quad-doing-indo-pacific.html,page,publication,304,not_modified,https://takshashila.org.in/content/publications/20230921-what-is-quad-doing-indo-pacific.html,0,,,0,https://takshashila.org.in/pages/publications/,"[""sitemap"", ""known_state"", ""links""]",True,True,4,0,,,,,2026-09-23T17:34:35Z,42,2026-09-23T06:15:18.995Z
https://takshashila.org.in/content/publications/20230904-Open-RAN-Challenges-and-Pathways-for-Adoption.html,page,publication,304,not_modified,https://takshashila.org.in/content/publications/20230904-Open-RAN-Challenges-and-Pathways-for-Adoption.html,0,,,0,https://takshashila.org.in/pages/publications/,"[""sitemap"", ""known_state"", ""links""]",True,True,5,0,,,,,2026-09-23T17:34:36Z,41,2026-09-23T06:15:18.995Z
https://takshashila.org.in/content/publications/20230811-mitigation-of-antimicrobial-resistance-amr-in-g20.html,page,publication,304,not_modified,https://takshashila.org.in/content/publications/20230811-mitigation-of-antimicrobial-resistance-amr-in-g20.html,0,,,0,https://takshashila.org.in/pages/publications/,"[""sitemap"", ""known_state"", ""links""]",True,True,5,0,,,,,2026-09-23T17:34:36Z,42,2026-09-23T06:15:18.995Z
https://takshashila.org.in/content/publications/20230810-Structuring-Integrated-Theatre-Commands-for-India.html,page,publication,304,not_modified,https://takshashila.org.in/content/publications/20230810-Structuring-Integrated-Theatre-Commands-for-India.html,0,,,0,https://takshashila.org.in/pages/publications/,"[""sitemap"", ""known_state"", ""links""]",True,True,5,0,,,,,2026-09-23T17:34:36Z,42,2026-09-23T06:15:18.995Z
https://takshashila.org.in/content/publications/20230801-India-and-International-Norms.html,page,publication,304,not_modified,https://takshashila.org.in/content/publications/20230801-India-and-International-Norms.html,0,,,0,https://takshashila.org.in/pages/publications/,"[""sitemap"", ""known_state"", ""links""]",True,True,5,0,,,,,2026-09-23T17:34:36Z,41,2026-09-23T06:15:18.995Z
https://takshashila.org.in/content/publications/20230726-Local-Body-Delimitation.html,page,publication,304,not_modified,https://takshashila.org.in/content/publications/20230726-Local-Body-Delimitation.html,0,,,0,https://takshashila.org.in/pages/publications/,"[""sitemap"", ""known_state"", ""links""]",True,True,5,0,,,,,2026-09-23T17:34:37Z,41,2026-09-23T06:15:18.995Z
https://takshashila.org.in/content/publications/20230708-Global-Distributed-Network-Of-Medical-Supplies.html,page,publication,304,not_modified,https://takshashila.org.in/content/publications/20230708-Global-Distributed-Network-Of-Medical-Supplies.html,0,,,0,https://takshashila.org.in/pages/publications/,"[""sitemap"", ""known_state"", ""links""]",True,True,5,0,,,,,2026-09-23T17:34:37Z,42,2026-09-23T06:15:18.995Z
https://takshashila.org.in/content/publications/20230630-TPB-Sustaining-Outer-Space.html,page,publication,304,not_modified,https://takshashila.org.in/content/publications/20230630-TPB-Sustaining-Outer-Space.html,0,,,0,https://takshashila.org.in/pages/publications/,"[""sitemap"", ""known_state"", ""links""]",True,True,4,0,,,,,2026-09-23T17:34:37Z,41,2026-09-23T06:15:18.995Z
https://takshashila.org.in/content/publications/20230620-indias-biotechnology-ecosystem-swot-analysis.html,page,publication,304,not_modified,https://takshashila.org.in/content/publications/20230620-indias-biotechnology-ecosystem-swot-analysis.html,0,,,0,https://takshashila.org.in/pages/publications/,"[""sitemap"", ""known_state"", ""links""]",True,True,6,0,,,,,2026-09-23T17:34:38Z,41,2026-09-23T06:15:18.994Z
https://takshashila.org.in/content/publications/20230607-analysing-indias-position-on-the-information-technology-agreement.html,page,publication,304,not_modified,https://takshashila.org.in/content/publications/20230607-analysing-indias-position-on-the-information-technology-agreement.html,0,,,0,https://takshashila.org.in/pages/publications/,"[""sitemap"", ""known_state"", ""links""]",True,True,5,0,,,,,2026-09-23T17:34:38Z,42,2026-09-23T06:15:18.994Z
https://takshashila.org.in/content/publications/20230526-the-china-taiwan-saga.html,page,publication,304,not_modified,https://takshashila.org.in/content/publications/20230526-the-china-taiwan-saga.html,0,,,0,https://takshashila.org.in/pages/publications/,"[""sitemap"", ""known_state"", ""links""]",True,True,6,0,,,,,2026-09-23T17:34:38Z,41,2026-09-23T06:15:18.994Z
https://takshashila.org.in/content/publications/20230515-time-to-launch-the-us-india-trade-relationship-into-another-orbit.html,page,publication,304,not_modified,https://takshashila.org.in/content/publications/20230515-time-to-launch-the-us-india-trade-relationship-into-another-orbit.html,0,,,0,https://takshashila.org.in/pages/publications/,"[""sitemap"", ""known_state"", ""links""]",True,True,9,0,,,,,2026-09-23T17:34:38Z,44,2026-09-23T06:15:18.994Z
https://takshashila.org.in/content/publications/20230513-T20_PolicyBrief_TF1_Data-Asymmetry-SupplyChain.html,page,publication,304,not_modified,https://takshashila.org.in/content/publications/20230513-T20_PolicyBrief_TF1_Data-Asymmetry-SupplyChain.html,0,,,0,https://takshashila.org.in/pages/publications/,"[""sitemap"", ""known_state"", ""links""]",True,True,6,0,,,,,2026-09-23T17:34:38Z,42,2026-09-23T06:15:18.994Z
https://takshashila.org.in/content/publications/20230508-quad-should-commit-to-bio-hub-in-india.html,page,publication,304,not_modified,https://takshashila.org.in/content/publications/20230508-quad-should-commit-to-bio-hub-in-india.html,0,,,0,https://takshashila.org.in/pages/publications/,"[""sitemap"", ""known_state"", ""links""]",True,True,6,0,,,,,2026-09-23T17:34:39Z,44,2026-09-23T06:15:18.994Z
https://takshashila.org.in/content/publications/20230503-T20PB.html,page,publication,304,not_modified,https://takshashila.org.in/content/publications/20230503-T20PB.html,0,,,0,https://takshashila.org.in/pages/publications/,"[""sitemap"", ""known_state"", ""links""]",True,True,5,0,,,,,2026-09-23T17:34:39Z,42,2026-09-23T06:15:18.994Z
https://takshashila.org.in/content/publications/20230417-Assessing-arguments-against-closer-India-US-Ties.html,page,publication,304,not_modified,https://takshashila.org.in/content/publications/20230417-Assessing-arguments-against-closer-India-US-Ties.html,0,,,0,https://takshashila.org.in/pages/publications/,"[""sitemap"", ""known_state"", ""links""]",True,True,4,0,,,,,2026-09-23T17:34:39Z,41,2026-09-23T06:15:18.994Z
https://takshashila.org.in/content/publications/20230322-chinas-two-front-conundrum.html,page,publication,304,not_modified,https://takshashila.org.in/content/publications/20230322-chinas-two-front-conundrum.html,0,,,0,https://takshashila.org.in/pages/publications/,"[""sitemap"", ""known_state"", ""links""]",True,True,5,0,,,,,2026-09-23T17:34:39Z,41,2026-09-23T06:15:18.994Z
https://takshashila.org.in/content/publications/20230314-rebooting-ai-in-india.html,page,publication,304,not_modified,https://takshashila.org.in/content/publications/20230314-rebooting-ai-in-india.html,0,,,0,https://takshashila.org.in/pages/publications/,"[""sitemap"", ""known_state"", ""links""]",True,True,4,0,,,,,2026-09-23T17:34:40Z,41,2026-09-23T06:15:18.994Z
https://takshashila.org.in/content/publications/20230309-india-china-border-tactics-talks.html,page,publication,304,not_modified,https://takshashila.org.in/content/publications/20230309-india-china-border-tactics-talks.html,0,,,0,https://takshashila.org.in/pages/publications/,"[""sitemap"", ""known_state"", ""links""]",True,True,6,0,,,,,2026-09-23T17:34:40Z,42,2026-09-23T06:15:18.994Z
https://takshashila.org.in/content/publications/20230224-One-year-of-Russia-Ukraine%20War.html,page,publication,304,not_modified,https://takshashila.org.in/content/publications/20230224-One-year-of-Russia-Ukraine%20War.html,0,,,0,https://takshashila.org.in/pages/publications/,"[""sitemap"", ""known_state"", ""links""]",True,True,5,0,,,,,2026-09-23T17:34:40Z,42,2026-09-23T06:15:18.994Z
https://takshashila.org.in/content/publications/20230213-Biotechnology-and-Geopolitics.html,page,publication,304,not_modified,https://takshashila.org.in/content/publications/20230213-Biotechnology-and-Geopolitics.html,0,,,0,https://takshashila.org.in/pages/publications/,"[""sitemap"", ""known_state"", ""links""]",True,True,4,0,,,,,2026-09-23T17:34:41Z,41,2026-09-23T06:15:18.994Z
https://takshashila.org.in/content/publications/20230210-High-Technology-Geopolitics-in-the-Post-Pandemic-World.html,page,publication,304,not_modified,https://takshashila.org.in/content/publications/20230210-High-Technology-Geopolitics-in-the-Post-Pandemic-World.html,0,,,0,https://takshashila.org.in/pages/publications/,"[""sitemap"", ""known_state"", ""links""]",True,True,7,0,,,,,2026-09-23T17:34:41Z,41,2026-09-23T06:15:18.994Z
https://takshashila.org.in/content/publications/20230209-gene-drives-and-vector-borne-diseases.html,page,publication,304,not_modified,https://takshashila.org.in/content/publications/20230209-gene-drives-and-vector-borne-diseases.html,0,,,0,https://takshashila.org.in/pages/publications/,"[""sitemap"", ""known_state"", ""links""]",True,True,5,0,,,,,2026-09-23T17:34:41Z,41,2026-09-23T06:15:18.993Z
https://takshashila.org.in/content/publications/20230203-On-Developing-an-Indigenous-Mobile-Operating-System.html,page,publication,304,not_modified,https://takshashila.org.in/content/publications/20230203-On-Developing-an-Indigenous-Mobile-Operating-System.html,0,,,0,https://takshashila.org.in/pages/publications/,"[""sitemap"", ""known_state"", ""links""]",True,True,5,0,,,,,2026-09-23T17:34:41Z,41,2026-09-23T06:15:18.993Z
https://takshashila.org.in/content/publications/20230131-The-Rare-Earth-Elements-Opportunity-for-India.html,page,publication,304,not_modified,https://takshashila.org.in/content/publications/20230131-The-Rare-Earth-Elements-Opportunity-for-India.html,0,,,0,https://takshashila.org.in/pages/publications/,"[""sitemap"", ""known_state"", ""links""]",True,True,5,0,,,,,2026-09-23T17:34:42Z,44,2026-09-23T06:15:18.993Z
https://takshashila.org.in/content/publications/20230126-approaches-to-advance-indias-interests-in-outer-space.html,page,publication,304,not_modified,https://takshashila.org.in/content/publications/20230126-approaches-to-advance-indias-interests-in-outer-space.html,0,,,0,https://takshashila.org.in/pages/publications/,"[""sitemap"", ""known_state"", ""links""]",True,True,6,0,,,,,2026-09-23T17:34:42Z,41,2026-09-23T06:15:18.993Z
https://takshashila.org.in/content/publications/20230106-ORF-Issue-Brief-Gene-Editing-and-the-Need-to-Reevaluate-Bioweapons.pdf.html,page,publication,304,not_modified,https://takshashila.org.in/content/publications/20230106-ORF-Issue-Brief-Gene-Editing-and-the-Need-to-Reevaluate-Bioweapons.pdf.html,0,,,0,https://takshashila.org.in/pages/publications/,"[""sitemap"", ""known_state"", ""links""]",True,True,5,0,,,,,2026-09-23T17:34:42Z,41,2026-09-23T06:15:18.993Z
https://takshashila.org.in/content/publications/20221230-indias-options-against-chinese-aggression.html,page,publication,304,not_modified,https://takshashila.org.in/content/publications/20221230-indias-options-against-chinese-aggression.html,0,,,0,https://takshashila.org.in/pages/publications/,"[""sitemap"", ""known_state"", ""links""]",True,True,4,0,,,,,2026-09-23T17:34:42Z,47,2026-09-23T06:15:18.993Z
https://takshashila.org.in/content/publications/20221130-chinas-zero-covid-policy-protests.html,page,publication,304,not_modified,https://takshashila.org.in/content/publications/20221130-chinas-zero-covid-policy-protests.html,0,,,0,https://takshashila.org.in/pages/publications/,"[""sitemap"", ""known_state"", ""links""]",True,True,4,0,,,,,2026-09-23T17:34:43Z,43,2026-09-23T06:15:18.993Z
https://takshashila.org.in/content/publications/20221130-Takshashila-Issue-Brief-Chinas-Zero-COVID-Policy-Protests.html,page,publication,304,not_modified,https://takshashila.org.in/content/publications/20221130-Takshashila-Issue-Brief-Chinas-Zero-COVID-Policy-Protests.html,0,,,0,https://takshashila.org.in/pages/publications/,"[""sitemap"", ""known_state"", ""links""]",True,True,4,0,,,,,2026-09-23T17:34:43Z,42,2026-09-23T06:15:18.993Z
https://takshashila.org.in/content/publications/20221114-GM-Mustard-Offers-a-Chance-to-Relook-at-India%E2%80%99s-Gene-Editing-Governance.html,page,publication,304,not_modified,https://takshashila.org.in/content/publications/20221114-GM-Mustard-Offers-a-Chance-to-Relook-at-India%E2%80%99s-Gene-Editing-Governance.html,0,,,0,https://takshashila.org.in/pages/publications/,"[""sitemap"", ""known_state"", ""links""]",True,True,5,0,,,,,2026-09-23T17:34:44Z,42,2026-09-23T06:15:18.993Z
https://takshashila.org.in/content/publications/20221107-Neither-Guns-nor-Butter.html,page,publication,304,not_modified,https://takshashila.org.in/content/publications/20221107-Neither-Guns-nor-Butter.html,0,,,0,https://takshashila.org.in/pages/publications/,"[""sitemap"", ""known_state"", ""links""]",True,True,5,0,,,,,2026-09-23T17:34:44Z,46,2026-09-23T06:15:18.993Z
https://takshashila.org.in/content/publications/20221104-Examining-the-Opportunities-and-Challenges-for-India%E2%80%99s-Human-Spaceflight-Programme.html,page,publication,304,not_modified,https://takshashila.org.in/content/publications/20221104-Examining-the-Opportunities-and-Challenges-for-India%E2%80%99s-Human-Spaceflight-Programme.html,0,,,0,https://takshashila.org.in/pages/publications/,"[""sitemap"", ""known_state"", ""links""]",True,True,5,0,,,,,2026-09-23T17:34:44Z,41,2026-09-23T06:15:18.993Z
https://takshashila.org.in/content/publications/20221003-Comments-on-the-Draft-Drugs-Medical-Devices-And-Cosmetics-Bill-2022.html,page,publication,304,not_modified,https://takshashila.org.in/content/publications/20221003-Comments-on-the-Draft-Drugs-Medical-Devices-And-Cosmetics-Bill-2022.html,0,,,0,https://takshashila.org.in/pages/publications/,"[""sitemap"", ""known_state"", ""links""]",True,True,5,0,,,,,2026-09-23T17:34:44Z,42,2026-09-23T06:15:18.993Z
https://takshashila.org.in/content/publications/20220926-TDS-AI-Hardware-Ecosystem-in-India.html,page,publication,304,not_modified,https://takshashila.org.in/content/publications/20220926-TDS-AI-Hardware-Ecosystem-in-India.html,0,,,0,https://takshashila.org.in/pages/publications/,"[""sitemap"", ""known_state"", ""links""]",True,True,4,0,,,,,2026-09-23T17:34:44Z,43,2026-09-23T06:15:18.993Z
https://takshashila.org.in/content/publications/20220918-An-Indian-Approach-to-Technology-Diplomacy.html,page,publication,304,not_modified,https://takshashila.org.in/content/publications/20220918-An-Indian-Approach-to-Technology-Diplomacy.html,0,,,0,https://takshashila.org.in/pages/publications/,"[""sitemap"", ""known_state"", ""links""]",True,True,4,0,,,,,2026-09-23T17:34:45Z,41,2026-09-23T06:15:18.993Z
https://takshashila.org.in/content/publications/20220828-Sri-Lankas-Economic-Crisis.html,page,publication,304,not_modified,https://takshashila.org.in/content/publications/20220828-Sri-Lankas-Economic-Crisis.html,0,,,0,https://takshashila.org.in/pages/publications/,"[""sitemap"", ""known_state"", ""links""]",True,True,6,0,,,,,2026-09-23T17:34:45Z,43,2026-09-23T06:15:18.992Z
https://takshashila.org.in/content/publications/20220822-Takshashila-Policy-Advisory-Comments-on-the-Draft-Drugs-Medical-Devices-And-Cosmetics-Bill-2022.html,page,publication,304,not_modified,https://takshashila.org.in/content/publications/20220822-Takshashila-Policy-Advisory-Comments-on-the-Draft-Drugs-Medical-Devices-And-Cosmetics-Bill-2022.html,0,,,0,https://takshashila.org.in/pages/publications/,"[""sitemap"", ""known_state"", ""links""]",True,True,5,0,,,,,2026-09-23T17:34:45Z,42,2026-09-23T06:15:18.992Z
https://takshashila.org.in/content/publications/20220817-indias-options-china-taiwan-tensions.html,page,publication,304,not_modified,https://takshashila.org.in/content/publications/20220817-indias-options-china-taiwan-tensions.html,0,,,0,https://takshashila.org.in/pages/publications/,"[""sitemap"", ""known_state"", ""links""]",True,True,4,0,,,,,2026-09-23T17:34:45Z,43,2026-09-23T06:15:18.992Z
https://takshashila.org.in/content/publications/20220810-the-rise-of-monkeypox-in-india.html,page,publication,304,not_modified,https://takshashila.org.in/content/publications/20220810-the-rise-of-monkeypox-in-india.html,0,,,0,https://takshashila.org.in/pages/publications/,"[""sitemap"", ""known_state"", ""links""]",True,True,4,0,,,,,2026-09-23T17:34:46Z,41,2026-09-23T06:15:18.992Z
https://takshashila.org.in/content/publications/20220805-Killing-of-al-Zawahiri-Raises%20-More-Questions-than-Provides-Answers.html,page,publication,304,not_modified,https://takshashila.org.in/content/publications/20220805-Killing-of-al-Zawahiri-Raises%20-More-Questions-than-Provides-Answers.html,0,,,0,https://takshashila.org.in/pages/publications/,"[""sitemap"", ""known_state"", ""links""]",True,True,6,0,,,,,2026-09-23T17:34:46Z,43,2026-09-23T06:15:18.992Z
https://takshashila.org.in/content/publications/20220722-India-US-Relationship-from-Strength-to-Strength.html,page,publication,304,not_modified,https://takshashila.org.in/content/publications/20220722-India-US-Relationship-from-Strength-to-Strength.html,0,,,0,https://takshashila.org.in/pages/publications/,"[""sitemap"", ""known_state"", ""links""]",True,True,4,0,,,,,2026-09-23T17:34:46Z,44,2026-09-23T06:15:18.992Z
https://takshashila.org.in/content/publications/20220705-nutritional-outcomes-in-karnataka-analysis-and-recommendations.html,page,publication,304,not_modified,https://takshashila.org.in/content/publications/20220705-nutritional-outcomes-in-karnataka-analysis-and-recommendations.html,0,,,0,https://takshashila.org.in/pages/publications/,"[""sitemap"", ""known_state"", ""links""]",True,True,5,0,,,,,2026-09-23T17:34:46Z,42,2026-09-23T06:15:18.992Z
https://takshashila.org.in/content/publications/20220615-The-Role-of-Semiconductors-in-Military-and-Defence-Technology.html,page,publication,304,not_modified,https://takshashila.org.in/content/publications/20220615-The-Role-of-Semiconductors-in-Military-and-Defence-Technology.html,0,,,0,https://takshashila.org.in/pages/publications/,"[""sitemap"", ""known_state"", ""links""]",True,True,4,0,,,,,2026-09-23T17:34:47Z,41,2026-09-23T06:15:18.992Z
https://takshashila.org.in/content/publications/20220609-Comments-on-NITI-Aayog%E2%80%99s-Draft-Battery-Swapping-Policy.html,page,publication,304,not_modified,https://takshashila.org.in/content/publications/20220609-Comments-on-NITI-Aayog%E2%80%99s-Draft-Battery-Swapping-Policy.html,0,,,0,https://takshashila.org.in/pages/publications/,"[""sitemap"", ""known_state"", ""links""]",True,True,5,0,,,,,2026-09-23T17:34:47Z,41,2026-09-23T06:15:18.992Z
https://takshashila.org.in/content/publications/20220530-Harnessing%20Trade%20Policy%20to%20Build%20Indias-Semiconductor-Industry.html,page,publication,304,not_modified,https://takshashila.org.in/content/publications/20220530-Harnessing%20Trade%20Policy%20to%20Build%20Indias-Semiconductor-Industry.html,0,,,0,https://takshashila.org.in/pages/publications/,"[""sitemap"", ""known_state"", ""links""]",True,True,5,0,,,,,2026-09-23T17:34:47Z,42,2026-09-23T06:15:18.992Z
https://takshashila.org.in/content/publications/20220521-estimating-the-impact-of-covid-19-in-india-from-life-insurance-claims.html,page,publication,304,not_modified,https://takshashila.org.in/content/publications/20220521-estimating-the-impact-of-covid-19-in-india-from-life-insurance-claims.html,0,,,0,https://takshashila.org.in/pages/publications/,"[""sitemap"", ""known_state"", ""links""]",True,True,5,0,,,,,2026-09-23T17:34:47Z,42,2026-09-23T06:15:18.992Z
https://takshashila.org.in/content/publications/20220516-Manur_India-Imports-1991.pdf.html,page,publication,304,not_modified,https://takshashila.org.in/content/publications/20220516-Manur_India-Imports-1991.pdf.html,0,,,0,https://takshashila.org.in/pages/publications/,"[""sitemap"", ""known_state"", ""links""]",True,True,5,0,,,,,2026-09-23T17:34:48Z,41,2026-09-23T06:15:18.992Z
https://takshashila.org.in/content/publications/20220503-Harnessing-trade-policies-to-build-Indias-semiconductor-industry.html,page,publication,304,not_modified,https://takshashila.org.in/content/publications/20220503-Harnessing-trade-policies-to-build-Indias-semiconductor-industry.html,0,,,0,https://takshashila.org.in/pages/publications/,"[""sitemap"", ""known_state"", ""links""]",True,True,5,0,,,,,2026-09-23T17:34:48Z,42,2026-09-23T06:15:18.991Z
https://takshashila.org.in/content/publications/20220415-A-Background-to-India%E2%80%99s-Position-in-the-Advanced-Computing-Age.html,page,publication,304,not_modified,https://takshashila.org.in/content/publications/20220415-A-Background-to-India%E2%80%99s-Position-in-the-Advanced-Computing-Age.html,0,,,0,https://takshashila.org.in/pages/publications/,"[""sitemap"", ""known_state"", ""links""]",True,True,4,0,,,,,2026-09-23T17:34:48Z,42,2026-09-23T06:15:18.991Z
https://takshashila.org.in/content/publications/20220316-afghanistan-pakistan-relations-road-ahead.html,page,publication,304,not_modified,https://takshashila.org.in/content/publications/20220316-afghanistan-pakistan-relations-road-ahead.html,0,,,0,https://takshashila.org.in/pages/publications/,"[""sitemap"", ""known_state"", ""links""]",True,True,4,0,,,,,2026-09-23T17:34:48Z,41,2026-09-23T06:15:18.991Z
https://takshashila.org.in/content/publications/20220310-Avenues-for-Taiwan-India-Health-Cooperation.html,page,publication,304,not_modified,https://takshashila.org.in/content/publications/20220310-Avenues-for-Taiwan-India-Health-Cooperation.html,0,,,0,https://takshashila.org.in/pages/publications/,"[""sitemap"", ""known_state"", ""links""]",True,True,5,0,,,,,2026-09-23T17:34:49Z,41,2026-09-23T06:15:18.991Z
https://takshashila.org.in/content/publications/20220222-how-indians-view-the-world.html,page,publication,304,not_modified,https://takshashila.org.in/content/publications/20220222-how-indians-view-the-world.html,0,,,0,https://takshashila.org.in/pages/publications/,"[""sitemap"", ""known_state"", ""links""]",True,True,5,0,,,,,2026-09-23T17:34:49Z,44,2026-09-23T06:15:18.991Z
https://takshashila.org.in/content/publications/20220214-Policy-advisory-on-Demand-for-grants-Union-Budget-FY22-23.html,page,publication,304,not_modified,https://takshashila.org.in/content/publications/20220214-Policy-advisory-on-Demand-for-grants-Union-Budget-FY22-23.html,0,,,0,https://takshashila.org.in/pages/publications/,"[""sitemap"", ""known_state"", ""links""]",True,True,8,0,,,,,2026-09-23T17:34:49Z,46,2026-09-23T06:15:18.991Z
https://takshashila.org.in/content/publications/20220127-TIP-Quad-and-Biotech.html,page,publication,304,not_modified,https://takshashila.org.in/content/publications/20220127-TIP-Quad-and-Biotech.html,0,,,0,https://takshashila.org.in/pages/publications/,"[""sitemap"", ""known_state"", ""links""]",True,True,5,0,,,,,2026-09-23T17:34:49Z,43,2026-09-23T06:15:18.991Z
https://takshashila.org.in/content/publications/20220117-chinas-technical-standardisation-framework.html,page,publication,304,not_modified,https://takshashila.org.in/content/publications/20220117-chinas-technical-standardisation-framework.html,0,,,0,https://takshashila.org.in/pages/publications/,"[""sitemap"", ""known_state"", ""links""]",True,True,4,0,,,,,2026-09-23T17:34:50Z,42,2026-09-23T06:15:18.991Z
https://takshashila.org.in/content/publications/20211231-russia-ukraine-tensions-risk-india.html,page,publication,304,not_modified,https://takshashila.org.in/content/publications/20211231-russia-ukraine-tensions-risk-india.html,0,,,0,https://takshashila.org.in/pages/publications/,"[""sitemap"", ""known_state"", ""links""]",True,True,4,0,,,,,2026-09-23T17:34:50Z,41,2026-09-23T06:15:18.991Z
https://takshashila.org.in/content/publications/20211207-TACKLING-NEW-COVID-19-VARIANTS.html,page,publication,304,not_modified,https://takshashila.org.in/content/publications/20211207-TACKLING-NEW-COVID-19-VARIANTS.html,0,,,0,https://takshashila.org.in/pages/publications/,"[""sitemap"", ""known_state"", ""links""]",True,True,5,0,,,,,2026-09-23T17:34:50Z,44,2026-09-23T06:15:18.991Z
https://takshashila.org.in/content/publications/20211123-Infrastructure-Development-in-Tibet.html,page,publication,304,not_modified,https://takshashila.org.in/content/publications/20211123-Infrastructure-Development-in-Tibet.html,0,,,0,https://takshashila.org.in/pages/publications/,"[""sitemap"", ""known_state"", ""links""]",True,True,4,0,,,,,2026-09-23T17:34:50Z,41,2026-09-23T06:15:18.991Z
https://takshashila.org.in/content/publications/20211108-Vaccine-Diplomacy-framework-for-India.html,page,publication,304,not_modified,https://takshashila.org.in/content/publications/20211108-Vaccine-Diplomacy-framework-for-India.html,0,,,0,https://takshashila.org.in/pages/publications/,"[""sitemap"", ""known_state"", ""links""]",True,True,5,0,,,,,2026-09-23T17:34:51Z,43,2026-09-23T06:15:18.991Z
https://takshashila.org.in/content/publications/20211021-navigating-geopolitics-of-international-technical-standards-for-india.html,page,publication,304,not_modified,https://takshashila.org.in/content/publications/20211021-navigating-geopolitics-of-international-technical-standards-for-india.html,0,,,0,https://takshashila.org.in/pages/publications/,"[""sitemap"", ""known_state"", ""links""]",True,True,4,0,,,,,2026-09-23T17:34:51Z,41,2026-09-23T06:15:18.990Z
https://takshashila.org.in/content/publications/20211002-indias-path-to-power.html,page,publication,304,not_modified,https://takshashila.org.in/content/publications/20211002-indias-path-to-power.html,0,,,0,https://takshashila.org.in/pages/publications/,"[""sitemap"", ""known_state"", ""links""]",True,True,7,0,,,,,2026-09-23T17:34:51Z,42,2026-09-23T06:15:18.990Z
https://takshashila.org.in/content/publications/20211001-Taliban's-Afghanistan-Takeover.html,page,publication,304,not_modified,https://takshashila.org.in/content/publications/20211001-Taliban's-Afghanistan-Takeover.html,0,,,0,https://takshashila.org.in/pages/publications/,"[""sitemap"", ""known_state"", ""links""]",True,True,4,0,,,,,2026-09-23T17:34:52Z,41,2026-09-23T06:15:18.990Z
https://takshashila.org.in/content/publications/20210910-Shaping-Narratives-Through-Selective-Use-of-Numbers-A-COVID-19-Case-Study.html,page,publication,304,not_modified,https://takshashila.org.in/content/publications/20210910-Shaping-Narratives-Through-Selective-Use-of-Numbers-A-COVID-19-Case-Study.html,0,,,0,https://takshashila.org.in/pages/publications/,"[""sitemap"", ""known_state"", ""links""]",True,True,4,0,,,,,2026-09-23T17:34:52Z,41,2026-09-23T06:15:18.990Z
https://takshashila.org.in/content/publications/20210901-China-Engagement-in-South-Asia.html,page,publication,304,not_modified,https://takshashila.org.in/content/publications/20210901-China-Engagement-in-South-Asia.html,0,,,0,https://takshashila.org.in/pages/publications/,"[""sitemap"", ""known_state"", ""links""]",True,True,5,0,,,,,2026-09-23T17:34:52Z,42,2026-09-23T06:15:18.990Z
https://takshashila.org.in/content/publications/20210819-TDD-National-Epidemic-Intelligence-Service-for-India.html,page,publication,304,not_modified,https://takshashila.org.in/content/publications/20210819-TDD-National-Epidemic-Intelligence-Service-for-India.html,0,,,0,https://takshashila.org.in/pages/publications/,"[""sitemap"", ""known_state"", ""links""]",True,True,5,0,,,,,2026-09-23T17:34:52Z,42,2026-09-23T06:15:18.990Z
https://takshashila.org.in/content/publications/20210729-India-and-the-Artemis-Accords.html,page,publication,304,not_modified,https://takshashila.org.in/content/publications/20210729-India-and-the-Artemis-Accords.html,0,,,0,https://takshashila.org.in/pages/publications/,"[""sitemap"", ""known_state"", ""links""]",True,True,6,0,,,,,2026-09-23T17:34:52Z,43,2026-09-23T06:15:18.990Z
https://takshashila.org.in/content/publications/20210716-Emerging-Paradigms-of-National-Security-Threats-Responses.html,page,publication,304,not_modified,https://takshashila.org.in/content/publications/20210716-Emerging-Paradigms-of-National-Security-Threats-Responses.html,0,,,0,https://takshashila.org.in/pages/publications/,"[""sitemap"", ""known_state"", ""links""]",True,True,4,0,,,,,2026-09-23T17:34:53Z,41,2026-09-23T06:15:18.990Z
https://takshashila.org.in/content/publications/20210702-NP_IPPR.html,page,publication,304,not_modified,https://takshashila.org.in/content/publications/20210702-NP_IPPR.html,0,,,0,https://takshashila.org.in/pages/publications/,"[""sitemap"", ""known_state"", ""links""]",True,True,5,0,,,,,2026-09-23T17:34:53Z,41,2026-09-23T06:15:18.990Z
https://takshashila.org.in/content/publications/20210602-Economic-Implications-of-WhatsApp%E2%80%99s-Lawsuit-against-the-Government-of-India.html,page,publication,304,not_modified,https://takshashila.org.in/content/publications/20210602-Economic-Implications-of-WhatsApp%E2%80%99s-Lawsuit-against-the-Government-of-India.html,0,,,0,https://takshashila.org.in/pages/publications/,"[""sitemap"", ""known_state"", ""links""]",True,True,4,0,,,,,2026-09-23T17:34:53Z,42,2026-09-23T06:15:18.990Z
https://takshashila.org.in/content/publications/20210508-The-case-of-the-farmers%E2%80%99-protests-in-India.html,page,publication,304,not_modified,https://takshashila.org.in/content/publications/20210508-The-case-of-the-farmers%E2%80%99-protests-in-India.html,0,,,0,https://takshashila.org.in/pages/publications/,"[""sitemap"", ""known_state"", ""links""]",True,True,4,0,,,,,2026-09-23T17:34:54Z,41,2026-09-23T06:15:18.990Z
https://takshashila.org.in/content/publications/20210427-Siliconpolitik-The-Case-for-a-Quad-Semiconductor-Partnership.html,page,publication,304,not_modified,https://takshashila.org.in/content/publications/20210427-Siliconpolitik-The-Case-for-a-Quad-Semiconductor-Partnership.html,0,,,0,https://takshashila.org.in/pages/publications/,"[""sitemap"", ""known_state"", ""links""]",True,True,5,0,,,,,2026-09-23T17:34:54Z,41,2026-09-23T06:15:18.990Z
https://takshashila.org.in/content/publications/20210316-a-space-doctrine-for-india.html,page,publication,304,not_modified,https://takshashila.org.in/content/publications/20210316-a-space-doctrine-for-india.html,0,,,0,https://takshashila.org.in/pages/publications/,"[""sitemap"", ""known_state"", ""links""]",True,True,6,0,,,,,2026-09-23T17:34:54Z,40,2026-09-23T06:15:18.990Z
https://takshashila.org.in/content/publications/20210301-Seeking-a-Seat-at-the-Table-India-Turns-to-the-Arctic.html,page,publication,304,not_modified,https://takshashila.org.in/content/publications/20210301-Seeking-a-Seat-at-the-Table-India-Turns-to-the-Arctic.html,0,,,0,https://takshashila.org.in/pages/publications/,"[""sitemap"", ""known_state"", ""links""]",True,True,5,0,,,,,2026-09-23T17:34:54Z,41,2026-09-23T06:15:18.990Z
https://takshashila.org.in/content/publications/20210113-Indias-Opportunity-to-Displace-China-in-Global-Supply-Chains_TDD_V1.0-2.html,page,publication,304,not_modified,https://takshashila.org.in/content/publications/20210113-Indias-Opportunity-to-Displace-China-in-Global-Supply-Chains_TDD_V1.0-2.html,0,,,0,https://takshashila.org.in/pages/publications/,"[""sitemap"", ""known_state"", ""links""]",True,True,7,0,,,,,2026-09-23T17:34:54Z,44,2026-09-23T06:15:18.989Z
https://takshashila.org.in/content/publications/20210111-IPR-India-Theatre-Expansion.html,page,publication,304,not_modified,https://takshashila.org.in/content/publications/20210111-IPR-India-Theatre-Expansion.html,0,,,0,https://takshashila.org.in/pages/publications/,"[""sitemap"", ""known_state"", ""links""]",True,True,4,0,,,,,2026-09-23T17:34:54Z,41,2026-09-23T06:15:18.989Z
https://takshashila.org.in/content/publications/2020819-Takshashila-Discussion%20Document-Reimagining-India's-Public-Health-Governance-System.html,page,publication,304,not_modified,https://takshashila.org.in/content/publications/2020819-Takshashila-Discussion%20Document-Reimagining-India's-Public-Health-Governance-System.html,0,,,0,https://takshashila.org.in/pages/publications/,"[""sitemap"", ""known_state"", ""links""]",True,True,5,0,,,,,2026-09-23T17:34:55Z,43,2026-09-23T06:15:18.989Z
https://takshashila.org.in/content/publications/20201231-The-China-Challenge.html,page,publication,304,not_modified,https://takshashila.org.in/content/publications/20201231-The-China-Challenge.html,0,,,0,https://takshashila.org.in/pages/publications/,"[""sitemap"", ""known_state"", ""links""]",True,True,5,0,,,,,2026-09-23T17:34:55Z,42,2026-09-23T06:15:18.989Z
https://takshashila.org.in/content/publications/20201117-TDS-A-Strategy-to-Make-India-a-Biotech-Leader-by-2025.html,page,publication,304,not_modified,https://takshashila.org.in/content/publications/20201117-TDS-A-Strategy-to-Make-India-a-Biotech-Leader-by-2025.html,0,,,0,https://takshashila.org.in/pages/publications/,"[""sitemap"", ""known_state"", ""links""]",True,True,5,0,,,,,2026-09-23T17:34:55Z,41,2026-09-23T06:15:18.989Z
https://takshashila.org.in/content/publications/20201105-A-COVID-19-Vaccine-Deployment-Strategy-For-India.html,page,publication,304,not_modified,https://takshashila.org.in/content/publications/20201105-A-COVID-19-Vaccine-Deployment-Strategy-For-India.html,0,,,0,https://takshashila.org.in/pages/publications/,"[""sitemap"", ""known_state"", ""links""]",True,True,8,0,,,,,2026-09-23T17:34:56Z,46,2026-09-23T06:15:18.989Z
https://takshashila.org.in/content/publications/20201005-Constraining-the-Pakistani-Military-Jihadi-Complex-In-a-Post-COVID-World.html,page,publication,304,not_modified,https://takshashila.org.in/content/publications/20201005-Constraining-the-Pakistani-Military-Jihadi-Complex-In-a-Post-COVID-World.html,0,,,0,https://takshashila.org.in/pages/publications/,"[""sitemap"", ""known_state"", ""links""]",True,True,5,0,,,,,2026-09-23T17:34:56Z,41,2026-09-23T06:15:18.989Z
https://takshashila.org.in/content/publications/20200928-Indian-Approach-to-Navigate-China-Rise.html,page,publication,304,not_modified,https://takshashila.org.in/content/publications/20200928-Indian-Approach-to-Navigate-China-Rise.html,0,,,0,https://takshashila.org.in/pages/publications/,"[""sitemap"", ""known_state"", ""links""]",True,True,5,0,,,,,2026-09-23T17:34:56Z,44,2026-09-23T06:15:18.989Z
https://takshashila.org.in/content/publications/20200920-5G-Huawei-Geopolitics-An-Indian-Roadmap.html,page,publication,304,not_modified,https://takshashila.org.in/content/publications/20200920-5G-Huawei-Geopolitics-An-Indian-Roadmap.html,0,,,0,https://takshashila.org.in/pages/publications/,"[""sitemap"", ""known_state"", ""links""]",True,True,5,0,,,,,2026-09-23T17:34:56Z,42,2026-09-23T06:15:18.989Z
https://takshashila.org.in/content/publications/20200904-COVID-19-Vaccine-Deployment-Strategy-for-India.html,page,publication,304,not_modified,https://takshashila.org.in/content/publications/20200904-COVID-19-Vaccine-Deployment-Strategy-for-India.html,0,,,0,https://takshashila.org.in/pages/publications/,"[""sitemap"", ""known_state"", ""links""]",True,True,8,0,,,,,2026-09-23T17:34:56Z,48,2026-09-23T06:15:18.989Z
https://takshashila.org.in/content/publications/20200902-COVID-19-Warrants-Long-Overdue-Doctrinal-Shifts-in-Military-Planning.html,page,publication,304,not_modified,https://takshashila.org.in/content/publications/20200902-COVID-19-Warrants-Long-Overdue-Doctrinal-Shifts-in-Military-Planning.html,0,,,0,https://takshashila.org.in/pages/publications/,"[""sitemap"", ""known_state"", ""links""]",True,True,6,0,,,,,2026-09-23T17:34:57Z,42,2026-09-23T06:15:18.989Z
https://takshashila.org.in/content/publications/20200716-The-Doklam-Imbroglio-July-2020-Update.html,page,publication,304,not_modified,https://takshashila.org.in/content/publications/20200716-The-Doklam-Imbroglio-July-2020-Update.html,0,,,0,https://takshashila.org.in/pages/publications/,"[""sitemap"", ""known_state"", ""links""]",True,True,5,0,,,,,2026-09-23T17:34:57Z,42,2026-09-23T06:15:18.989Z
https://takshashila.org.in/content/publications/20200626-Analysing-Digital-Platforms-Response-to-COVID-19-Information-Disorder.html,page,publication,304,not_modified,https://takshashila.org.in/content/publications/20200626-Analysing-Digital-Platforms-Response-to-COVID-19-Information-Disorder.html,0,,,0,https://takshashila.org.in/pages/publications/,"[""sitemap"", ""known_state"", ""links""]",True,True,4,0,,,,,2026-09-23T17:34:57Z,42,2026-09-23T06:15:18.989Z
https://takshashila.org.in/content/publications/20200618-COVID-Lessons-from-the-Second-World-War-18-June-Takshashila-Institution-v1.0.html,page,publication,304,not_modified,https://takshashila.org.in/content/publications/20200618-COVID-Lessons-from-the-Second-World-War-18-June-Takshashila-Institution-v1.0.html,0,,,0,https://takshashila.org.in/pages/publications/,"[""sitemap"", ""known_state"", ""links""]",True,True,5,0,,,,,2026-09-23T17:34:57Z,43,2026-09-23T06:15:18.988Z
https://takshashila.org.in/content/publications/20200612-indias-theatre-command-system.html,page,publication,304,not_modified,https://takshashila.org.in/content/publications/20200612-indias-theatre-command-system.html,0,,,0,https://takshashila.org.in/pages/publications/,"[""sitemap"", ""known_state"", ""links""]",True,True,6,0,,,,,2026-09-23T17:34:58Z,41,2026-09-23T06:15:18.988Z
https://takshashila.org.in/content/publications/20200609-Pooled-testing-for-the-Policymaker.html,page,publication,304,not_modified,https://takshashila.org.in/content/publications/20200609-Pooled-testing-for-the-Policymaker.html,0,,,0,https://takshashila.org.in/pages/publications/,"[""sitemap"", ""known_state"", ""links""]",True,True,5,0,,,,,2026-09-23T17:34:58Z,41,2026-09-23T06:15:18.988Z
https://takshashila.org.in/content/publications/20200603-China-Maritime-Coercion-in-COVID-19.html,page,publication,304,not_modified,https://takshashila.org.in/content/publications/20200603-China-Maritime-Coercion-in-COVID-19.html,0,,,0,https://takshashila.org.in/pages/publications/,"[""sitemap"", ""known_state"", ""links""]",True,True,6,0,,,,,2026-09-23T17:34:58Z,43,2026-09-23T06:15:18.988Z
https://takshashila.org.in/content/publications/20200522-TDS-Technological-Interventions-for-COVID-19-Management-An-Analysis.html,page,publication,304,not_modified,https://takshashila.org.in/content/publications/20200522-TDS-Technological-Interventions-for-COVID-19-Management-An-Analysis.html,0,,,0,https://takshashila.org.in/pages/publications/,"[""sitemap"", ""known_state"", ""links""]",True,True,4,0,,,,,2026-09-23T17:34:59Z,43,2026-09-23T06:15:18.988Z
https://takshashila.org.in/content/publications/20200521-Recommended-Draft-Space-Activities-Regulation-Bill.html,page,publication,304,not_modified,https://takshashila.org.in/content/publications/20200521-Recommended-Draft-Space-Activities-Regulation-Bill.html,0,,,0,https://takshashila.org.in/pages/publications/,"[""sitemap"", ""known_state"", ""links""]",True,True,6,0,,,,,2026-09-23T17:35:00Z,44,2026-09-23T06:15:18.988Z
https://takshashila.org.in/content/publications/20200518-TDD-Attracting-Large-Investments-in-the-Post-COVID-19-World-SK-SP-18thMay-v1.0.html,page,publication,304,not_modified,https://takshashila.org.in/content/publications/20200518-TDD-Attracting-Large-Investments-in-the-Post-COVID-19-World-SK-SP-18thMay-v1.0.html,0,,,0,https://takshashila.org.in/pages/publications/,"[""sitemap"", ""known_state"", ""links""]",True,True,5,0,,,,,2026-09-23T17:35:00Z,42,2026-09-23T06:15:18.988Z
https://takshashila.org.in/content/publications/20200507-India-post-Covid-World-Order.html,page,publication,304,not_modified,https://takshashila.org.in/content/publications/20200507-India-post-Covid-World-Order.html,0,,,0,https://takshashila.org.in/pages/publications/,"[""sitemap"", ""known_state"", ""links""]",True,True,6,0,,,,,2026-09-23T17:35:00Z,44,2026-09-23T06:15:18.988Z
https://takshashila.org.in/content/publications/20200429-China-Foreign-Policy-in-the-Post-Covid-World-Order.html,page,publication,304,not_modified,https://takshashila.org.in/content/publications/20200429-China-Foreign-Policy-in-the-Post-Covid-World-Order.html,0,,,0,https://takshashila.org.in/pages/publications/,"[""sitemap"", ""known_state"", ""links""]",True,True,7,0,,,,,2026-09-23T17:35:01Z,43,2026-09-23T06:15:18.988Z
https://takshashila.org.in/content/publications/20200414-TDD-Networked-Protests-State-Responses-The-Case-of-Hong-Kong.html,page,publication,304,not_modified,https://takshashila.org.in/content/publications/20200414-TDD-Networked-Protests-State-Responses-The-Case-of-Hong-Kong.html,0,,,0,https://takshashila.org.in/pages/publications/,"[""sitemap"", ""known_state"", ""links""]",True,True,5,0,,,,,2026-09-23T17:35:01Z,42,2026-09-23T06:15:18.987Z
https://takshashila.org.in/content/publications/20200328-TSA-Pakistan-Covid19.html,page,publication,304,not_modified,https://takshashila.org.in/content/publications/20200328-TSA-Pakistan-Covid19.html,0,,,0,https://takshashila.org.in/pages/publications/,"[""sitemap"", ""known_state"", ""links""]",True,True,6,0,,,,,2026-09-23T17:35:01Z,43,2026-09-23T06:15:18.987Z
https://takshashila.org.in/content/publications/20200317-TDD_SPRBackground_AM_RS_NR_V2_2020-02.html,page,publication,304,not_modified,https://takshashila.org.in/content/publications/20200317-TDD_SPRBackground_AM_RS_NR_V2_2020-02.html,0,,,0,https://takshashila.org.in/pages/publications/,"[""sitemap"", ""known_state"", ""links""]",True,True,5,0,,,,,2026-09-23T17:35:02Z,43,2026-09-23T06:15:18.987Z
https://takshashila.org.in/content/publications/20200309-Xi-Military-Reforms.html,page,publication,304,not_modified,https://takshashila.org.in/content/publications/20200309-Xi-Military-Reforms.html,0,,,0,https://takshashila.org.in/pages/publications/,"[""sitemap"", ""known_state"", ""links""]",True,True,5,0,,,,,2026-09-23T17:35:02Z,42,2026-09-23T06:15:18.987Z
https://takshashila.org.in/content/publications/20200108-The-New-Space-Policy-2020.html,page,publication,304,not_modified,https://takshashila.org.in/content/publications/20200108-The-New-Space-Policy-2020.html,0,,,0,https://takshashila.org.in/pages/publications/,"[""sitemap"", ""known_state"", ""links""]",True,True,5,0,,,,,2026-09-23T17:35:02Z,41,2026-09-23T06:15:18.987Z
https://takshashila.org.in/content/publications/20191423-TDD-Measures-for-India-to-tackle-biowarfare-threats.html,page,publication,304,not_modified,https://takshashila.org.in/content/publications/20191423-TDD-Measures-for-India-to-tackle-biowarfare-threats.html,0,,,0,https://takshashila.org.in/pages/publications/,"[""sitemap"", ""known_state"", ""links""]",True,True,4,0,,,,,2026-09-23T17:35:02Z,41,2026-09-23T06:15:18.987Z
https://takshashila.org.in/content/publications/20191211-Space-power-and-Space-Warfare.html,page,publication,304,not_modified,https://takshashila.org.in/content/publications/20191211-Space-power-and-Space-Warfare.html,0,,,0,https://takshashila.org.in/pages/publications/,"[""sitemap"", ""known_state"", ""links""]",True,True,5,0,,,,,2026-09-23T17:35:02Z,41,2026-09-23T06:15:18.987Z
https://takshashila.org.in/content/publications/20190924-TDD-Human-Capital-Investment-Model-for-India%E2%80%99s-National-Security-System.html,page,publication,304,not_modified,https://takshashila.org.in/content/publications/20190924-TDD-Human-Capital-Investment-Model-for-India%E2%80%99s-National-Security-System.html,0,,,0,https://takshashila.org.in/pages/publications/,"[""sitemap"", ""known_state"", ""links""]",True,True,6,0,,,,,2026-09-23T17:35:02Z,42,2026-09-23T06:15:18.987Z
https://takshashila.org.in/content/publications/20190915-Putting-India-on-the-road-to-becoming-an-AI-superpower.html,page,publication,304,not_modified,https://takshashila.org.in/content/publications/20190915-Putting-India-on-the-road-to-becoming-an-AI-superpower.html,0,,,0,https://takshashila.org.in/pages/publications/,"[""sitemap"", ""known_state"", ""links""]",True,True,4,0,,,,,2026-09-23T17:35:03Z,41,2026-09-23T06:15:18.987Z
https://takshashila.org.in/content/publications/20190801-Quality-of-Service-Based-Differential-Pricing-for-Data-Services.html,page,publication,304,not_modified,https://takshashila.org.in/content/publications/20190801-Quality-of-Service-Based-Differential-Pricing-for-Data-Services.html,0,,,0,https://takshashila.org.in/pages/publications/,"[""sitemap"", ""known_state"", ""links""]",True,True,5,0,,,,,2026-09-23T17:35:03Z,43,2026-09-23T06:15:18.987Z
https://takshashila.org.in/content/publications/20190621-nuclear-first-use-a-critique.html,page,publication,304,not_modified,https://takshashila.org.in/content/publications/20190621-nuclear-first-use-a-critique.html,0,,,0,https://takshashila.org.in/pages/publications/,"[""sitemap"", ""known_state"", ""links""]",True,True,7,0,,,,,2026-09-23T17:35:03Z,43,2026-09-23T06:15:18.987Z
https://takshashila.org.in/content/publications/20190603-Biological-Weapons-The-Impact-of-New-Technologies.html,page,publication,304,not_modified,https://takshashila.org.in/content/publications/20190603-Biological-Weapons-The-Impact-of-New-Technologies.html,0,,,0,https://takshashila.org.in/pages/publications/,"[""sitemap"", ""known_state"", ""links""]",True,True,5,0,,,,,2026-09-23T17:35:03Z,41,2026-09-23T06:15:18.987Z
https://takshashila.org.in/content/publications/20190117-TDD-Managing-the-HR-Challenge.html,page,publication,304,not_modified,https://takshashila.org.in/content/publications/20190117-TDD-Managing-the-HR-Challenge.html,0,,,0,https://takshashila.org.in/pages/publications/,"[""sitemap"", ""known_state"", ""links""]",True,True,6,0,,,,,2026-09-23T17:35:04Z,43,2026-09-23T06:15:18.987Z
https://takshashila.org.in/content/publications/20181204-TDD-Mobilised-Violence-MC-AP-DJ-2018-03.html,page,publication,304,not_modified,https://takshashila.org.in/content/publications/20181204-TDD-Mobilised-Violence-MC-AP-DJ-2018-03.html,0,,,0,https://takshashila.org.in/pages/publications/,"[""sitemap"", ""known_state"", ""links""]",True,True,4,0,,,,,2026-09-23T17:35:05Z,43,2026-09-23T06:15:18.987Z
https://takshashila.org.in/content/publications/20181001-Chinas-Quest-for-AI-Leadership.html,page,publication,304,not_modified,https://takshashila.org.in/content/publications/20181001-Chinas-Quest-for-AI-Leadership.html,0,,,0,https://takshashila.org.in/pages/publications/,"[""sitemap"", ""known_state"", ""links""]",True,True,5,0,,,,,2026-09-23T17:35:05Z,41,2026-09-23T06:15:18.986Z
https://takshashila.org.in/content/publications/20180801-regulating-multi-sided-platforms-challenges-in-the-indian-context.html,page,publication,304,not_modified,https://takshashila.org.in/content/publications/20180801-regulating-multi-sided-platforms-challenges-in-the-indian-context.html,0,,,0,https://takshashila.org.in/pages/publications/,"[""sitemap"", ""known_state"", ""links""]",True,True,6,0,,,,,2026-09-23T17:35:05Z,41,2026-09-23T06:15:18.986Z
https://takshashila.org.in/content/publications/20180709-TDD-Indias-Strategies-New-World-Order-AK-PK-AM-2018-02.html,page,publication,304,not_modified,https://takshashila.org.in/content/publications/20180709-TDD-Indias-Strategies-New-World-Order-AK-PK-AM-2018-02.html,0,,,0,https://takshashila.org.in/pages/publications/,"[""sitemap"", ""known_state"", ""links""]",True,True,6,0,,,,,2026-09-23T17:35:05Z,43,2026-09-23T06:15:18.986Z
https://takshashila.org.in/content/publications/20180620-TSA-Impact-of-Pashtun-Tahafuz-Movement.html,page,publication,304,not_modified,https://takshashila.org.in/content/publications/20180620-TSA-Impact-of-Pashtun-Tahafuz-Movement.html,0,,,0,https://takshashila.org.in/pages/publications/,"[""sitemap"", ""known_state"", ""links""]",True,True,4,0,,,,,2026-09-23T17:35:05Z,43,2026-09-23T06:15:18.986Z
https://takshashila.org.in/content/publications/20180507-TSA-India-Bhutan-Relationships.html,page,publication,304,not_modified,https://takshashila.org.in/content/publications/20180507-TSA-India-Bhutan-Relationships.html,0,,,0,https://takshashila.org.in/pages/publications/,"[""sitemap"", ""known_state"", ""links""]",True,True,4,0,,,,,2026-09-23T17:35:06Z,43,2026-09-23T06:15:18.986Z
https://takshashila.org.in/content/publications/20180410-TSA-Political-Developments-in-Sri-Lanka.html,page,publication,304,not_modified,https://takshashila.org.in/content/publications/20180410-TSA-Political-Developments-in-Sri-Lanka.html,0,,,0,https://takshashila.org.in/pages/publications/,"[""sitemap"", ""known_state"", ""links""]",True,True,4,0,,,,,2026-09-23T17:35:07Z,43,2026-09-23T06:15:18.986Z
https://takshashila.org.in/content/publications/20171231-framework-for-governing-human-gene-editing-in-india.html,page,publication,304,not_modified,https://takshashila.org.in/content/publications/20171231-framework-for-governing-human-gene-editing-in-india.html,0,,,0,https://takshashila.org.in/pages/publications/,"[""sitemap"", ""known_state"", ""links""]",True,True,6,0,,,,,2026-09-23T17:35:07Z,44,2026-09-23T06:15:18.986Z
https://takshashila.org.in/content/publications/20171018-Privacy-Security-and-Ownership-of-Data-in-the-Telecom-Sector.html,page,publication,304,not_modified,https://takshashila.org.in/content/publications/20171018-Privacy-Security-and-Ownership-of-Data-in-the-Telecom-Sector.html,0,,,0,https://takshashila.org.in/pages/publications/,"[""sitemap"", ""known_state"", ""links""]",True,True,4,0,,,,,2026-09-23T17:35:08Z,43,2026-09-23T06:15:18.986Z
https://takshashila.org.in/content/publications/20171013-TDD-Governing-Gene-Editing.html,page,publication,304,not_modified,https://takshashila.org.in/content/publications/20171013-TDD-Governing-Gene-Editing.html,0,,,0,https://takshashila.org.in/pages/publications/,"[""sitemap"", ""known_state"", ""links""]",True,True,4,0,,,,,2026-09-23T17:35:08Z,45,2026-09-23T06:15:18.986Z
https://takshashila.org.in/content/publications/20170923-TPP-Governing-Gene-Editing.html,page,publication,304,not_modified,https://takshashila.org.in/content/publications/20170923-TPP-Governing-Gene-Editing.html,0,,,0,https://takshashila.org.in/pages/publications/,"[""sitemap"", ""known_state"", ""links""]",True,True,5,0,,,,,2026-09-23T17:35:09Z,44,2026-09-23T06:15:18.986Z
https://takshashila.org.in/content/publications/20170728-TDD-Beyond-Consent-Data-Protection.html,page,publication,304,not_modified,https://takshashila.org.in/content/publications/20170728-TDD-Beyond-Consent-Data-Protection.html,0,,,0,https://takshashila.org.in/pages/publications/,"[""sitemap"", ""known_state"", ""links""]",True,True,4,0,,,,,2026-09-23T17:35:09Z,42,2026-09-23T06:15:18.986Z
https://takshashila.org.in/content/publications/20170612-Kaveri-Water-Management_Nidhi-Gupta.html,page,publication,304,not_modified,https://takshashila.org.in/content/publications/20170612-Kaveri-Water-Management_Nidhi-Gupta.html,0,,,0,https://takshashila.org.in/pages/publications/,"[""sitemap"", ""known_state"", ""links""]",True,True,4,0,,,,,2026-09-23T17:35:08Z,41,2026-09-23T06:15:18.986Z
https://takshashila.org.in/content/publications/20170208-Climate-Change-and-National-Security.html,page,publication,304,not_modified,https://takshashila.org.in/content/publications/20170208-Climate-Change-and-National-Security.html,0,,,0,https://takshashila.org.in/pages/publications/,"[""sitemap"", ""known_state"", ""links""]",True,True,5,0,,,,,2026-09-23T17:35:08Z,41,2026-09-23T06:15:18.986Z
https://takshashila.org.in/content/publications/20161202-Diaspora-Evacuation-Roundtable.html,page,publication,304,not_modified,https://takshashila.org.in/content/publications/20161202-Diaspora-Evacuation-Roundtable.html,0,,,0,https://takshashila.org.in/pages/publications/,"[""sitemap"", ""known_state"", ""links""]",True,True,4,0,,,,,2026-09-23T17:35:09Z,42,2026-09-23T06:15:18.986Z
https://takshashila.org.in/content/publications/20161130-TDD-Unaccounted-Income-AM-MV-2016-05-29-Nov1.html,page,publication,304,not_modified,https://takshashila.org.in/content/publications/20161130-TDD-Unaccounted-Income-AM-MV-2016-05-29-Nov1.html,0,,,0,https://takshashila.org.in/pages/publications/,"[""sitemap"", ""known_state"", ""links""]",True,True,5,0,,,,,2026-09-23T17:35:08Z,42,2026-09-23T06:15:18.985Z
https://takshashila.org.in/content/publications/20161129-TBLP-The-Role-of-Airpower-in-India's-National-Security.html,page,publication,304,not_modified,https://takshashila.org.in/content/publications/20161129-TBLP-The-Role-of-Airpower-in-India's-National-Security.html,0,,,0,https://takshashila.org.in/pages/publications/,"[""sitemap"", ""known_state"", ""links""]",True,True,4,0,,,,,2026-09-23T17:35:09Z,41,2026-09-23T06:15:18.985Z
https://takshashila.org.in/content/publications/20161123-Slidedoc-Currency-Reform-Analysis.html,page,publication,304,not_modified,https://takshashila.org.in/content/publications/20161123-Slidedoc-Currency-Reform-Analysis.html,0,,,0,https://takshashila.org.in/pages/publications/,"[""sitemap"", ""known_state"", ""links""]",True,True,6,0,,,,,2026-09-23T17:35:10Z,42,2026-09-23T06:15:18.985Z
https://takshashila.org.in/content/publications/20160810-Capacity%20Analysis-for-Evacuation-of-Indian-Diaspora.html,page,publication,304,not_modified,https://takshashila.org.in/content/publications/20160810-Capacity%20Analysis-for-Evacuation-of-Indian-Diaspora.html,0,,,0,https://takshashila.org.in/pages/publications/,"[""sitemap"", ""known_state"", ""links""]",True,True,5,0,,,,,2026-09-23T17:35:10Z,41,2026-09-23T06:15:18.985Z
https://takshashila.org.in/content/publications/20160609-TPA-Privatising-Film-Certification-MC-AA-SP-SG-2016-03.html,page,publication,304,not_modified,https://takshashila.org.in/content/publications/20160609-TPA-Privatising-Film-Certification-MC-AA-SP-SG-2016-03.html,0,,,0,https://takshashila.org.in/pages/publications/,"[""sitemap"", ""known_state"", ""links""]",True,True,4,0,,,,,2026-09-23T17:35:10Z,46,2026-09-23T06:15:18.985Z
https://takshashila.org.in/content/publications/20160202-TPB-2016-02-SG-Pune-Parking.html,page,publication,304,not_modified,https://takshashila.org.in/content/publications/20160202-TPB-2016-02-SG-Pune-Parking.html,0,,,0,https://takshashila.org.in/pages/publications/,"[""sitemap"", ""known_state"", ""links""]",True,True,4,0,,,,,2026-09-23T17:35:10Z,41,2026-09-23T06:15:18.985Z
https://takshashila.org.in/content/publications/20151210-A-Global-Climate-Change-Relocation-Insurance-Framework.html,page,publication,304,not_modified,https://takshashila.org.in/content/publications/20151210-A-Global-Climate-Change-Relocation-Insurance-Framework.html,0,,,0,https://takshashila.org.in/pages/publications/,"[""sitemap"", ""known_state"", ""links""]",True,True,5,0,,,,,2026-09-23T17:35:10Z,44,2026-09-23T06:15:18.985Z
https://takshashila.org.in/content/publications/20150826-TCS-Metronet-Implications-India-MA-2015-01.html,page,publication,304,not_modified,https://takshashila.org.in/content/publications/20150826-TCS-Metronet-Implications-India-MA-2015-01.html,0,,,0,https://takshashila.org.in/pages/publications/,"[""sitemap"", ""known_state"", ""links""]",True,True,4,0,,,,,2026-09-23T17:35:12Z,43,2026-09-23T06:15:18.985Z
https://takshashila.org.in/content/publications/20150813-TDD-Economic-Social-Policy-Asher-2015-03.html,page,publication,304,not_modified,https://takshashila.org.in/content/publications/20150813-TDD-Economic-Social-Policy-Asher-2015-03.html,0,,,0,https://takshashila.org.in/pages/publications/,"[""sitemap"", ""known_state"", ""links""]",True,True,4,0,,,,,2026-09-23T17:35:11Z,41,2026-09-23T06:15:18.985Z
https://takshashila.org.in/content/publications/20150713-India-Iran-Mapping-the-future.html,page,publication,304,not_modified,https://takshashila.org.in/content/publications/20150713-India-Iran-Mapping-the-future.html,0,,,0,https://takshashila.org.in/pages/publications/,"[""sitemap"", ""known_state"", ""links""]",True,True,4,0,,,,,2026-09-23T17:35:12Z,41,2026-09-23T06:15:18.985Z
https://takshashila.org.in/content/publications/20150520-The-Eightfold-Path-to-Indias-Nuclear-Fuel-Supply-Security.html,page,publication,304,not_modified,https://takshashila.org.in/content/publications/20150520-The-Eightfold-Path-to-Indias-Nuclear-Fuel-Supply-Security.html,0,,,0,https://takshashila.org.in/pages/publications/,"[""sitemap"", ""known_state"", ""links""]",True,True,6,0,,,,,2026-09-23T17:35:12Z,42,2026-09-23T06:15:18.985Z
https://takshashila.org.in/content/publications/20150401-Politics-of-Radically-Networked-Societies.html,page,publication,304,not_modified,https://takshashila.org.in/content/publications/20150401-Politics-of-Radically-Networked-Societies.html,0,,,0,https://takshashila.org.in/pages/publications/,"[""sitemap"", ""known_state"", ""links""]",True,True,5,0,,,,,2026-09-23T17:35:12Z,41,2026-09-23T06:15:18.985Z
https://takshashila.org.in/content/publications/20141113-Risks-to-India%E2%80%99s-national-security-from-tensions-along-the-Iran-Pakistan-border.html,page,publication,304,not_modified,https://takshashila.org.in/content/publications/20141113-Risks-to-India%E2%80%99s-national-security-from-tensions-along-the-Iran-Pakistan-border.html,0,,,0,https://takshashila.org.in/pages/publications/,"[""sitemap"", ""known_state"", ""links""]",True,True,5,0,,,,,2026-09-23T17:35:12Z,42,2026-09-23T06:15:18.985Z
https://takshashila.org.in/content/publications/20141027-TDD-Chinas-Economic-Outlook-in-2015.html,page,publication,304,not_modified,https://takshashila.org.in/content/publications/20141027-TDD-Chinas-Economic-Outlook-in-2015.html,0,,,0,https://takshashila.org.in/pages/publications/,"[""sitemap"", ""known_state"", ""links""]",True,True,4,0,,,,,2026-09-23T17:35:12Z,41,2026-09-23T06:15:18.985Z
https://takshashila.org.in/content/publications/20140729-Helping-Karnataka-Industries-Reach-New-Heights.html,page,publication,304,not_modified,https://takshashila.org.in/content/publications/20140729-Helping-Karnataka-Industries-Reach-New-Heights.html,0,,,0,https://takshashila.org.in/pages/publications/,"[""sitemap"", ""known_state"", ""links""]",True,True,5,0,,,,,2026-09-23T17:35:12Z,44,2026-09-23T06:15:18.985Z
https://takshashila.org.in/content/publications/20140707-Fiscal-Consolidation-is-Key-to-Economic-Growth.html,page,publication,304,not_modified,https://takshashila.org.in/content/publications/20140707-Fiscal-Consolidation-is-Key-to-Economic-Growth.html,0,,,0,https://takshashila.org.in/pages/publications/,"[""sitemap"", ""known_state"", ""links""]",True,True,4,0,,,,,2026-09-23T17:35:13Z,43,2026-09-23T06:15:18.985Z
https://takshashila.org.in/content/publications/20140312-Making-Indias-Labour-Market-More-Flexible.html,page,publication,304,not_modified,https://takshashila.org.in/content/publications/20140312-Making-Indias-Labour-Market-More-Flexible.html,0,,,0,https://takshashila.org.in/pages/publications/,"[""sitemap"", ""known_state"", ""links""]",True,True,4,0,,,,,2026-09-23T17:35:13Z,41,2026-09-23T06:15:18.984Z
https://takshashila.org.in/content/publications/20130801-India-and-UN-Peacekeeping.html,page,publication,304,not_modified,https://takshashila.org.in/content/publications/20130801-India-and-UN-Peacekeeping.html,0,,,0,https://takshashila.org.in/pages/publications/,"[""sitemap"", ""known_state"", ""links""]",True,True,4,0,,,,,2026-09-23T17:35:14Z,41,2026-09-23T06:15:18.984Z
https://takshashila.org.in/content/publications/20130213-Making-Publicly-funded-Research-Accessible-to-the%20Public.html,page,publication,304,not_modified,https://takshashila.org.in/content/publications/20130213-Making-Publicly-funded-Research-Accessible-to-the%20Public.html,0,,,0,https://takshashila.org.in/pages/publications/,"[""sitemap"", ""known_state"", ""links""]",True,True,5,0,,,,,2026-09-23T17:35:14Z,42,2026-09-23T06:15:18.984Z
https://takshashila.org.in/content/publications/15-FYP-China-04-03-2026.html,page,publication,304,not_modified,https://takshashila.org.in/content/publications/15-FYP-China-04-03-2026.html,0,,,0,https://takshashila.org.in/pages/publications/,"[""sitemap"", ""known_state"", ""links""]",True,True,9,0,,,,,2026-09-23T17:35:14Z,42,2026-09-23T06:15:18.984Z
https://takshashila.org.in/content/podcasts/puliyabaazi/,page,podcast,304,not_modified,https://takshashila.org.in/content/podcasts/puliyabaazi/,0,,,0,https://takshashila.org.in/pages/podcasts/,"[""sitemap"", ""known_state"", ""links""]",True,True,2,0,,,,,2026-09-23T17:35:14Z,38,2026-09-23T06:15:18.983Z
https://takshashila.org.in/content/fellowships/takshashila-defense-fellowship.html,page,programme,304,not_modified,https://takshashila.org.in/content/fellowships/takshashila-defense-fellowship.html,0,,,0,https://takshashila.org.in/pages/fellowships/,"[""sitemap"", ""known_state"", ""links""]",True,True,2,0,,,,,2026-09-23T17:35:15Z,38,2026-09-23T06:15:18.962Z
https://takshashila.org.in/content/fellowships/lepf/LawEnforcementandPolicingFellowship2024-2025.html,page,programme,304,not_modified,https://takshashila.org.in/content/fellowships/lepf/LawEnforcementandPolicingFellowship2024-2025.html,0,,,0,https://takshashila.org.in/content/fellowships/lepf/LawEnforcementandPolicingFellowship2024-2025.html,"[""sitemap"", ""known_state"", ""links""]",True,True,2,0,,,,,2026-09-23T17:35:15Z,38,2026-09-23T06:15:18.963Z
https://takshashila.org.in/content/fellowships/events/NAST-Fellowship-Winners.html,page,programme,304,not_modified,https://takshashila.org.in/content/fellowships/events/NAST-Fellowship-Winners.html,0,,,0,https://takshashila.org.in/content/fellowships/events/NAST-Fellowship-Winners.html,"[""sitemap"", ""known_state"", ""links""]",True,True,1,0,,,,,2026-09-23T17:35:15Z,38,2026-09-23T06:15:18.963Z
https://takshashila.org.in/content/events/sixth-of-humanity-lounge.html,page,event,304,not_modified,https://takshashila.org.in/content/events/sixth-of-humanity-lounge.html,0,,,0,https://takshashila.org.in/pages/events/,"[""sitemap"", ""known_state"", ""links""]",True,True,2,0,,,,,2026-09-23T17:35:15Z,38,2026-09-23T06:15:18.817Z
https://takshashila.org.in/content/events/The%20Groundbreaker.html,page,event,304,not_modified,https://takshashila.org.in/content/events/The%20Groundbreaker.html,0,,,0,https://takshashila.org.in/pages/events/,"[""sitemap"", ""known_state"", ""links""]",True,True,2,0,,,,,2026-09-23T17:35:16Z,38,2026-09-23T06:15:18.817Z
https://takshashila.org.in/content/events/Special-Invited-Talk-MHA-organisation.html,page,event,304,not_modified,https://takshashila.org.in/content/events/Special-Invited-Talk-MHA-organisation.html,0,,,0,https://takshashila.org.in/,"[""sitemap"", ""known_state"", ""links""]",True,True,3,0,,,,,2026-09-23T17:35:16Z,38,2026-09-23T06:15:18.816Z
https://takshashila.org.in/content/events/Purvapaksha.html,page,event,304,not_modified,https://takshashila.org.in/content/events/Purvapaksha.html,0,,,0,https://takshashila.org.in/pages/events/,"[""sitemap"", ""known_state"", ""links""]",True,True,2,0,,,,,2026-09-23T17:35:16Z,38,2026-09-23T06:15:18.816Z
https://takshashila.org.in/content/events/NACIN-Workshop.html,page,event,304,not_modified,https://takshashila.org.in/content/events/NACIN-Workshop.html,0,,,0,https://takshashila.org.in/,"[""sitemap"", ""known_state"", ""links""]",True,True,3,0,,,,,2026-09-23T17:35:16Z,38,2026-09-23T06:15:18.816Z
https://takshashila.org.in/content/events/MoU.html,page,event,304,not_modified,https://takshashila.org.in/content/events/MoU.html,0,,,0,https://takshashila.org.in/pages/events/,"[""sitemap"", ""known_state"", ""links""]",True,True,2,0,,,,,2026-09-23T17:35:16Z,38,2026-09-23T06:15:18.816Z
https://takshashila.org.in/content/events/Geography-Around-You-Thapovan_School.html,page,event,304,not_modified,https://takshashila.org.in/content/events/Geography-Around-You-Thapovan_School.html,0,,,0,https://takshashila.org.in/pages/events/,"[""sitemap"", ""known_state"", ""links""]",True,True,2,0,,,,,2026-09-23T17:35:17Z,38,2026-09-23T06:15:18.816Z
https://takshashila.org.in/content/events/DemocraticDecentralisation.html,page,event,304,not_modified,https://takshashila.org.in/content/events/DemocraticDecentralisation.html,0,,,0,https://takshashila.org.in/pages/events/,"[""sitemap"", ""known_state"", ""links""]",True,True,2,0,,,,,2026-09-23T17:35:17Z,38,2026-09-23T06:15:18.816Z
https://takshashila.org.in/content/events/Building-Geospatial-Capacity-for-Assam.html,page,event,304,not_modified,https://takshashila.org.in/content/events/Building-Geospatial-Capacity-for-Assam.html,0,,,0,https://takshashila.org.in/,"[""sitemap"", ""known_state"", ""links""]",True,True,3,0,,,,,2026-09-23T17:35:17Z,38,2026-09-23T06:15:18.816Z
https://takshashila.org.in/content/careers/research-analyst-geospatial-research-programme.html,page,career,304,not_modified,https://takshashila.org.in/content/careers/research-analyst-geospatial-research-programme.html,0,,,0,https://takshashila.org.in/content/careers/research-analyst-geospatial-research-programme.html,"[""sitemap"", ""known_state"", ""links""]",True,True,2,0,,,,,2026-09-23T17:35:17Z,38,2026-09-23T06:15:18.816Z
https://takshashila.org.in/content/careers/assistant-communications-manager.html,page,career,304,not_modified,https://takshashila.org.in/content/careers/assistant-communications-manager.html,0,,,0,https://takshashila.org.in/content/careers/assistant-communications-manager.html,"[""sitemap"", ""known_state"", ""links""]",True,True,2,0,,,,,2026-09-23T17:35:18Z,38,2026-09-23T06:15:18.816Z
https://takshashila.org.in/content/books/the-strategy-trap.html,page,book,304,not_modified,https://takshashila.org.in/content/books/the-strategy-trap.html,0,,,0,https://takshashila.org.in/pages/books/,"[""sitemap"", ""known_state"", ""links""]",True,True,2,0,,,,,2026-09-23T17:35:18Z,38,2026-09-23T06:15:18.790Z
https://takshashila.org.in/content/books/the-nitopadesha-kannada-edition.html,page,book,304,not_modified,https://takshashila.org.in/content/books/the-nitopadesha-kannada-edition.html,0,,,0,https://takshashila.org.in/,"[""sitemap"", ""known_state"", ""links""]",True,True,3,0,,,,,2026-09-23T17:35:18Z,38,2026-09-23T06:15:18.790Z
https://takshashila.org.in/content/books/studies-in-indian-public-finance.html,page,book,304,not_modified,https://takshashila.org.in/content/books/studies-in-indian-public-finance.html,0,,,0,https://takshashila.org.in/pages/books/,"[""sitemap"", ""known_state"", ""links""]",True,True,2,0,,,,,2026-09-23T17:35:18Z,38,2026-09-23T06:15:18.790Z
https://takshashila.org.in/content/books/sheathed-sword.html,page,book,304,not_modified,https://takshashila.org.in/content/books/sheathed-sword.html,0,,,0,https://takshashila.org.in/pages/books/,"[""sitemap"", ""known_state"", ""links""]",True,True,3,0,,,,,2026-09-23T17:35:19Z,38,2026-09-23T06:15:18.790Z
https://takshashila.org.in/content/books/indias-marathon.html,page,book,304,not_modified,https://takshashila.org.in/content/books/indias-marathon.html,0,,,0,https://takshashila.org.in/pages/books/,"[""sitemap"", ""known_state"", ""links""]",True,True,2,0,,,,,2026-09-23T17:35:19Z,38,2026-09-23T06:15:18.790Z
https://takshashila.org.in/content/books/distance-from-delhi-essays-on-geopolitics-economics-and-public-policy.html,page,book,304,not_modified,https://takshashila.org.in/content/books/distance-from-delhi-essays-on-geopolitics-economics-and-public-policy.html,0,,,0,https://takshashila.org.in/pages/books/,"[""sitemap"", ""known_state"", ""links""]",True,True,2,0,,,,,2026-09-23T17:35:19Z,38,2026-09-23T06:15:18.790Z
https://takshashila.org.in/content/books/china-as-a-rising-norm-entrepreneur.html,page,book,304,not_modified,https://takshashila.org.in/content/books/china-as-a-rising-norm-entrepreneur.html,0,,,0,https://takshashila.org.in/,"[""sitemap"", ""known_state"", ""links""]",True,True,3,0,,,,,2026-09-23T17:35:19Z,38,2026-09-23T06:15:18.790Z
https://takshashila.org.in/content/books/a-visible-hand.html,page,book,304,not_modified,https://takshashila.org.in/content/books/a-visible-hand.html,0,,,0,https://takshashila.org.in/pages/books/,"[""sitemap"", ""known_state"", ""links""]",True,True,2,0,,,,,2026-09-23T17:35:19Z,38,2026-09-23T06:15:18.790Z
https://takshashila.org.in/content/blogs/trumps-climate-comeback.html,page,blog,304,not_modified,https://takshashila.org.in/content/blogs/trumps-climate-comeback.html,0,,,0,https://takshashila.org.in/pages/blogs/,"[""sitemap"", ""known_state"", ""links""]",True,True,4,0,,,,,2026-09-23T17:35:20Z,40,2026-09-23T06:15:18.673Z
https://takshashila.org.in/content/blogs/the-west-asia-crisis-playing-spoilt-sport.html,page,blog,304,not_modified,https://takshashila.org.in/content/blogs/the-west-asia-crisis-playing-spoilt-sport.html,0,,,0,https://takshashila.org.in/pages/blogs/,"[""sitemap"", ""known_state"", ""links""]",True,True,4,0,,,,,2026-09-23T17:35:20Z,41,2026-09-23T06:15:18.673Z
https://takshashila.org.in/content/blogs/silicon-curtain.html,page,blog,304,not_modified,https://takshashila.org.in/content/blogs/silicon-curtain.html,0,,,0,https://takshashila.org.in/pages/blogs/,"[""sitemap"", ""known_state"", ""links""]",True,True,6,0,,,,,2026-09-23T17:35:20Z,42,2026-09-23T06:15:18.673Z
https://takshashila.org.in/content/blogs/one-upi-switch-many-businesses.html,page,blog,304,not_modified,https://takshashila.org.in/content/blogs/one-upi-switch-many-businesses.html,0,,,0,https://takshashila.org.in/pages/blogs/,"[""sitemap"", ""known_state"", ""links""]",True,True,6,0,,,,,2026-09-23T17:35:21Z,41,2026-09-23T06:15:18.672Z
https://takshashila.org.in/content/blogs/innovation-capital-india-bioeconomy.html,page,blog,304,not_modified,https://takshashila.org.in/content/blogs/innovation-capital-india-bioeconomy.html,0,,,0,https://takshashila.org.in/pages/blogs/,"[""sitemap"", ""known_state"", ""links""]",True,True,7,0,,,,,2026-09-23T17:35:21Z,41,2026-09-23T06:15:18.672Z
https://takshashila.org.in/content/blogs/fraunhofer-and-technology-diffusion.html,page,blog,304,not_modified,https://takshashila.org.in/content/blogs/fraunhofer-and-technology-diffusion.html,0,,,0,https://takshashila.org.in/pages/blogs/,"[""sitemap"", ""known_state"", ""links""]",True,True,5,0,,,,,2026-09-23T17:35:21Z,41,2026-09-23T06:15:18.671Z
https://takshashila.org.in/content/blogs/digging-deep.html,page,blog,304,not_modified,https://takshashila.org.in/content/blogs/digging-deep.html,0,,,0,https://takshashila.org.in/pages/blogs/,"[""sitemap"", ""known_state"", ""links""]",True,True,6,0,,,,,2026-09-23T17:35:21Z,43,2026-09-23T06:15:18.671Z
https://takshashila.org.in/content/blogs/chinas-pitch-g20.html,page,blog,304,not_modified,https://takshashila.org.in/content/blogs/chinas-pitch-g20.html,0,,,0,https://takshashila.org.in/pages/blogs/,"[""sitemap"", ""known_state"", ""links""]",True,True,6,0,,,,,2026-09-23T17:35:21Z,42,2026-09-23T06:15:18.670Z
https://takshashila.org.in/content/blogs/china-humanoid20260512.html,page,blog,304,not_modified,https://takshashila.org.in/content/blogs/china-humanoid20260512.html,0,,,0,https://takshashila.org.in/pages/blogs/,"[""sitemap"", ""known_state"", ""links""]",True,True,5,0,,,,,2026-09-23T17:35:22Z,41,2026-09-23T06:15:18.670Z
https://takshashila.org.in/content/blogs/chagos-saga.html,page,blog,304,not_modified,https://takshashila.org.in/content/blogs/chagos-saga.html,0,,,0,https://takshashila.org.in/pages/blogs/,"[""sitemap"", ""known_state"", ""links""]",True,True,5,0,,,,,2026-09-23T17:35:22Z,41,2026-09-23T06:15:18.669Z
https://takshashila.org.in/content/blogs/building-indias-state-capacity.html,page,blog,304,not_modified,https://takshashila.org.in/content/blogs/building-indias-state-capacity.html,0,,,0,https://takshashila.org.in/pages/blogs/,"[""sitemap"", ""known_state"", ""links""]",True,True,5,0,,,,,2026-09-23T17:35:23Z,41,2026-09-23T06:15:18.669Z
https://takshashila.org.in/content/blogs/bengalurus-metro-hike-strategy.html,page,blog,304,not_modified,https://takshashila.org.in/content/blogs/bengalurus-metro-hike-strategy.html,0,,,0,https://takshashila.org.in/pages/blogs/,"[""sitemap"", ""known_state"", ""links""]",True,True,5,0,,,,,2026-09-23T17:35:23Z,42,2026-09-23T06:15:18.668Z
https://takshashila.org.in/content/blogs/assets/2026-04-14-Oil%20Shock.html,page,blog,304,not_modified,https://takshashila.org.in/content/blogs/assets/2026-04-14-Oil%20Shock.html,0,,,0,https://takshashila.org.in/content/blogs/assets/2026-04-14-Oil%20Shock.html,"[""sitemap"", ""known_state"", ""links""]",True,True,1,0,,,,,2026-09-23T17:35:23Z,39,2026-09-23T06:15:18.674Z
https://takshashila.org.in/content/blogs/a-rally-for-trump-a-risk-for-republicans.html,page,blog,304,not_modified,https://takshashila.org.in/content/blogs/a-rally-for-trump-a-risk-for-republicans.html,0,,,0,https://takshashila.org.in/,"[""sitemap"", ""known_state"", ""links""]",True,True,7,0,,,,,2026-09-23T17:35:23Z,41,2026-09-23T06:15:18.668Z
https://takshashila.org.in/content/blogs/Xi-Address-Senior-PLA-Training.html,page,blog,304,not_modified,https://takshashila.org.in/content/blogs/Xi-Address-Senior-PLA-Training.html,0,,,0,https://takshashila.org.in/pages/blogs/,"[""sitemap"", ""known_state"", ""links""]",True,True,5,0,,,,,2026-09-23T17:35:23Z,41,2026-09-23T06:15:18.667Z
https://takshashila.org.in/content/blogs/US-trade-tracker-Jan-2026.html,page,blog,304,not_modified,https://takshashila.org.in/content/blogs/US-trade-tracker-Jan-2026.html,0,,,0,https://takshashila.org.in/pages/blogs/,"[""sitemap"", ""known_state"", ""links""]",True,True,5,0,,,,,2026-09-23T17:35:24Z,41,2026-09-23T06:15:18.667Z
https://takshashila.org.in/content/blogs/US-IRAN-A2-AD.html,page,blog,304,not_modified,https://takshashila.org.in/content/blogs/US-IRAN-A2-AD.html,0,,,0,https://takshashila.org.in/pages/blogs/,"[""sitemap"", ""known_state"", ""links""]",True,True,5,0,,,,,2026-09-23T17:35:24Z,41,2026-09-23T06:15:18.666Z
https://takshashila.org.in/content/blogs/UK-disintegration.html,page,blog,304,not_modified,https://takshashila.org.in/content/blogs/UK-disintegration.html,0,,,0,https://takshashila.org.in/,"[""sitemap"", ""known_state"", ""links""]",True,True,9,0,,,,,2026-09-23T17:35:24Z,41,2026-09-23T06:15:18.666Z
https://takshashila.org.in/content/blogs/Taiwan-WHAmmy-13052026.html,page,blog,304,not_modified,https://takshashila.org.in/content/blogs/Taiwan-WHAmmy-13052026.html,0,,,0,https://takshashila.org.in/pages/blogs/,"[""sitemap"", ""known_state"", ""links""]",True,True,5,0,,,,,2026-09-23T17:35:24Z,41,2026-09-23T06:15:18.665Z
https://takshashila.org.in/content/blogs/Sierra-Madre-China-Philippines-20260831.html,page,blog,304,not_modified,https://takshashila.org.in/content/blogs/Sierra-Madre-China-Philippines-20260831.html,0,,,0,https://takshashila.org.in/,"[""sitemap"", ""known_state"", ""links""]",True,True,7,0,,,,,2026-09-23T17:35:24Z,41,2026-09-23T06:15:18.664Z
https://takshashila.org.in/content/blogs/SIPRI-China-2026.html,page,blog,304,not_modified,https://takshashila.org.in/content/blogs/SIPRI-China-2026.html,0,,,0,https://takshashila.org.in/pages/blogs/,"[""sitemap"", ""known_state"", ""links""]",True,True,5,0,,,,,2026-09-23T17:35:25Z,41,2026-09-23T06:15:18.664Z
https://takshashila.org.in/content/blogs/PLA-Interest-Groups-Combat-Units-22062026.html,page,blog,304,not_modified,https://takshashila.org.in/content/blogs/PLA-Interest-Groups-Combat-Units-22062026.html,0,,,0,https://takshashila.org.in/pages/blogs/,"[""sitemap"", ""known_state"", ""links""]",True,True,5,0,,,,,2026-09-23T17:35:25Z,41,2026-09-23T06:15:18.664Z
https://takshashila.org.in/content/blogs/PLA-At-99-20260803.html,page,blog,304,not_modified,https://takshashila.org.in/content/blogs/PLA-At-99-20260803.html,0,,,0,https://takshashila.org.in/pages/blogs/,"[""sitemap"", ""known_state"", ""links""]",True,True,5,0,,,,,2026-09-23T17:35:26Z,41,2026-09-23T06:15:18.663Z
https://takshashila.org.in/content/blogs/NASA-under-Trump.html,page,blog,304,not_modified,https://takshashila.org.in/content/blogs/NASA-under-Trump.html,0,,,0,https://takshashila.org.in/pages/blogs/,"[""sitemap"", ""known_state"", ""links""]",True,True,5,0,,,,,2026-09-23T17:35:26Z,41,2026-09-23T06:15:18.662Z
https://takshashila.org.in/content/blogs/Iran-invasion.html,page,blog,304,not_modified,https://takshashila.org.in/content/blogs/Iran-invasion.html,0,,,0,https://takshashila.org.in/pages/blogs/,"[""sitemap"", ""known_state"", ""links""]",True,True,5,0,,,,,2026-09-23T17:35:26Z,41,2026-09-23T06:15:18.662Z
https://takshashila.org.in/content/blogs/How-policy-beats-bigotry-and-big-money-in-michigan.html,page,blog,304,not_modified,https://takshashila.org.in/content/blogs/How-policy-beats-bigotry-and-big-money-in-michigan.html,0,,,0,https://takshashila.org.in/pages/blogs/,"[""sitemap"", ""known_state"", ""links""]",True,True,5,0,,,,,2026-09-23T17:35:26Z,41,2026-09-23T06:15:18.660Z
https://takshashila.org.in/content/blogs/Digitised-Logistics-PLA-20260316.html,page,blog,304,not_modified,https://takshashila.org.in/content/blogs/Digitised-Logistics-PLA-20260316.html,0,,,0,https://takshashila.org.in/pages/blogs/,"[""sitemap"", ""known_state"", ""links""]",True,True,5,0,,,,,2026-09-23T17:35:26Z,41,2026-09-23T06:15:18.660Z
https://takshashila.org.in/content/blogs/Colby-India-28032026.html,page,blog,304,not_modified,https://takshashila.org.in/content/blogs/Colby-India-28032026.html,0,,,0,https://takshashila.org.in/pages/blogs/,"[""sitemap"", ""known_state"", ""links""]",True,True,5,0,,,,,2026-09-23T17:35:27Z,41,2026-09-23T06:15:18.659Z
https://takshashila.org.in/content/blogs/China-Philippines-SCS-20270727.html,page,blog,304,not_modified,https://takshashila.org.in/content/blogs/China-Philippines-SCS-20270727.html,0,,,0,https://takshashila.org.in/pages/blogs/,"[""sitemap"", ""known_state"", ""links""]",True,True,5,0,,,,,2026-09-23T17:35:27Z,42,2026-09-23T06:15:18.658Z
https://takshashila.org.in/content/blogs/China-Iran-02-03-2026.html,page,blog,304,not_modified,https://takshashila.org.in/content/blogs/China-Iran-02-03-2026.html,0,,,0,https://takshashila.org.in/pages/blogs/,"[""sitemap"", ""known_state"", ""links""]",True,True,5,0,,,,,2026-09-23T17:35:27Z,41,2026-09-23T06:15:18.658Z
https://takshashila.org.in/content/blogs/Ceasefire-strategic-scorecard.html,page,blog,304,not_modified,https://takshashila.org.in/content/blogs/Ceasefire-strategic-scorecard.html,0,,,0,https://takshashila.org.in/pages/blogs/,"[""sitemap"", ""known_state"", ""links""]",True,True,6,0,,,,,2026-09-23T17:35:27Z,41,2026-09-23T06:15:18.658Z
https://takshashila.org.in/content/blogs/BDA%20(3).html,page,blog,304,not_modified,https://takshashila.org.in/content/blogs/BDA%20(3).html,0,,,0,https://takshashila.org.in/pages/blogs/,"[""sitemap"", ""known_state"", ""links""]",True,True,4,0,,,,,2026-09-23T17:35:28Z,41,2026-09-23T06:15:18.657Z
https://takshashila.org.in/content/blogs/31-01-2026-Defence-Budget-Preview.html,page,blog,304,not_modified,https://takshashila.org.in/content/blogs/31-01-2026-Defence-Budget-Preview.html,0,,,0,https://takshashila.org.in/pages/blogs/,"[""sitemap"", ""known_state"", ""links""]",True,True,5,0,,,,,2026-09-23T17:35:28Z,42,2026-09-23T06:15:18.657Z
https://takshashila.org.in/content/blogs/20270723-IndiGo-Market-Concentration.html,page,blog,304,not_modified,https://takshashila.org.in/content/blogs/20270723-IndiGo-Market-Concentration.html,0,,,0,https://takshashila.org.in/pages/blogs/,"[""sitemap"", ""known_state"", ""links""]",True,True,6,0,,,,,2026-09-23T17:35:29Z,41,2026-09-23T06:15:18.656Z
https://takshashila.org.in/content/blogs/20262708-trade-regulation-incidence.html,page,blog,304,not_modified,https://takshashila.org.in/content/blogs/20262708-trade-regulation-incidence.html,0,,,0,https://takshashila.org.in/pages/blogs/,"[""sitemap"", ""known_state"", ""links""]",True,True,6,0,,,,,2026-09-23T17:35:29Z,41,2026-09-23T06:15:18.656Z
https://takshashila.org.in/content/blogs/20260913-general-equilibrium.html,page,blog,304,not_modified,https://takshashila.org.in/content/blogs/20260913-general-equilibrium.html,0,,,0,https://takshashila.org.in/,"[""sitemap"", ""known_state"", ""links""]",True,True,9,0,,,,,2026-09-23T17:35:29Z,41,2026-09-23T06:15:18.655Z
https://takshashila.org.in/content/blogs/20260828-Sliding-Yen-Washington.html,page,blog,304,not_modified,https://takshashila.org.in/content/blogs/20260828-Sliding-Yen-Washington.html,0,,,0,https://takshashila.org.in/pages/blogs/,"[""sitemap"", ""known_state"", ""links""]",True,True,5,0,,,,,2026-09-23T17:35:31Z,41,2026-09-23T06:15:18.654Z
https://takshashila.org.in/content/blogs/20260825_launchcost.html,page,blog,304,not_modified,https://takshashila.org.in/content/blogs/20260825_launchcost.html,0,,,0,https://takshashila.org.in/pages/blogs/,"[""sitemap"", ""known_state"", ""links""]",True,True,6,0,,,,,2026-09-23T17:35:31Z,41,2026-09-23T06:15:18.654Z
https://takshashila.org.in/content/blogs/20260817-What-Satellite-Images-Dont-Tell-Us-And-How-Open-Sources-Help-Fill-the-Gaps.html,page,blog,304,not_modified,https://takshashila.org.in/content/blogs/20260817-What-Satellite-Images-Dont-Tell-Us-And-How-Open-Sources-Help-Fill-the-Gaps.html,0,,,0,https://takshashila.org.in/pages/blogs/,"[""sitemap"", ""known_state"", ""links""]",True,True,4,0,,,,,2026-09-23T17:35:32Z,41,2026-09-23T06:15:18.653Z
https://takshashila.org.in/content/blogs/20260812-the-bamboo-shoots-up.html,page,blog,304,not_modified,https://takshashila.org.in/content/blogs/20260812-the-bamboo-shoots-up.html,0,,,0,https://takshashila.org.in/pages/blogs/,"[""sitemap"", ""known_state"", ""links""]",True,True,6,0,,,,,2026-09-23T17:35:32Z,41,2026-09-23T06:15:18.652Z
https://takshashila.org.in/content/blogs/20260807-Component-Tax-Exemption.html,page,blog,304,not_modified,https://takshashila.org.in/content/blogs/20260807-Component-Tax-Exemption.html,0,,,0,https://takshashila.org.in/pages/blogs/,"[""sitemap"", ""known_state"", ""links""]",True,True,6,0,,,,,2026-09-23T17:35:32Z,41,2026-09-23T06:15:18.653Z
https://takshashila.org.in/content/blogs/20260803_GEOINT.html,page,blog,304,not_modified,https://takshashila.org.in/content/blogs/20260803_GEOINT.html,0,,,0,https://takshashila.org.in/pages/blogs/,"[""sitemap"", ""known_state"", ""links""]",True,True,6,0,,,,,2026-09-23T17:35:33Z,41,2026-09-23T06:15:18.652Z
https://takshashila.org.in/content/blogs/20260803-Chinas-Air-Shield-Opposite-Ladakh.html,page,blog,304,not_modified,https://takshashila.org.in/content/blogs/20260803-Chinas-Air-Shield-Opposite-Ladakh.html,0,,,0,https://takshashila.org.in/pages/blogs/,"[""sitemap"", ""known_state"", ""links""]",True,True,4,0,,,,,2026-09-23T17:35:32Z,41,2026-09-23T06:15:18.651Z
https://takshashila.org.in/content/blogs/20260731-editing-the-future-indias-quest.html,page,blog,304,not_modified,https://takshashila.org.in/content/blogs/20260731-editing-the-future-indias-quest.html,0,,,0,https://takshashila.org.in/pages/blogs/,"[""sitemap"", ""known_state"", ""links""]",True,True,6,0,,,,,2026-09-23T17:35:33Z,41,2026-09-23T06:15:18.650Z
https://takshashila.org.in/content/blogs/20260727-reimagining-indias-biotechnology-governance.html,page,blog,304,not_modified,https://takshashila.org.in/content/blogs/20260727-reimagining-indias-biotechnology-governance.html,0,,,0,https://takshashila.org.in/pages/blogs/,"[""sitemap"", ""known_state"", ""links""]",True,True,6,0,,,,,2026-09-23T17:35:33Z,41,2026-09-23T06:15:18.649Z
https://takshashila.org.in/content/blogs/20260723-china-ai-governance-waico-india.html,page,blog,304,not_modified,https://takshashila.org.in/content/blogs/20260723-china-ai-governance-waico-india.html,0,,,0,https://takshashila.org.in/pages/blogs/,"[""sitemap"", ""known_state"", ""links""]",True,True,7,0,,,,,2026-09-23T17:35:33Z,42,2026-09-23T06:15:18.648Z
https://takshashila.org.in/content/blogs/20260720-Available-Isnt-Accessible.html,page,blog,304,not_modified,https://takshashila.org.in/content/blogs/20260720-Available-Isnt-Accessible.html,0,,,0,https://takshashila.org.in/pages/blogs/,"[""sitemap"", ""known_state"", ""links""]",True,True,6,0,,,,,2026-09-23T17:35:34Z,41,2026-09-23T06:15:18.649Z
https://takshashila.org.in/content/blogs/20260717-Halting-Immigration-Effects.html,page,blog,304,not_modified,https://takshashila.org.in/content/blogs/20260717-Halting-Immigration-Effects.html,0,,,0,https://takshashila.org.in/pages/blogs/,"[""sitemap"", ""known_state"", ""links""]",True,True,5,0,,,,,2026-09-23T17:35:34Z,41,2026-09-23T06:15:18.648Z
https://takshashila.org.in/content/blogs/20260713_UHI.html,page,blog,304,not_modified,https://takshashila.org.in/content/blogs/20260713_UHI.html,0,,,0,https://takshashila.org.in/pages/blogs/,"[""sitemap"", ""known_state"", ""links""]",True,True,6,0,,,,,2026-09-23T17:35:34Z,41,2026-09-23T06:15:18.648Z
https://takshashila.org.in/content/blogs/20260706-credibility-crisis.html,page,blog,304,not_modified,https://takshashila.org.in/content/blogs/20260706-credibility-crisis.html,0,,,0,https://takshashila.org.in/pages/blogs/,"[""sitemap"", ""known_state"", ""links""]",True,True,5,0,,,,,2026-09-23T17:35:34Z,41,2026-09-23T06:15:18.648Z
https://takshashila.org.in/content/blogs/20260704-open-weight-model-censorship.html,page,blog,304,not_modified,https://takshashila.org.in/content/blogs/20260704-open-weight-model-censorship.html,0,,,0,https://takshashila.org.in/pages/blogs/,"[""sitemap"", ""known_state"", ""links""]",True,True,6,0,,,,,2026-09-23T17:35:35Z,41,2026-09-23T06:15:18.647Z
https://takshashila.org.in/content/blogs/20260702-operation-trialblazer.html,page,blog,304,not_modified,https://takshashila.org.in/content/blogs/20260702-operation-trialblazer.html,0,,,0,https://takshashila.org.in/pages/blogs/,"[""sitemap"", ""known_state"", ""links""]",True,True,5,0,,,,,2026-09-23T17:35:35Z,41,2026-09-23T06:15:18.644Z
https://takshashila.org.in/content/blogs/20260622_Megadam3.0.html,page,blog,304,not_modified,https://takshashila.org.in/content/blogs/20260622_Megadam3.0.html,0,,,0,https://takshashila.org.in/pages/blogs/,"[""sitemap"", ""known_state"", ""links""]",True,True,5,0,,,,,2026-09-23T17:35:35Z,41,2026-09-23T06:15:18.643Z
https://takshashila.org.in/content/blogs/20260621-The-Illusion-of-AI-Mapping-Intelligence.html,page,blog,304,not_modified,https://takshashila.org.in/content/blogs/20260621-The-Illusion-of-AI-Mapping-Intelligence.html,0,,,0,https://takshashila.org.in/pages/blogs/,"[""sitemap"", ""known_state"", ""links""]",True,True,5,0,,,,,2026-09-23T17:35:35Z,41,2026-09-23T06:15:18.643Z
https://takshashila.org.in/content/blogs/20260613-why-india-must-recalibrate-the-sugarcane-fair-and-remunerative-prices.html,page,blog,304,not_modified,https://takshashila.org.in/content/blogs/20260613-why-india-must-recalibrate-the-sugarcane-fair-and-remunerative-prices.html,0,,,0,https://takshashila.org.in/pages/blogs/,"[""sitemap"", ""known_state"", ""links""]",True,True,6,0,,,,,2026-09-23T17:35:35Z,42,2026-09-23T06:15:18.642Z
https://takshashila.org.in/content/blogs/20260601-TBS.html,page,blog,304,not_modified,https://takshashila.org.in/content/blogs/20260601-TBS.html,0,,,0,https://takshashila.org.in/pages/blogs/,"[""sitemap"", ""known_state"", ""links""]",True,True,5,0,,,,,2026-09-23T17:35:35Z,41,2026-09-23T06:15:18.641Z
https://takshashila.org.in/content/blogs/20260511-Trucks-right.html,page,blog,304,not_modified,https://takshashila.org.in/content/blogs/20260511-Trucks-right.html,0,,,0,https://takshashila.org.in/pages/blogs/,"[""sitemap"", ""known_state"", ""links""]",True,True,5,0,,,,,2026-09-23T17:35:36Z,41,2026-09-23T06:15:18.641Z
https://takshashila.org.in/content/blogs/20260505-trees-infra.html,page,blog,304,not_modified,https://takshashila.org.in/content/blogs/20260505-trees-infra.html,0,,,0,https://takshashila.org.in/pages/blogs/,"[""sitemap"", ""known_state"", ""links""]",True,True,5,0,,,,,2026-09-23T17:35:36Z,41,2026-09-23T06:15:18.640Z
https://takshashila.org.in/content/blogs/20260502_Browser_Choice.html,page,blog,304,not_modified,https://takshashila.org.in/content/blogs/20260502_Browser_Choice.html,0,,,0,https://takshashila.org.in/pages/blogs/,"[""sitemap"", ""known_state"", ""links""]",True,True,5,0,,,,,2026-09-23T17:35:36Z,41,2026-09-23T06:15:18.640Z
https://takshashila.org.in/content/blogs/20260429-open-compute-architecture.html,page,blog,304,not_modified,https://takshashila.org.in/content/blogs/20260429-open-compute-architecture.html,0,,,0,https://takshashila.org.in/pages/blogs/,"[""sitemap"", ""known_state"", ""links""]",True,True,5,0,,,,,2026-09-23T17:35:37Z,41,2026-09-23T06:15:18.639Z
https://takshashila.org.in/content/blogs/20260428-the-131st-constitutional-amendment.html,page,blog,304,not_modified,https://takshashila.org.in/content/blogs/20260428-the-131st-constitutional-amendment.html,0,,,0,https://takshashila.org.in/pages/blogs/,"[""sitemap"", ""known_state"", ""links""]",True,True,4,0,,,,,2026-09-23T17:35:37Z,41,2026-09-23T06:15:18.639Z
https://takshashila.org.in/content/blogs/20260427-coal-gasification-in-india.html,page,blog,304,not_modified,https://takshashila.org.in/content/blogs/20260427-coal-gasification-in-india.html,0,,,0,https://takshashila.org.in/pages/blogs/,"[""sitemap"", ""known_state"", ""links""]",True,True,6,0,,,,,2026-09-23T17:35:37Z,41,2026-09-23T06:15:18.638Z
https://takshashila.org.in/content/blogs/20260422-upi-10-years-mdr.html,page,blog,304,not_modified,https://takshashila.org.in/content/blogs/20260422-upi-10-years-mdr.html,0,,,0,https://takshashila.org.in/pages/blogs/,"[""sitemap"", ""known_state"", ""links""]",True,True,7,0,,,,,2026-09-23T17:35:37Z,41,2026-09-23T06:15:18.638Z
https://takshashila.org.in/content/blogs/20260413-census.html,page,blog,304,not_modified,https://takshashila.org.in/content/blogs/20260413-census.html,0,,,0,https://takshashila.org.in/pages/blogs/,"[""sitemap"", ""known_state"", ""links""]",True,True,5,0,,,,,2026-09-23T17:35:37Z,41,2026-09-23T06:15:18.637Z
https://takshashila.org.in/content/blogs/20260410-Toll-Baaje-Toll.html,page,blog,304,not_modified,https://takshashila.org.in/content/blogs/20260410-Toll-Baaje-Toll.html,0,,,0,https://takshashila.org.in/pages/blogs/,"[""sitemap"", ""known_state"", ""links""]",True,True,5,0,,,,,2026-09-23T17:35:38Z,41,2026-09-23T06:15:18.636Z
https://takshashila.org.in/content/blogs/20260406-pax-silica.html,page,blog,304,not_modified,https://takshashila.org.in/content/blogs/20260406-pax-silica.html,0,,,0,https://takshashila.org.in/pages/blogs/,"[""sitemap"", ""known_state"", ""links""]",True,True,6,0,,,,,2026-09-23T17:35:38Z,44,2026-09-23T06:15:18.636Z
https://takshashila.org.in/content/blogs/20260331-india-pharmacy-world-drug-development.html,page,blog,304,not_modified,https://takshashila.org.in/content/blogs/20260331-india-pharmacy-world-drug-development.html,0,,,0,https://takshashila.org.in/pages/blogs/,"[""sitemap"", ""known_state"", ""links""]",True,True,5,0,,,,,2026-09-23T17:35:39Z,42,2026-09-23T06:15:18.635Z
https://takshashila.org.in/content/blogs/20260325-Mixed-Signals-Iran.html,page,blog,304,not_modified,https://takshashila.org.in/content/blogs/20260325-Mixed-Signals-Iran.html,0,,,0,https://takshashila.org.in/pages/blogs/,"[""sitemap"", ""known_state"", ""links""]",True,True,5,0,,,,,2026-09-23T17:35:39Z,41,2026-09-23T06:15:18.635Z
https://takshashila.org.in/content/blogs/20260324-Geopolitical-Chokepoints.html,page,blog,304,not_modified,https://takshashila.org.in/content/blogs/20260324-Geopolitical-Chokepoints.html,0,,,0,https://takshashila.org.in/pages/blogs/,"[""sitemap"", ""known_state"", ""links""]",True,True,5,0,,,,,2026-09-23T17:35:39Z,41,2026-09-23T06:15:18.635Z
https://takshashila.org.in/content/blogs/20260318-Iran-War.html,page,blog,304,not_modified,https://takshashila.org.in/content/blogs/20260318-Iran-War.html,0,,,0,https://takshashila.org.in/pages/blogs/,"[""sitemap"", ""known_state"", ""links""]",True,True,5,0,,,,,2026-09-23T17:35:39Z,41,2026-09-23T06:15:18.634Z
https://takshashila.org.in/content/blogs/20260310_on-ai-sovereignty.html,page,blog,304,not_modified,https://takshashila.org.in/content/blogs/20260310_on-ai-sovereignty.html,0,,,0,https://takshashila.org.in/pages/blogs/,"[""sitemap"", ""known_state"", ""links""]",True,True,5,0,,,,,2026-09-23T17:35:39Z,41,2026-09-23T06:15:18.633Z
https://takshashila.org.in/content/blogs/20260310-Sooner-Or-Later-Anthropic-Is-Likely-To-Fall-In-Line.html,page,blog,304,not_modified,https://takshashila.org.in/content/blogs/20260310-Sooner-Or-Later-Anthropic-Is-Likely-To-Fall-In-Line.html,0,,,0,https://takshashila.org.in/pages/blogs/,"[""sitemap"", ""known_state"", ""links""]",True,True,5,0,,,,,2026-09-23T17:35:40Z,41,2026-09-23T06:15:18.633Z
https://takshashila.org.in/content/blogs/20260309-India-Foreign-Policy-Framework.html,page,blog,304,not_modified,https://takshashila.org.in/content/blogs/20260309-India-Foreign-Policy-Framework.html,0,,,0,https://takshashila.org.in/pages/blogs/,"[""sitemap"", ""known_state"", ""links""]",True,True,5,0,,,,,2026-09-23T17:35:40Z,41,2026-09-23T06:15:18.632Z
https://takshashila.org.in/content/blogs/20260224-data-centre-growth-in-the-us-and-malaysia.html,page,blog,304,not_modified,https://takshashila.org.in/content/blogs/20260224-data-centre-growth-in-the-us-and-malaysia.html,0,,,0,https://takshashila.org.in/pages/blogs/,"[""sitemap"", ""known_state"", ""links""]",True,True,5,0,,,,,2026-09-23T17:35:40Z,41,2026-09-23T06:15:18.632Z
https://takshashila.org.in/content/blogs/20260223-india-formally-joins-pax-silica.html,page,blog,304,not_modified,https://takshashila.org.in/content/blogs/20260223-india-formally-joins-pax-silica.html,0,,,0,https://takshashila.org.in/pages/blogs/,"[""sitemap"", ""known_state"", ""links""]",True,True,7,0,,,,,2026-09-23T17:35:40Z,42,2026-09-23T06:15:18.632Z
https://takshashila.org.in/content/blogs/20260223-Nagara%E2%80%93The-Democracy-Game.html,page,blog,304,not_modified,https://takshashila.org.in/content/blogs/20260223-Nagara%E2%80%93The-Democracy-Game.html,0,,,0,https://takshashila.org.in/pages/blogs/,"[""sitemap"", ""known_state"", ""links""]",True,True,4,0,,,,,2026-09-23T17:35:40Z,41,2026-09-23T06:15:18.631Z
https://takshashila.org.in/content/blogs/20260216-An-Analysis-of-the-2026-27-Union-Sports-Budget.html,page,blog,304,not_modified,https://takshashila.org.in/content/blogs/20260216-An-Analysis-of-the-2026-27-Union-Sports-Budget.html,0,,,0,https://takshashila.org.in/pages/blogs/,"[""sitemap"", ""known_state"", ""links""]",True,True,4,0,,,,,2026-09-23T17:35:41Z,41,2026-09-23T06:15:18.631Z
https://takshashila.org.in/content/blogs/20260209-Deep-Tech-Meet-Bureaucracy.html,page,blog,304,not_modified,https://takshashila.org.in/content/blogs/20260209-Deep-Tech-Meet-Bureaucracy.html,0,,,0,https://takshashila.org.in/pages/blogs/,"[""sitemap"", ""known_state"", ""links""]",True,True,5,0,,,,,2026-09-23T17:35:41Z,41,2026-09-23T06:15:18.630Z
https://takshashila.org.in/content/blogs/20260207-democratising-compute-in-india.html,page,blog,304,not_modified,https://takshashila.org.in/content/blogs/20260207-democratising-compute-in-india.html,0,,,0,https://takshashila.org.in/pages/blogs/,"[""sitemap"", ""known_state"", ""links""]",True,True,5,0,,,,,2026-09-23T17:35:41Z,41,2026-09-23T06:15:18.630Z
https://takshashila.org.in/content/blogs/20260204-Australia-Social-Media-Ban.html,page,blog,304,not_modified,https://takshashila.org.in/content/blogs/20260204-Australia-Social-Media-Ban.html,0,,,0,https://takshashila.org.in/pages/blogs/,"[""sitemap"", ""known_state"", ""links""]",True,True,4,0,,,,,2026-09-23T17:35:41Z,42,2026-09-23T06:15:18.630Z
https://takshashila.org.in/content/blogs/20260203-semiconductor-budget-article.html,page,blog,304,not_modified,https://takshashila.org.in/content/blogs/20260203-semiconductor-budget-article.html,0,,,0,https://takshashila.org.in/pages/blogs/,"[""sitemap"", ""known_state"", ""links""]",True,True,5,0,,,,,2026-09-23T17:35:42Z,41,2026-09-23T06:15:18.629Z
https://takshashila.org.in/content/blogs/20260202-global-copper-shortage.html,page,blog,304,not_modified,https://takshashila.org.in/content/blogs/20260202-global-copper-shortage.html,0,,,0,https://takshashila.org.in/pages/blogs/,"[""sitemap"", ""known_state"", ""links""]",True,True,6,0,,,,,2026-09-23T17:35:42Z,41,2026-09-23T06:15:18.629Z
https://takshashila.org.in/content/blogs/20260201-union-budget-proposes-tax-holiday-for-global-cloud-services.html,page,blog,304,not_modified,https://takshashila.org.in/content/blogs/20260201-union-budget-proposes-tax-holiday-for-global-cloud-services.html,0,,,0,https://takshashila.org.in/pages/blogs/,"[""sitemap"", ""known_state"", ""links""]",True,True,5,0,,,,,2026-09-23T17:35:42Z,41,2026-09-23T06:15:18.628Z
https://takshashila.org.in/content/blogs/20260131-Will-The-Chips-Get-Up-In-India.html,page,blog,304,not_modified,https://takshashila.org.in/content/blogs/20260131-Will-The-Chips-Get-Up-In-India.html,0,,,0,https://takshashila.org.in/pages/blogs/,"[""sitemap"", ""known_state"", ""links""]",True,True,5,0,,,,,2026-09-23T17:35:42Z,41,2026-09-23T06:15:18.628Z
https://takshashila.org.in/content/blogs/20260127-open-source-tech-india-eu.html,page,blog,304,not_modified,https://takshashila.org.in/content/blogs/20260127-open-source-tech-india-eu.html,0,,,0,https://takshashila.org.in/pages/blogs/,"[""sitemap"", ""known_state"", ""links""]",True,True,5,0,,,,,2026-09-23T17:35:43Z,41,2026-09-23T06:15:18.627Z
https://takshashila.org.in/content/blogs/20260126-Highlights-of-the-New-TikTok-Deal.html,page,blog,304,not_modified,https://takshashila.org.in/content/blogs/20260126-Highlights-of-the-New-TikTok-Deal.html,0,,,0,https://takshashila.org.in/pages/blogs/,"[""sitemap"", ""known_state"", ""links""]",True,True,5,0,,,,,2026-09-23T17:35:43Z,41,2026-09-23T06:15:18.627Z
https://takshashila.org.in/content/blogs/20260121-IranAtATippingPoint.html,page,blog,304,not_modified,https://takshashila.org.in/content/blogs/20260121-IranAtATippingPoint.html,0,,,0,https://takshashila.org.in/pages/blogs/,"[""sitemap"", ""known_state"", ""links""]",True,True,4,0,,,,,2026-09-23T17:35:43Z,41,2026-09-23T06:15:18.627Z
https://takshashila.org.in/content/blogs/20260119-paradigms-shift-in-llms-and-compute.html,page,blog,304,not_modified,https://takshashila.org.in/content/blogs/20260119-paradigms-shift-in-llms-and-compute.html,0,,,0,https://takshashila.org.in/pages/blogs/,"[""sitemap"", ""known_state"", ""links""]",True,True,5,0,,,,,2026-09-23T17:35:43Z,41,2026-09-23T06:15:18.626Z
https://takshashila.org.in/content/blogs/20260119-China-Discipline-Inspection-Plenary.html,page,blog,304,not_modified,https://takshashila.org.in/content/blogs/20260119-China-Discipline-Inspection-Plenary.html,0,,,0,https://takshashila.org.in/pages/blogs/,"[""sitemap"", ""known_state"", ""links""]",True,True,5,0,,,,,2026-09-23T17:35:44Z,41,2026-09-23T06:15:18.625Z
https://takshashila.org.in/content/blogs/20260118-China-Blocks-Tech-To-India.html,page,blog,304,not_modified,https://takshashila.org.in/content/blogs/20260118-China-Blocks-Tech-To-India.html,0,,,0,https://takshashila.org.in/pages/blogs/,"[""sitemap"", ""known_state"", ""links""]",True,True,5,0,,,,,2026-09-23T17:35:44Z,41,2026-09-23T06:15:18.624Z
https://takshashila.org.in/content/blogs/20260115-Venezuela-China-Radars-BWQuote.html,page,blog,304,not_modified,https://takshashila.org.in/content/blogs/20260115-Venezuela-China-Radars-BWQuote.html,0,,,0,https://takshashila.org.in/pages/blogs/,"[""sitemap"", ""known_state"", ""links""]",True,True,5,0,,,,,2026-09-23T17:35:44Z,41,2026-09-23T06:15:18.624Z
https://takshashila.org.in/content/blogs/20260113-Tactical-Tweaks-Need-Formalisation.html,page,blog,304,not_modified,https://takshashila.org.in/content/blogs/20260113-Tactical-Tweaks-Need-Formalisation.html,0,,,0,https://takshashila.org.in/pages/blogs/,"[""sitemap"", ""known_state"", ""links""]",True,True,4,0,,,,,2026-09-23T17:35:45Z,41,2026-09-23T06:15:18.624Z
https://takshashila.org.in/content/blogs/20260112-TheVenezuelanUpheveal.html,page,blog,304,not_modified,https://takshashila.org.in/content/blogs/20260112-TheVenezuelanUpheveal.html,0,,,0,https://takshashila.org.in/pages/blogs/,"[""sitemap"", ""known_state"", ""links""]",True,True,4,0,,,,,2026-09-23T17:35:45Z,41,2026-09-23T06:15:18.623Z
https://takshashila.org.in/content/blogs/20260112-Solid-State-Batteries.html,page,blog,304,not_modified,https://takshashila.org.in/content/blogs/20260112-Solid-State-Batteries.html,0,,,0,https://takshashila.org.in/pages/blogs/,"[""sitemap"", ""known_state"", ""links""]",True,True,5,0,,,,,2026-09-23T17:35:46Z,41,2026-09-23T06:15:18.622Z
https://takshashila.org.in/content/blogs/20260112-PLA-Intelligentization.html,page,blog,304,not_modified,https://takshashila.org.in/content/blogs/20260112-PLA-Intelligentization.html,0,,,0,https://takshashila.org.in/pages/blogs/,"[""sitemap"", ""known_state"", ""links""]",True,True,5,0,,,,,2026-09-23T17:35:46Z,41,2026-09-23T06:15:18.622Z
https://takshashila.org.in/content/blogs/20260112-India-NewZealandFTA.html,page,blog,304,not_modified,https://takshashila.org.in/content/blogs/20260112-India-NewZealandFTA.html,0,,,0,https://takshashila.org.in/pages/blogs/,"[""sitemap"", ""known_state"", ""links""]",True,True,5,0,,,,,2026-09-23T17:35:46Z,41,2026-09-23T06:15:18.621Z
https://takshashila.org.in/content/blogs/20260112-GrowingGlareProblem.html,page,blog,304,not_modified,https://takshashila.org.in/content/blogs/20260112-GrowingGlareProblem.html,0,,,0,https://takshashila.org.in/pages/blogs/,"[""sitemap"", ""known_state"", ""links""]",True,True,6,0,,,,,2026-09-23T17:35:46Z,41,2026-09-23T06:15:18.620Z
https://takshashila.org.in/content/blogs/20260109-public-policy-and-the-omniabsent-state.html,page,blog,304,not_modified,https://takshashila.org.in/content/blogs/20260109-public-policy-and-the-omniabsent-state.html,0,,,0,https://takshashila.org.in/pages/blogs/,"[""sitemap"", ""known_state"", ""links""]",True,True,5,0,,,,,2026-09-23T17:35:46Z,41,2026-09-23T06:15:18.620Z
https://takshashila.org.in/content/blogs/20260109-DrugSeizuresINDMYR.html,page,blog,304,not_modified,https://takshashila.org.in/content/blogs/20260109-DrugSeizuresINDMYR.html,0,,,0,https://takshashila.org.in/pages/blogs/,"[""sitemap"", ""known_state"", ""links""]",True,True,4,0,,,,,2026-09-23T17:35:46Z,41,2026-09-23T06:15:18.619Z
https://takshashila.org.in/content/blogs/20260105-Venezuela-Taiwan-and-the-Spectre-of-Nuclear-Proliferation.html,page,blog,304,not_modified,https://takshashila.org.in/content/blogs/20260105-Venezuela-Taiwan-and-the-Spectre-of-Nuclear-Proliferation.html,0,,,0,https://takshashila.org.in/pages/blogs/,"[""sitemap"", ""known_state"", ""links""]",True,True,6,0,,,,,2026-09-23T17:35:46Z,41,2026-09-23T06:15:18.619Z
https://takshashila.org.in/content/blogs/2026-02-23-Warsaw-and-Berlin-EU-Rearm.html,page,blog,304,not_modified,https://takshashila.org.in/content/blogs/2026-02-23-Warsaw-and-Berlin-EU-Rearm.html,0,,,0,https://takshashila.org.in/pages/blogs/,"[""sitemap"", ""known_state"", ""links""]",True,True,5,0,,,,,2026-09-23T17:35:47Z,41,2026-09-23T06:15:18.618Z
https://takshashila.org.in/content/blogs/2026-02-16-PLA-Training-Theory.html,page,blog,304,not_modified,https://takshashila.org.in/content/blogs/2026-02-16-PLA-Training-Theory.html,0,,,0,https://takshashila.org.in/pages/blogs/,"[""sitemap"", ""known_state"", ""links""]",True,True,5,0,,,,,2026-09-23T17:35:47Z,41,2026-09-23T06:15:18.618Z
https://takshashila.org.in/content/blogs/2026-02-06-why-china's-economic-coercion.html,page,blog,304,not_modified,https://takshashila.org.in/content/blogs/2026-02-06-why-china's-economic-coercion.html,0,,,0,https://takshashila.org.in/pages/blogs/,"[""sitemap"", ""known_state"", ""links""]",True,True,5,0,,,,,2026-09-23T17:35:47Z,41,2026-09-23T06:15:18.618Z
https://takshashila.org.in/content/blogs/2026-01-26-Russia-India-China-Lavrov.html,page,blog,304,not_modified,https://takshashila.org.in/content/blogs/2026-01-26-Russia-India-China-Lavrov.html,0,,,0,https://takshashila.org.in/pages/blogs/,"[""sitemap"", ""known_state"", ""links""]",True,True,5,0,,,,,2026-09-23T17:35:48Z,41,2026-09-23T06:15:18.617Z
https://takshashila.org.in/content/blogs/20251218-social-medias-wake-up-call.html,page,blog,304,not_modified,https://takshashila.org.in/content/blogs/20251218-social-medias-wake-up-call.html,0,,,0,https://takshashila.org.in/pages/blogs/,"[""sitemap"", ""known_state"", ""links""]",True,True,7,0,,,,,2026-09-23T17:35:48Z,42,2026-09-23T06:15:18.617Z
https://takshashila.org.in/content/blogs/20251218-on-european-rearmament.html,page,blog,304,not_modified,https://takshashila.org.in/content/blogs/20251218-on-european-rearmament.html,0,,,0,https://takshashila.org.in/pages/blogs/,"[""sitemap"", ""known_state"", ""links""]",True,True,5,0,,,,,2026-09-23T17:35:48Z,41,2026-09-23T06:15:18.617Z
https://takshashila.org.in/content/blogs/20251215-ai-in-legal-processes-lepf.html,page,blog,304,not_modified,https://takshashila.org.in/content/blogs/20251215-ai-in-legal-processes-lepf.html,0,,,0,https://takshashila.org.in/pages/blogs/,"[""sitemap"", ""known_state"", ""links""]",True,True,4,0,,,,,2026-09-23T17:35:48Z,42,2026-09-23T06:15:18.616Z
https://takshashila.org.in/content/blogs/20251209-Why%20Curriculum%20Matters%20More%20Than%20Degree%20Titles.html,page,blog,304,not_modified,https://takshashila.org.in/content/blogs/20251209-Why%20Curriculum%20Matters%20More%20Than%20Degree%20Titles.html,0,,,0,https://takshashila.org.in/pages/blogs/,"[""sitemap"", ""known_state"", ""links""]",True,True,4,0,,,,,2026-09-23T17:35:48Z,41,2026-09-23T06:15:18.616Z
https://takshashila.org.in/content/blogs/20251208-indias-upcoming-nuclear-reforms.html,page,blog,304,not_modified,https://takshashila.org.in/content/blogs/20251208-indias-upcoming-nuclear-reforms.html,0,,,0,https://takshashila.org.in/pages/blogs/,"[""sitemap"", ""known_state"", ""links""]",True,True,5,0,,,,,2026-09-23T17:35:49Z,42,2026-09-23T06:15:18.615Z
https://takshashila.org.in/content/blogs/20251204-data-centres-in-space.html,page,blog,304,not_modified,https://takshashila.org.in/content/blogs/20251204-data-centres-in-space.html,0,,,0,https://takshashila.org.in/pages/blogs/,"[""sitemap"", ""known_state"", ""links""]",True,True,5,0,,,,,2026-09-23T17:35:49Z,41,2026-09-23T06:15:18.614Z
https://takshashila.org.in/content/blogs/20251201-indias-cyber-safety-app-mandate.html,page,blog,304,not_modified,https://takshashila.org.in/content/blogs/20251201-indias-cyber-safety-app-mandate.html,0,,,0,https://takshashila.org.in/pages/blogs/,"[""sitemap"", ""known_state"", ""links""]",True,True,5,0,,,,,2026-09-23T17:35:49Z,41,2026-09-23T06:15:18.613Z
https://takshashila.org.in/content/blogs/20251124-Rotational-Labour-Mobility-Is-Not-Necessarily-Growth-Enhancing.html,page,blog,304,not_modified,https://takshashila.org.in/content/blogs/20251124-Rotational-Labour-Mobility-Is-Not-Necessarily-Growth-Enhancing.html,0,,,0,https://takshashila.org.in/pages/blogs/,"[""sitemap"", ""known_state"", ""links""]",True,True,5,0,,,,,2026-09-23T17:35:50Z,42,2026-09-23T06:15:18.614Z
https://takshashila.org.in/content/blogs/20251120-is-the-eu-deregulating-its-tech.html,page,blog,304,not_modified,https://takshashila.org.in/content/blogs/20251120-is-the-eu-deregulating-its-tech.html,0,,,0,https://takshashila.org.in/pages/blogs/,"[""sitemap"", ""known_state"", ""links""]",True,True,5,0,,,,,2026-09-23T17:35:50Z,41,2026-09-23T06:15:18.612Z
https://takshashila.org.in/content/blogs/20251118-House-of-Huawei-Book-Review.html,page,blog,304,not_modified,https://takshashila.org.in/content/blogs/20251118-House-of-Huawei-Book-Review.html,0,,,0,https://takshashila.org.in/pages/blogs/,"[""sitemap"", ""known_state"", ""links""]",True,True,5,0,,,,,2026-09-23T17:35:50Z,41,2026-09-23T06:15:18.612Z
https://takshashila.org.in/content/blogs/20251117-Rotational-Labour-Mobility-Does-Not-Address-Anti-Immigrant-Sentiment.html,page,blog,304,not_modified,https://takshashila.org.in/content/blogs/20251117-Rotational-Labour-Mobility-Does-Not-Address-Anti-Immigrant-Sentiment.html,0,,,0,https://takshashila.org.in/pages/blogs/,"[""sitemap"", ""known_state"", ""links""]",True,True,6,0,,,,,2026-09-23T17:35:50Z,41,2026-09-23T06:15:18.611Z
https://takshashila.org.in/content/blogs/20251114-meity-notifies-dpdp-rules-2025.html,page,blog,304,not_modified,https://takshashila.org.in/content/blogs/20251114-meity-notifies-dpdp-rules-2025.html,0,,,0,https://takshashila.org.in/pages/blogs/,"[""sitemap"", ""known_state"", ""links""]",True,True,5,0,,,,,2026-09-23T17:35:51Z,41,2026-09-23T06:15:18.611Z
https://takshashila.org.in/content/blogs/20251114-The-Tussle-Over-Nexperia.html,page,blog,304,not_modified,https://takshashila.org.in/content/blogs/20251114-The-Tussle-Over-Nexperia.html,0,,,0,https://takshashila.org.in/pages/blogs/,"[""sitemap"", ""known_state"", ""links""]",True,True,5,0,,,,,2026-09-23T17:35:51Z,41,2026-09-23T06:15:18.610Z
https://takshashila.org.in/content/blogs/20251105-When-Humanity-Outsources-To-Technology.html,page,blog,304,not_modified,https://takshashila.org.in/content/blogs/20251105-When-Humanity-Outsources-To-Technology.html,0,,,0,https://takshashila.org.in/pages/blogs/,"[""sitemap"", ""known_state"", ""links""]",True,True,5,0,,,,,2026-09-23T17:35:51Z,41,2026-09-23T06:15:18.610Z
https://takshashila.org.in/content/blogs/20251103-china-doubles-down-on-weaponising-antitrust-regulations.html,page,blog,304,not_modified,https://takshashila.org.in/content/blogs/20251103-china-doubles-down-on-weaponising-antitrust-regulations.html,0,,,0,https://takshashila.org.in/pages/blogs/,"[""sitemap"", ""known_state"", ""links""]",True,True,6,0,,,,,2026-09-23T17:35:52Z,41,2026-09-23T06:15:18.610Z
https://takshashila.org.in/content/blogs/20251022-China-K-Visa.html,page,blog,304,not_modified,https://takshashila.org.in/content/blogs/20251022-China-K-Visa.html,0,,,0,https://takshashila.org.in/pages/blogs/,"[""sitemap"", ""known_state"", ""links""]",True,True,5,0,,,,,2026-09-23T17:35:52Z,41,2026-09-23T06:15:18.609Z
https://takshashila.org.in/content/blogs/20251014-indias-options-amid-chinese-export-curbs-on-battery-related-technologies.html,page,blog,304,not_modified,https://takshashila.org.in/content/blogs/20251014-indias-options-amid-chinese-export-curbs-on-battery-related-technologies.html,0,,,0,https://takshashila.org.in/pages/blogs/,"[""sitemap"", ""known_state"", ""links""]",True,True,5,0,,,,,2026-09-23T17:35:52Z,41,2026-09-23T06:15:18.609Z
https://takshashila.org.in/content/blogs/20251014-Sahyog-Portals-e-commerce-push.html,page,blog,304,not_modified,https://takshashila.org.in/content/blogs/20251014-Sahyog-Portals-e-commerce-push.html,0,,,0,https://takshashila.org.in/pages/blogs/,"[""sitemap"", ""known_state"", ""links""]",True,True,5,0,,,,,2026-09-23T17:35:53Z,41,2026-09-23T06:15:18.609Z
https://takshashila.org.in/content/blogs/20251010-What-India-Canada-Tech-Partnership.html,page,blog,304,not_modified,https://takshashila.org.in/content/blogs/20251010-What-India-Canada-Tech-Partnership.html,0,,,0,https://takshashila.org.in/pages/blogs/,"[""sitemap"", ""known_state"", ""links""]",True,True,6,0,,,,,2026-09-23T17:35:53Z,41,2026-09-23T06:15:18.608Z
https://takshashila.org.in/content/blogs/20251008-arunachal-pradesh.html,page,blog,304,not_modified,https://takshashila.org.in/content/blogs/20251008-arunachal-pradesh.html,0,,,0,https://takshashila.org.in/pages/blogs/,"[""sitemap"", ""known_state"", ""links""]",True,True,4,0,,,,,2026-09-23T17:35:53Z,41,2026-09-23T06:15:18.608Z
https://takshashila.org.in/content/blogs/20250817_hormuz.html,page,blog,304,not_modified,https://takshashila.org.in/content/blogs/20250817_hormuz.html,0,,,0,https://takshashila.org.in/pages/blogs/,"[""sitemap"", ""known_state"", ""links""]",True,True,7,0,,,,,2026-09-23T17:35:53Z,41,2026-09-23T06:15:18.607Z
https://takshashila.org.in/content/blogs/20250815-when-geopolitics-pulls-the-plug-on-technology.html,page,blog,304,not_modified,https://takshashila.org.in/content/blogs/20250815-when-geopolitics-pulls-the-plug-on-technology.html,0,,,0,https://takshashila.org.in/pages/blogs/,"[""sitemap"", ""known_state"", ""links""]",True,True,5,0,,,,,2026-09-23T17:35:53Z,41,2026-09-23T06:15:18.607Z
https://takshashila.org.in/content/blogs/20250807-When-the-flowers-bloomed-in-China.html,page,blog,304,not_modified,https://takshashila.org.in/content/blogs/20250807-When-the-flowers-bloomed-in-China.html,0,,,0,https://takshashila.org.in/pages/blogs/,"[""sitemap"", ""known_state"", ""links""]",True,True,5,0,,,,,2026-09-23T17:35:54Z,41,2026-09-23T06:15:18.606Z
https://takshashila.org.in/content/blogs/20250804-Why-PM-Ishiba-is-under-fire.html,page,blog,304,not_modified,https://takshashila.org.in/content/blogs/20250804-Why-PM-Ishiba-is-under-fire.html,0,,,0,https://takshashila.org.in/pages/blogs/,"[""sitemap"", ""known_state"", ""links""]",True,True,5,0,,,,,2026-09-23T17:35:54Z,41,2026-09-23T06:15:18.606Z
https://takshashila.org.in/content/blogs/20250801-Ind-UK-FTA-Food.html,page,blog,304,not_modified,https://takshashila.org.in/content/blogs/20250801-Ind-UK-FTA-Food.html,0,,,0,https://takshashila.org.in/pages/blogs/,"[""sitemap"", ""known_state"", ""links""]",True,True,5,0,,,,,2026-09-23T17:35:54Z,41,2026-09-23T06:15:18.605Z
https://takshashila.org.in/content/blogs/20250730-Collaboration-with-Chinese-Companies-can-Enhance-Indias-Clean-Mobility-Landscape.html,page,blog,304,not_modified,https://takshashila.org.in/content/blogs/20250730-Collaboration-with-Chinese-Companies-can-Enhance-Indias-Clean-Mobility-Landscape.html,0,,,0,https://takshashila.org.in/pages/blogs/,"[""sitemap"", ""known_state"", ""links""]",True,True,5,0,,,,,2026-09-23T17:35:54Z,41,2026-09-23T06:15:18.604Z
https://takshashila.org.in/content/blogs/20250724-the-digital-battlefield.html,page,blog,304,not_modified,https://takshashila.org.in/content/blogs/20250724-the-digital-battlefield.html,0,,,0,https://takshashila.org.in/pages/blogs/,"[""sitemap"", ""known_state"", ""links""]",True,True,4,0,,,,,2026-09-23T17:35:55Z,41,2026-09-23T06:15:18.604Z
https://takshashila.org.in/content/blogs/20250724-When-legends-are-born.html,page,blog,304,not_modified,https://takshashila.org.in/content/blogs/20250724-When-legends-are-born.html,0,,,0,https://takshashila.org.in/pages/blogs/,"[""sitemap"", ""known_state"", ""links""]",True,True,4,0,,,,,2026-09-23T17:35:55Z,41,2026-09-23T06:15:18.603Z
https://takshashila.org.in/content/blogs/20250723-military-doctrine.html,page,blog,304,not_modified,https://takshashila.org.in/content/blogs/20250723-military-doctrine.html,0,,,0,https://takshashila.org.in/pages/blogs/,"[""sitemap"", ""known_state"", ""links""]",True,True,5,0,,,,,2026-09-23T17:35:55Z,41,2026-09-23T06:15:18.603Z
https://takshashila.org.in/content/blogs/20250723-economic-reasoning.html,page,blog,304,not_modified,https://takshashila.org.in/content/blogs/20250723-economic-reasoning.html,0,,,0,https://takshashila.org.in/pages/blogs/,"[""sitemap"", ""known_state"", ""links""]",True,True,5,0,,,,,2026-09-23T17:35:56Z,41,2026-09-23T06:15:18.602Z
https://takshashila.org.in/content/blogs/20250723-India-traffic-problems.html,page,blog,304,not_modified,https://takshashila.org.in/content/blogs/20250723-India-traffic-problems.html,0,,,0,https://takshashila.org.in/pages/blogs/,"[""sitemap"", ""known_state"", ""links""]",True,True,5,0,,,,,2026-09-23T17:35:56Z,41,2026-09-23T06:15:18.601Z
https://takshashila.org.in/content/blogs/20250721-writing-for-an-ai-audience.html,page,blog,304,not_modified,https://takshashila.org.in/content/blogs/20250721-writing-for-an-ai-audience.html,0,,,0,https://takshashila.org.in/pages/blogs/,"[""sitemap"", ""known_state"", ""links""]",True,True,5,0,,,,,2026-09-23T17:35:56Z,41,2026-09-23T06:15:18.601Z
"https://takshashila.org.in/content/blogs/20250706-It%E2%80%99s-About-%E2%80%98Naam,-Namak-aur-Nishan%E2%80%99.html",page,blog,304,not_modified,"https://takshashila.org.in/content/blogs/20250706-It%E2%80%99s-About-%E2%80%98Naam,-Namak-aur-Nishan%E2%80%99.html",0,,,0,https://takshashila.org.in/pages/blogs/,"[""sitemap"", ""known_state"", ""links""]",True,True,4,0,,,,,2026-09-23T17:35:56Z,41,2026-09-23T06:15:18.600Z
https://takshashila.org.in/content/blogs/20250704-ai-diffusion-framework-repeal.html,page,blog,304,not_modified,https://takshashila.org.in/content/blogs/20250704-ai-diffusion-framework-repeal.html,0,,,0,https://takshashila.org.in/pages/blogs/,"[""sitemap"", ""known_state"", ""links""]",True,True,8,0,,,,,2026-09-23T17:35:57Z,43,2026-09-23T06:15:18.600Z
https://takshashila.org.in/content/blogs/20250515-op-sindoor.html,page,blog,304,not_modified,https://takshashila.org.in/content/blogs/20250515-op-sindoor.html,0,,,0,https://takshashila.org.in/pages/blogs/,"[""sitemap"", ""known_state"", ""links""]",True,True,4,0,,,,,2026-09-23T17:35:57Z,41,2026-09-23T06:15:18.599Z
https://takshashila.org.in/content/blogs/20250429-jhelum-river.html,page,blog,304,not_modified,https://takshashila.org.in/content/blogs/20250429-jhelum-river.html,0,,,0,https://takshashila.org.in/pages/blogs/,"[""sitemap"", ""known_state"", ""links""]",True,True,4,0,,,,,2026-09-23T17:35:57Z,41,2026-09-23T06:15:18.599Z
https://takshashila.org.in/content/blogs/20250131-ai-diffusion-rules.html,page,blog,304,not_modified,https://takshashila.org.in/content/blogs/20250131-ai-diffusion-rules.html,0,,,0,https://takshashila.org.in/pages/blogs/,"[""sitemap"", ""known_state"", ""links""]",True,True,5,0,,,,,2026-09-23T17:35:58Z,42,2026-09-23T06:15:18.598Z
https://takshashila.org.in/content/blogs/20250112-The-EU-Mercosur-Deal.html,page,blog,304,not_modified,https://takshashila.org.in/content/blogs/20250112-The-EU-Mercosur-Deal.html,0,,,0,https://takshashila.org.in/pages/blogs/,"[""sitemap"", ""known_state"", ""links""]",True,True,5,0,,,,,2026-09-23T17:35:58Z,41,2026-09-23T06:15:18.597Z
https://takshashila.org.in/content/blogs/2025-12-01-China-New-White-Paper.html,page,blog,304,not_modified,https://takshashila.org.in/content/blogs/2025-12-01-China-New-White-Paper.html,0,,,0,https://takshashila.org.in/pages/blogs/,"[""sitemap"", ""known_state"", ""links""]",True,True,5,0,,,,,2026-09-23T17:35:58Z,41,2026-09-23T06:15:18.598Z
https://takshashila.org.in/content/blogs/2025-11-06-Geo-meets-ai.html,page,blog,304,not_modified,https://takshashila.org.in/content/blogs/2025-11-06-Geo-meets-ai.html,0,,,0,https://takshashila.org.in/pages/blogs/,"[""sitemap"", ""known_state"", ""links""]",True,True,5,0,,,,,2026-09-23T17:35:58Z,41,2026-09-23T06:15:18.596Z
https://takshashila.org.in/content/blogs/2025-10-29-Brahmaputra.html,page,blog,304,not_modified,https://takshashila.org.in/content/blogs/2025-10-29-Brahmaputra.html,0,,,0,https://takshashila.org.in/pages/blogs/,"[""sitemap"", ""known_state"", ""links""]",True,True,5,0,,,,,2026-09-23T17:35:59Z,41,2026-09-23T06:15:18.596Z
https://takshashila.org.in/content/blogs/2025-10-13-China-Export-Restrictions.html,page,blog,304,not_modified,https://takshashila.org.in/content/blogs/2025-10-13-China-Export-Restrictions.html,0,,,0,https://takshashila.org.in/pages/blogs/,"[""sitemap"", ""known_state"", ""links""]",True,True,5,0,,,,,2026-09-23T17:35:59Z,41,2026-09-23T06:15:18.594Z
https://takshashila.org.in/content/blogs/2025-07-30-US-China-Tech-Rivalry.html,page,blog,304,not_modified,https://takshashila.org.in/content/blogs/2025-07-30-US-China-Tech-Rivalry.html,0,,,0,https://takshashila.org.in/pages/blogs/,"[""sitemap"", ""known_state"", ""links""]",True,True,4,0,,,,,2026-09-23T17:35:59Z,41,2026-09-23T06:15:18.595Z
https://takshashila.org.in/content/blogs/2025-07-23-AKumar.html,page,blog,304,not_modified,https://takshashila.org.in/content/blogs/2025-07-23-AKumar.html,0,,,0,https://takshashila.org.in/pages/blogs/,"[""sitemap"", ""known_state"", ""links""]",True,True,5,0,,,,,2026-09-23T17:36:00Z,41,2026-09-23T06:15:18.594Z
https://takshashila.org.in/content/blogs/2025-05-24-Futility-of-Trade-Deals.html,page,blog,304,not_modified,https://takshashila.org.in/content/blogs/2025-05-24-Futility-of-Trade-Deals.html,0,,,0,https://takshashila.org.in/pages/blogs/,"[""sitemap"", ""known_state"", ""links""]",True,True,5,0,,,,,2026-09-23T17:36:00Z,41,2026-09-23T06:15:18.594Z
https://takshashila.org.in/content/blogs/20230330-Trackingvessels.html,page,blog,304,not_modified,https://takshashila.org.in/content/blogs/20230330-Trackingvessels.html,0,,,0,https://takshashila.org.in/pages/blogs/,"[""sitemap"", ""known_state"", ""links""]",True,True,5,0,,,,,2026-09-23T17:36:00Z,41,2026-09-23T06:15:18.594Z
https://takshashila.org.in/content/blogs/1260H-US-China-15062026.html,page,blog,304,not_modified,https://takshashila.org.in/content/blogs/1260H-US-China-15062026.html,0,,,0,https://takshashila.org.in/pages/blogs/,"[""sitemap"", ""known_state"", ""links""]",True,True,6,0,,,,,2026-09-23T17:36:00Z,41,2026-09-23T06:15:18.593Z
https://takshashila.org.in/content/blogs/20230323-Navicisnotout.html,page,blog,304,not_modified,https://takshashila.org.in/content/blogs/20230323-Navicisnotout.html,0,,,0,https://takshashila.org.in/pages/blogs/,"[""sitemap"", ""known_state"", ""links""]",True,True,5,0,,,,,2026-09-23T17:36:00Z,41,2026-09-23T06:15:18.593Z
https://takshashila.org.in/content/blogs/20240109-china-s-climate-diplomacy-at-cop30.html,page,blog,304,not_modified,https://takshashila.org.in/content/blogs/20240109-china-s-climate-diplomacy-at-cop30.html,0,,,0,https://takshashila.org.in/pages/blogs/,"[""sitemap"", ""known_state"", ""links""]",True,True,5,0,,,,,2026-09-23T17:36:01Z,41,2026-09-23T06:15:18.594Z
https://takshashila.org.in/content/blogs/2025-07-22-tech-by-theater.html,page,blog,304,not_modified,https://takshashila.org.in/content/blogs/2025-07-22-tech-by-theater.html,0,,,0,https://takshashila.org.in/pages/blogs/,"[""sitemap"", ""known_state"", ""links""]",True,True,5,0,,,,,2026-09-23T17:36:01Z,41,2026-09-23T06:15:18.594Z
https://takshashila.org.in/content/blogs/2025-07-25-India-UK-FTA.html,page,blog,304,not_modified,https://takshashila.org.in/content/blogs/2025-07-25-India-UK-FTA.html,0,,,0,https://takshashila.org.in/pages/blogs/,"[""sitemap"", ""known_state"", ""links""]",True,True,5,0,,,,,2026-09-23T17:36:01Z,41,2026-09-23T06:15:18.594Z
https://takshashila.org.in/content/blogs/2025-09-17-Xiangshan-Anushka%20Saxena.html,page,blog,304,not_modified,https://takshashila.org.in/content/blogs/2025-09-17-Xiangshan-Anushka%20Saxena.html,0,,,0,https://takshashila.org.in/pages/blogs/,"[""sitemap"", ""known_state"", ""links""]",True,True,5,0,,,,,2026-09-23T17:36:01Z,41,2026-09-23T06:15:18.596Z
https://takshashila.org.in/content/blogs/2025-10-13-Ruminations-about-the-Anti-Immigration-Tendencies.html,page,blog,304,not_modified,https://takshashila.org.in/content/blogs/2025-10-13-Ruminations-about-the-Anti-Immigration-Tendencies.html,0,,,0,https://takshashila.org.in/pages/blogs/,"[""sitemap"", ""known_state"", ""links""]",True,True,5,0,,,,,2026-09-23T17:36:02Z,41,2026-09-23T06:15:18.596Z
https://takshashila.org.in/content/blogs/2025-11-05-The-MBT-is-Not-Dead-Yet.html,page,blog,304,not_modified,https://takshashila.org.in/content/blogs/2025-11-05-The-MBT-is-Not-Dead-Yet.html,0,,,0,https://takshashila.org.in/pages/blogs/,"[""sitemap"", ""known_state"", ""links""]",True,True,4,0,,,,,2026-09-23T17:36:02Z,42,2026-09-23T06:15:18.596Z
https://takshashila.org.in/content/blogs/2025-11-10-Commissioned-Fujian-Carrier-China.html,page,blog,304,not_modified,https://takshashila.org.in/content/blogs/2025-11-10-Commissioned-Fujian-Carrier-China.html,0,,,0,https://takshashila.org.in/pages/blogs/,"[""sitemap"", ""known_state"", ""links""]",True,True,5,0,,,,,2026-09-23T17:36:02Z,41,2026-09-23T06:15:18.597Z
https://takshashila.org.in/content/blogs/2025-12-11-Adaptive-Tech-Strategies-US-China.html,page,blog,304,not_modified,https://takshashila.org.in/content/blogs/2025-12-11-Adaptive-Tech-Strategies-US-China.html,0,,,0,https://takshashila.org.in/pages/blogs/,"[""sitemap"", ""known_state"", ""links""]",True,True,4,0,,,,,2026-09-23T17:36:02Z,41,2026-09-23T06:15:18.597Z
https://takshashila.org.in/content/blogs/20250114-uss-power-pivot.html,page,blog,304,not_modified,https://takshashila.org.in/content/blogs/20250114-uss-power-pivot.html,0,,,0,https://takshashila.org.in/pages/blogs/,"[""sitemap"", ""known_state"", ""links""]",True,True,5,0,,,,,2026-09-23T17:36:02Z,41,2026-09-23T06:15:18.597Z
https://takshashila.org.in/content/blogs/20250325-pathways-to-ai-sovereignty-for-india.html,page,blog,304,not_modified,https://takshashila.org.in/content/blogs/20250325-pathways-to-ai-sovereignty-for-india.html,0,,,0,https://takshashila.org.in/pages/blogs/,"[""sitemap"", ""known_state"", ""links""]",True,True,5,0,,,,,2026-09-23T17:36:03Z,41,2026-09-23T06:15:18.598Z
https://takshashila.org.in/content/blogs/20250515-Misinformation-Online-LEPF.html,page,blog,304,not_modified,https://takshashila.org.in/content/blogs/20250515-Misinformation-Online-LEPF.html,0,,,0,https://takshashila.org.in/pages/blogs/,"[""sitemap"", ""known_state"", ""links""]",True,True,4,0,,,,,2026-09-23T17:36:03Z,46,2026-09-23T06:15:18.598Z
https://takshashila.org.in/content/blogs/20250523-Plugging-the-Leak-LEPF.html,page,blog,304,not_modified,https://takshashila.org.in/content/blogs/20250523-Plugging-the-Leak-LEPF.html,0,,,0,https://takshashila.org.in/pages/blogs/,"[""sitemap"", ""known_state"", ""links""]",True,True,4,0,,,,,2026-09-23T17:36:04Z,43,2026-09-23T06:15:18.599Z
https://takshashila.org.in/content/blogs/20250706-English-mp3-script.html,page,blog,304,not_modified,https://takshashila.org.in/content/blogs/20250706-English-mp3-script.html,0,,,0,https://takshashila.org.in/pages/blogs/,"[""sitemap"", ""known_state"", ""links""]",True,True,5,0,,,,,2026-09-23T17:36:04Z,41,2026-09-23T06:15:18.599Z
https://takshashila.org.in/content/blogs/20250721-Irans-bomb-that-wasnt.html,page,blog,304,not_modified,https://takshashila.org.in/content/blogs/20250721-Irans-bomb-that-wasnt.html,0,,,0,https://takshashila.org.in/pages/blogs/,"[""sitemap"", ""known_state"", ""links""]",True,True,5,0,,,,,2026-09-23T17:36:04Z,41,2026-09-23T06:15:18.601Z
https://takshashila.org.in/content/blogs/20250723-H20-China.html,page,blog,304,not_modified,https://takshashila.org.in/content/blogs/20250723-H20-China.html,0,,,0,https://takshashila.org.in/pages/blogs/,"[""sitemap"", ""known_state"", ""links""]",True,True,5,0,,,,,2026-09-23T17:36:04Z,41,2026-09-23T06:15:18.601Z
https://takshashila.org.in/content/blogs/20250723-case-for-liberalism.html,page,blog,304,not_modified,https://takshashila.org.in/content/blogs/20250723-case-for-liberalism.html,0,,,0,https://takshashila.org.in/pages/blogs/,"[""sitemap"", ""known_state"", ""links""]",True,True,5,0,,,,,2026-09-23T17:36:05Z,41,2026-09-23T06:15:18.602Z
https://takshashila.org.in/content/blogs/20250723-freedom-of-speech.html,page,blog,304,not_modified,https://takshashila.org.in/content/blogs/20250723-freedom-of-speech.html,0,,,0,https://takshashila.org.in/pages/blogs/,"[""sitemap"", ""known_state"", ""links""]",True,True,5,0,,,,,2026-09-23T17:36:05Z,41,2026-09-23T06:15:18.602Z
https://takshashila.org.in/content/blogs/20250723-reorienting-metro-design.html,page,blog,304,not_modified,https://takshashila.org.in/content/blogs/20250723-reorienting-metro-design.html,0,,,0,https://takshashila.org.in/pages/blogs/,"[""sitemap"", ""known_state"", ""links""]",True,True,5,0,,,,,2026-09-23T17:36:05Z,41,2026-09-23T06:15:18.603Z
https://takshashila.org.in/content/blogs/20250724-proportional-representation.html,page,blog,304,not_modified,https://takshashila.org.in/content/blogs/20250724-proportional-representation.html,0,,,0,https://takshashila.org.in/pages/blogs/,"[""sitemap"", ""known_state"", ""links""]",True,True,5,0,,,,,2026-09-23T17:36:05Z,41,2026-09-23T06:15:18.604Z
https://takshashila.org.in/content/blogs/20250728-OpenSource-AI-Becomes-a-Strategic-Priority.html,page,blog,304,not_modified,https://takshashila.org.in/content/blogs/20250728-OpenSource-AI-Becomes-a-Strategic-Priority.html,0,,,0,https://takshashila.org.in/pages/blogs/,"[""sitemap"", ""known_state"", ""links""]",True,True,5,0,,,,,2026-09-23T17:36:06Z,41,2026-09-23T06:15:18.604Z
https://takshashila.org.in/content/blogs/20250801-CROPIC.html,page,blog,304,not_modified,https://takshashila.org.in/content/blogs/20250801-CROPIC.html,0,,,0,https://takshashila.org.in/pages/blogs/,"[""sitemap"", ""known_state"", ""links""]",True,True,4,0,,,,,2026-09-23T17:36:06Z,41,2026-09-23T06:15:18.605Z
https://takshashila.org.in/content/blogs/20250804-Agricultural-Tensions-in-the-India-US-Trade-Negotiations.html,page,blog,304,not_modified,https://takshashila.org.in/content/blogs/20250804-Agricultural-Tensions-in-the-India-US-Trade-Negotiations.html,0,,,0,https://takshashila.org.in/pages/blogs/,"[""sitemap"", ""known_state"", ""links""]",True,True,5,0,,,,,2026-09-23T17:36:06Z,41,2026-09-23T06:15:18.605Z
https://takshashila.org.in/content/blogs/20250805-No-UPI.html,page,blog,304,not_modified,https://takshashila.org.in/content/blogs/20250805-No-UPI.html,0,,,0,https://takshashila.org.in/pages/blogs/,"[""sitemap"", ""known_state"", ""links""]",True,True,4,0,,,,,2026-09-23T17:36:06Z,41,2026-09-23T06:15:18.606Z
https://takshashila.org.in/content/blogs/20250813-The-Potential-Implications-of-the-Snapback.html,page,blog,304,not_modified,https://takshashila.org.in/content/blogs/20250813-The-Potential-Implications-of-the-Snapback.html,0,,,0,https://takshashila.org.in/pages/blogs/,"[""sitemap"", ""known_state"", ""links""]",True,True,5,0,,,,,2026-09-23T17:36:07Z,41,2026-09-23T06:15:18.606Z
https://takshashila.org.in/content/blogs/20250815_food-safety-or-food-policing.html,page,blog,304,not_modified,https://takshashila.org.in/content/blogs/20250815_food-safety-or-food-policing.html,0,,,0,https://takshashila.org.in/pages/blogs/,"[""sitemap"", ""known_state"", ""links""]",True,True,4,0,,,,,2026-09-23T17:36:07Z,41,2026-09-23T06:15:18.606Z
https://takshashila.org.in/content/blogs/20250908-India-US-Tariffs.html,page,blog,304,not_modified,https://takshashila.org.in/content/blogs/20250908-India-US-Tariffs.html,0,,,0,https://takshashila.org.in/pages/blogs/,"[""sitemap"", ""known_state"", ""links""]",True,True,5,0,,,,,2026-09-23T17:36:07Z,41,2026-09-23T06:15:18.607Z
https://takshashila.org.in/content/blogs/20251010-WIPO-Global-Innovation-Index-2025-India.html,page,blog,304,not_modified,https://takshashila.org.in/content/blogs/20251010-WIPO-Global-Innovation-Index-2025-India.html,0,,,0,https://takshashila.org.in/pages/blogs/,"[""sitemap"", ""known_state"", ""links""]",True,True,5,0,,,,,2026-09-23T17:36:07Z,41,2026-09-23T06:15:18.607Z
https://takshashila.org.in/content/blogs/20251013-Why-EU-Norm-Startup-is-Struggling.html,page,blog,304,not_modified,https://takshashila.org.in/content/blogs/20251013-Why-EU-Norm-Startup-is-Struggling.html,0,,,0,https://takshashila.org.in/pages/blogs/,"[""sitemap"", ""known_state"", ""links""]",True,True,5,0,,,,,2026-09-23T17:36:08Z,41,2026-09-23T06:15:18.608Z
https://takshashila.org.in/content/blogs/20251014-geopolitics-and-brussels-effect.html,page,blog,304,not_modified,https://takshashila.org.in/content/blogs/20251014-geopolitics-and-brussels-effect.html,0,,,0,https://takshashila.org.in/pages/blogs/,"[""sitemap"", ""known_state"", ""links""]",True,True,5,0,,,,,2026-09-23T17:36:08Z,41,2026-09-23T06:15:18.609Z
https://takshashila.org.in/content/blogs/20251020-seven-points-worth-thinking-about-chinas-gameplay-on-rare-earths.html,page,blog,304,not_modified,https://takshashila.org.in/content/blogs/20251020-seven-points-worth-thinking-about-chinas-gameplay-on-rare-earths.html,0,,,0,https://takshashila.org.in/pages/blogs/,"[""sitemap"", ""known_state"", ""links""]",True,True,5,0,,,,,2026-09-23T17:36:08Z,41,2026-09-23T06:15:18.609Z
https://takshashila.org.in/content/blogs/20251028-Meity-yet-another-definitional-stretch.html,page,blog,304,not_modified,https://takshashila.org.in/content/blogs/20251028-Meity-yet-another-definitional-stretch.html,0,,,0,https://takshashila.org.in/pages/blogs/,"[""sitemap"", ""known_state"", ""links""]",True,True,5,0,,,,,2026-09-23T17:36:08Z,41,2026-09-23T06:15:18.609Z
https://takshashila.org.in/content/blogs/20251103-do-deepfakes-need-separate-regulations.html,page,blog,304,not_modified,https://takshashila.org.in/content/blogs/20251103-do-deepfakes-need-separate-regulations.html,0,,,0,https://takshashila.org.in/pages/blogs/,"[""sitemap"", ""known_state"", ""links""]",True,True,5,0,,,,,2026-09-23T17:36:08Z,41,2026-09-23T06:15:18.610Z
https://takshashila.org.in/content/blogs/20251110-Why-connected-buses-and-cars-worry-the-West.html,page,blog,304,not_modified,https://takshashila.org.in/content/blogs/20251110-Why-connected-buses-and-cars-worry-the-West.html,0,,,0,https://takshashila.org.in/pages/blogs/,"[""sitemap"", ""known_state"", ""links""]",True,True,5,0,,,,,2026-09-23T17:36:09Z,41,2026-09-23T06:15:18.610Z
https://takshashila.org.in/content/blogs/20251114-helium-control-and-the-hindenburg.html,page,blog,304,not_modified,https://takshashila.org.in/content/blogs/20251114-helium-control-and-the-hindenburg.html,0,,,0,https://takshashila.org.in/pages/blogs/,"[""sitemap"", ""known_state"", ""links""]",True,True,5,0,,,,,2026-09-23T17:36:09Z,41,2026-09-23T06:15:18.611Z
https://takshashila.org.in/content/blogs/20251114-us-dutch-oil-embargo-and-pearl-harbor.html,page,blog,304,not_modified,https://takshashila.org.in/content/blogs/20251114-us-dutch-oil-embargo-and-pearl-harbor.html,0,,,0,https://takshashila.org.in/pages/blogs/,"[""sitemap"", ""known_state"", ""links""]",True,True,5,0,,,,,2026-09-23T17:36:09Z,41,2026-09-23T06:15:18.612Z
https://takshashila.org.in/content/blogs/20251117-what-we-lose-when-ai-filters-our-perception.html,page,blog,304,not_modified,https://takshashila.org.in/content/blogs/20251117-what-we-lose-when-ai-filters-our-perception.html,0,,,0,https://takshashila.org.in/pages/blogs/,"[""sitemap"", ""known_state"", ""links""]",True,True,5,0,,,,,2026-09-23T17:36:10Z,41,2026-09-23T06:15:18.612Z
https://takshashila.org.in/content/blogs/20251118-ai-safety-market-failure.html,page,blog,304,not_modified,https://takshashila.org.in/content/blogs/20251118-ai-safety-market-failure.html,0,,,0,https://takshashila.org.in/pages/blogs/,"[""sitemap"", ""known_state"", ""links""]",True,True,5,0,,,,,2026-09-23T17:36:10Z,41,2026-09-23T06:15:18.613Z
https://takshashila.org.in/content/blogs/20251121-Taking-Off-Their-Gloves.html,page,blog,304,not_modified,https://takshashila.org.in/content/blogs/20251121-Taking-Off-Their-Gloves.html,0,,,0,https://takshashila.org.in/pages/blogs/,"[""sitemap"", ""known_state"", ""links""]",True,True,6,0,,,,,2026-09-23T17:36:10Z,42,2026-09-23T06:15:18.613Z
https://takshashila.org.in/content/blogs/20251124-leveraging-the-aciti-partnership.html,page,blog,304,not_modified,https://takshashila.org.in/content/blogs/20251124-leveraging-the-aciti-partnership.html,0,,,0,https://takshashila.org.in/pages/blogs/,"[""sitemap"", ""known_state"", ""links""]",True,True,6,0,,,,,2026-09-23T17:36:10Z,42,2026-09-23T06:15:18.614Z
https://takshashila.org.in/content/blogs/20251203-identifying-addresses.html,page,blog,304,not_modified,https://takshashila.org.in/content/blogs/20251203-identifying-addresses.html,0,,,0,https://takshashila.org.in/pages/blogs/,"[""sitemap"", ""known_state"", ""links""]",True,True,5,0,,,,,2026-09-23T17:36:11Z,41,2026-09-23T06:15:18.614Z
https://takshashila.org.in/content/blogs/20251204-free-energy.html,page,blog,304,not_modified,https://takshashila.org.in/content/blogs/20251204-free-energy.html,0,,,0,https://takshashila.org.in/pages/blogs/,"[""sitemap"", ""known_state"", ""links""]",True,True,5,0,,,,,2026-09-23T17:36:11Z,41,2026-09-23T06:15:18.614Z
https://takshashila.org.in/content/blogs/20251209-IUUFishingIndia.html,page,blog,304,not_modified,https://takshashila.org.in/content/blogs/20251209-IUUFishingIndia.html,0,,,0,https://takshashila.org.in/pages/blogs/,"[""sitemap"", ""known_state"", ""links""]",True,True,4,0,,,,,2026-09-23T17:36:11Z,41,2026-09-23T06:15:18.615Z
https://takshashila.org.in/content/blogs/20251215-Resetting-Indias-QCOs.html,page,blog,304,not_modified,https://takshashila.org.in/content/blogs/20251215-Resetting-Indias-QCOs.html,0,,,0,https://takshashila.org.in/pages/blogs/,"[""sitemap"", ""known_state"", ""links""]",True,True,5,0,,,,,2026-09-23T17:36:11Z,41,2026-09-23T06:15:18.616Z
https://takshashila.org.in/content/blogs/20251216-Todays-Captcha-Is-A-Reputation-Score-For-Your-Browser.html,page,blog,304,not_modified,https://takshashila.org.in/content/blogs/20251216-Todays-Captcha-Is-A-Reputation-Score-For-Your-Browser.html,0,,,0,https://takshashila.org.in/pages/blogs/,"[""sitemap"", ""known_state"", ""links""]",True,True,5,0,,,,,2026-09-23T17:36:12Z,41,2026-09-23T06:15:18.616Z
https://takshashila.org.in/content/blogs/20251218-pax-silica-initial-view.html,page,blog,304,not_modified,https://takshashila.org.in/content/blogs/20251218-pax-silica-initial-view.html,0,,,0,https://takshashila.org.in/pages/blogs/,"[""sitemap"", ""known_state"", ""links""]",True,True,7,0,,,,,2026-09-23T17:36:12Z,41,2026-09-23T06:15:18.616Z
https://takshashila.org.in/content/blogs/20251222-US-NDAA-Taiwan.html,page,blog,304,not_modified,https://takshashila.org.in/content/blogs/20251222-US-NDAA-Taiwan.html,0,,,0,https://takshashila.org.in/pages/blogs/,"[""sitemap"", ""known_state"", ""links""]",True,True,5,0,,,,,2026-09-23T17:36:12Z,41,2026-09-23T06:15:18.617Z
https://takshashila.org.in/content/blogs/2026-02-01-Defence-Budget.html,page,blog,304,not_modified,https://takshashila.org.in/content/blogs/2026-02-01-Defence-Budget.html,0,,,0,https://takshashila.org.in/pages/blogs/,"[""sitemap"", ""known_state"", ""links""]",True,True,5,0,,,,,2026-09-23T17:36:12Z,41,2026-09-23T06:15:18.617Z
https://takshashila.org.in/content/blogs/2026-02-16-America-First-Global-Health.html,page,blog,304,not_modified,https://takshashila.org.in/content/blogs/2026-02-16-America-First-Global-Health.html,0,,,0,https://takshashila.org.in/pages/blogs/,"[""sitemap"", ""known_state"", ""links""]",True,True,4,0,,,,,2026-09-23T17:36:13Z,41,2026-09-23T06:15:18.618Z
https://takshashila.org.in/content/blogs/2026-02-23-China-Battery-Shipbuilding.html,page,blog,304,not_modified,https://takshashila.org.in/content/blogs/2026-02-23-China-Battery-Shipbuilding.html,0,,,0,https://takshashila.org.in/pages/blogs/,"[""sitemap"", ""known_state"", ""links""]",True,True,5,0,,,,,2026-09-23T17:36:13Z,41,2026-09-23T06:15:18.618Z
https://takshashila.org.in/content/blogs/2026-05-18_Heatonanimals.html,page,blog,304,not_modified,https://takshashila.org.in/content/blogs/2026-05-18_Heatonanimals.html,0,,,0,https://takshashila.org.in/pages/blogs/,"[""sitemap"", ""known_state"", ""links""]",True,True,5,0,,,,,2026-09-23T17:36:13Z,41,2026-09-23T06:15:18.618Z
https://takshashila.org.in/content/blogs/20260105-the-reported-solutions-for-allowing-chinese-investment-in-india.html,page,blog,304,not_modified,https://takshashila.org.in/content/blogs/20260105-the-reported-solutions-for-allowing-chinese-investment-in-india.html,0,,,0,https://takshashila.org.in/pages/blogs/,"[""sitemap"", ""known_state"", ""links""]",True,True,5,0,,,,,2026-09-23T17:36:13Z,41,2026-09-23T06:15:18.619Z
https://takshashila.org.in/content/blogs/20260109-challenges-opportunities-for-india-japan-semiconductor-collaboration.html,page,blog,304,not_modified,https://takshashila.org.in/content/blogs/20260109-challenges-opportunities-for-india-japan-semiconductor-collaboration.html,0,,,0,https://takshashila.org.in/pages/blogs/,"[""sitemap"", ""known_state"", ""links""]",True,True,5,0,,,,,2026-09-23T17:36:14Z,41,2026-09-23T06:15:18.620Z
https://takshashila.org.in/content/blogs/20260110-China-New-Energy-Export.html,page,blog,304,not_modified,https://takshashila.org.in/content/blogs/20260110-China-New-Energy-Export.html,0,,,0,https://takshashila.org.in/pages/blogs/,"[""sitemap"", ""known_state"", ""links""]",True,True,5,0,,,,,2026-09-23T17:36:14Z,41,2026-09-23T06:15:18.621Z
https://takshashila.org.in/content/blogs/20260112-India-Drones.html,page,blog,304,not_modified,https://takshashila.org.in/content/blogs/20260112-India-Drones.html,0,,,0,https://takshashila.org.in/pages/blogs/,"[""sitemap"", ""known_state"", ""links""]",True,True,5,0,,,,,2026-09-23T17:36:14Z,41,2026-09-23T06:15:18.621Z
https://takshashila.org.in/content/blogs/20260112-India-Pragmatic-Turn-in-Taliban-Era-Afghanistan.html,page,blog,304,not_modified,https://takshashila.org.in/content/blogs/20260112-India-Pragmatic-Turn-in-Taliban-Era-Afghanistan.html,0,,,0,https://takshashila.org.in/pages/blogs/,"[""sitemap"", ""known_state"", ""links""]",True,True,5,0,,,,,2026-09-23T17:36:14Z,41,2026-09-23T06:15:18.621Z
https://takshashila.org.in/content/blogs/20260112-ReduceHighBeamMisuse.html,page,blog,304,not_modified,https://takshashila.org.in/content/blogs/20260112-ReduceHighBeamMisuse.html,0,,,0,https://takshashila.org.in/pages/blogs/,"[""sitemap"", ""known_state"", ""links""]",True,True,5,0,,,,,2026-09-23T17:36:14Z,42,2026-09-23T06:15:18.622Z
https://takshashila.org.in/content/blogs/20260112-The-Shift-From-TACO-To-FAFO-Represents-An-Ominous-Warning-For-2026.html,page,blog,304,not_modified,https://takshashila.org.in/content/blogs/20260112-The-Shift-From-TACO-To-FAFO-Represents-An-Ominous-Warning-For-2026.html,0,,,0,https://takshashila.org.in/pages/blogs/,"[""sitemap"", ""known_state"", ""links""]",True,True,5,0,,,,,2026-09-23T17:36:15Z,42,2026-09-23T06:15:18.623Z
https://takshashila.org.in/content/blogs/20260113-India-Funding-IORA.html,page,blog,304,not_modified,https://takshashila.org.in/content/blogs/20260113-India-Funding-IORA.html,0,,,0,https://takshashila.org.in/pages/blogs/,"[""sitemap"", ""known_state"", ""links""]",True,True,4,0,,,,,2026-09-23T17:36:15Z,41,2026-09-23T06:15:18.623Z
https://takshashila.org.in/content/blogs/20260115-Geopolitics-Critical-Minerals.html,page,blog,304,not_modified,https://takshashila.org.in/content/blogs/20260115-Geopolitics-Critical-Minerals.html,0,,,0,https://takshashila.org.in/pages/blogs/,"[""sitemap"", ""known_state"", ""links""]",True,True,6,0,,,,,2026-09-23T17:36:15Z,41,2026-09-23T06:15:18.624Z
https://takshashila.org.in/content/blogs/20260116-Operation-%20Absolute-Resolve%20-Shaping-the-%20Battlefield.html,page,blog,304,not_modified,https://takshashila.org.in/content/blogs/20260116-Operation-%20Absolute-Resolve%20-Shaping-the-%20Battlefield.html,0,,,0,https://takshashila.org.in/pages/blogs/,"[""sitemap"", ""known_state"", ""links""]",True,True,4,0,,,,,2026-09-23T17:36:16Z,41,2026-09-23T06:15:18.625Z
https://takshashila.org.in/content/blogs/20260119-Chasing-The-Cyber-Enigma-in-Venezuela.html,page,blog,304,not_modified,https://takshashila.org.in/content/blogs/20260119-Chasing-The-Cyber-Enigma-in-Venezuela.html,0,,,0,https://takshashila.org.in/pages/blogs/,"[""sitemap"", ""known_state"", ""links""]",True,True,5,0,,,,,2026-09-23T17:36:16Z,41,2026-09-23T06:15:18.625Z
https://takshashila.org.in/content/blogs/20260119-TrumpsWTODream.html,page,blog,304,not_modified,https://takshashila.org.in/content/blogs/20260119-TrumpsWTODream.html,0,,,0,https://takshashila.org.in/pages/blogs/,"[""sitemap"", ""known_state"", ""links""]",True,True,5,0,,,,,2026-09-23T17:36:16Z,41,2026-09-23T06:15:18.626Z
https://takshashila.org.in/content/blogs/20260120-when-society-subsidises-corporate-losses.html,page,blog,304,not_modified,https://takshashila.org.in/content/blogs/20260120-when-society-subsidises-corporate-losses.html,0,,,0,https://takshashila.org.in/pages/blogs/,"[""sitemap"", ""known_state"", ""links""]",True,True,5,0,,,,,2026-09-23T17:36:16Z,41,2026-09-23T06:15:18.626Z
https://takshashila.org.in/content/blogs/20260126-EVs-at-the-Core-of-China-EU-Trade-Tensions.html,page,blog,304,not_modified,https://takshashila.org.in/content/blogs/20260126-EVs-at-the-Core-of-China-EU-Trade-Tensions.html,0,,,0,https://takshashila.org.in/pages/blogs/,"[""sitemap"", ""known_state"", ""links""]",True,True,5,0,,,,,2026-09-23T17:36:17Z,41,2026-09-23T06:15:18.626Z
https://takshashila.org.in/content/blogs/20260126-meity-considers-reducing-dpdpa-compliance-timelines.html,page,blog,304,not_modified,https://takshashila.org.in/content/blogs/20260126-meity-considers-reducing-dpdpa-compliance-timelines.html,0,,,0,https://takshashila.org.in/pages/blogs/,"[""sitemap"", ""known_state"", ""links""]",True,True,5,0,,,,,2026-09-23T17:36:17Z,41,2026-09-23T06:15:18.627Z
https://takshashila.org.in/content/blogs/20260130-science-magazine-india-eu-response.html,page,blog,304,not_modified,https://takshashila.org.in/content/blogs/20260130-science-magazine-india-eu-response.html,0,,,0,https://takshashila.org.in/pages/blogs/,"[""sitemap"", ""known_state"", ""links""]",True,True,5,0,,,,,2026-09-23T17:36:17Z,41,2026-09-23T06:15:18.628Z
https://takshashila.org.in/content/blogs/20260131_the-logic-of-us-china-ai-competition.html,page,blog,304,not_modified,https://takshashila.org.in/content/blogs/20260131_the-logic-of-us-china-ai-competition.html,0,,,0,https://takshashila.org.in/pages/blogs/,"[""sitemap"", ""known_state"", ""links""]",True,True,5,0,,,,,2026-09-23T17:36:17Z,42,2026-09-23T06:15:18.628Z
https://takshashila.org.in/content/blogs/20260202-India-EU-FTA%20.html,page,blog,304,not_modified,https://takshashila.org.in/content/blogs/20260202-India-EU-FTA%20.html,0,,,0,https://takshashila.org.in/pages/blogs/,"[""sitemap"", ""known_state"", ""links""]",True,True,5,0,,,,,2026-09-23T17:36:18Z,42,2026-09-23T06:15:18.628Z
https://takshashila.org.in/content/blogs/20260203-data-centres-AI-budget-analysis.html,page,blog,304,not_modified,https://takshashila.org.in/content/blogs/20260203-data-centres-AI-budget-analysis.html,0,,,0,https://takshashila.org.in/pages/blogs/,"[""sitemap"", ""known_state"", ""links""]",True,True,5,0,,,,,2026-09-23T17:36:18Z,41,2026-09-23T06:15:18.629Z
https://takshashila.org.in/content/blogs/20260203_ai-mission-budget-analysis.html,page,blog,304,not_modified,https://takshashila.org.in/content/blogs/20260203_ai-mission-budget-analysis.html,0,,,0,https://takshashila.org.in/pages/blogs/,"[""sitemap"", ""known_state"", ""links""]",True,True,5,0,,,,,2026-09-23T17:36:18Z,41,2026-09-23T06:15:18.629Z
https://takshashila.org.in/content/blogs/20260204-Social-norm-flipping.html,page,blog,304,not_modified,https://takshashila.org.in/content/blogs/20260204-Social-norm-flipping.html,0,,,0,https://takshashila.org.in/pages/blogs/,"[""sitemap"", ""known_state"", ""links""]",True,True,4,0,,,,,2026-09-23T17:36:18Z,41,2026-09-23T06:15:18.630Z
https://takshashila.org.in/content/blogs/20260208-Neev-Strengthening-Indian-Republic.html,page,blog,304,not_modified,https://takshashila.org.in/content/blogs/20260208-Neev-Strengthening-Indian-Republic.html,0,,,0,https://takshashila.org.in/pages/blogs/,"[""sitemap"", ""known_state"", ""links""]",True,True,5,0,,,,,2026-09-23T17:36:19Z,41,2026-09-23T06:15:18.630Z
https://takshashila.org.in/content/blogs/20260212-Aloveletter.html,page,blog,304,not_modified,https://takshashila.org.in/content/blogs/20260212-Aloveletter.html,0,,,0,https://takshashila.org.in/pages/blogs/,"[""sitemap"", ""known_state"", ""links""]",True,True,5,0,,,,,2026-09-23T17:36:19Z,41,2026-09-23T06:15:18.631Z
https://takshashila.org.in/content/blogs/20260216-Five-Observations-On-The-India-US-Framework-Trade-Agreement.html,page,blog,304,not_modified,https://takshashila.org.in/content/blogs/20260216-Five-Observations-On-The-India-US-Framework-Trade-Agreement.html,0,,,0,https://takshashila.org.in/pages/blogs/,"[""sitemap"", ""known_state"", ""links""]",True,True,5,0,,,,,2026-09-23T17:36:19Z,41,2026-09-23T06:15:18.631Z
https://takshashila.org.in/content/blogs/20260223-The-India-AI-Impact-Summit-Beyond-the-Headlines.html,page,blog,304,not_modified,https://takshashila.org.in/content/blogs/20260223-The-India-AI-Impact-Summit-Beyond-the-Headlines.html,0,,,0,https://takshashila.org.in/pages/blogs/,"[""sitemap"", ""known_state"", ""links""]",True,True,5,0,,,,,2026-09-23T17:36:19Z,41,2026-09-23T06:15:18.632Z
https://takshashila.org.in/content/blogs/20260224-WhyIndiaMustMoveAwayFrom%20Freebies%20%20-%20Copy.html,page,blog,304,not_modified,https://takshashila.org.in/content/blogs/20260224-WhyIndiaMustMoveAwayFrom%20Freebies%20%20-%20Copy.html,0,,,0,https://takshashila.org.in/pages/blogs/,"[""sitemap"", ""known_state"", ""links""]",True,True,5,0,,,,,2026-09-23T17:36:20Z,41,2026-09-23T06:15:18.632Z
https://takshashila.org.in/content/blogs/20260225-Technology-Denial-Regimes.html,page,blog,304,not_modified,https://takshashila.org.in/content/blogs/20260225-Technology-Denial-Regimes.html,0,,,0,https://takshashila.org.in/pages/blogs/,"[""sitemap"", ""known_state"", ""links""]",True,True,5,0,,,,,2026-09-23T17:36:20Z,42,2026-09-23T06:15:18.632Z
https://takshashila.org.in/content/blogs/20260310-AI-Policy-Framework.html,page,blog,304,not_modified,https://takshashila.org.in/content/blogs/20260310-AI-Policy-Framework.html,0,,,0,https://takshashila.org.in/pages/blogs/,"[""sitemap"", ""known_state"", ""links""]",True,True,5,0,,,,,2026-09-23T17:36:20Z,41,2026-09-23T06:15:18.632Z
https://takshashila.org.in/content/blogs/20260310_non-proliferation-trap.html,page,blog,304,not_modified,https://takshashila.org.in/content/blogs/20260310_non-proliferation-trap.html,0,,,0,https://takshashila.org.in/pages/blogs/,"[""sitemap"", ""known_state"", ""links""]",True,True,5,0,,,,,2026-09-23T17:36:21Z,41,2026-09-23T06:15:18.633Z
https://takshashila.org.in/content/blogs/20260316-India-s-CBAM-preparedness.html,page,blog,304,not_modified,https://takshashila.org.in/content/blogs/20260316-India-s-CBAM-preparedness.html,0,,,0,https://takshashila.org.in/pages/blogs/,"[""sitemap"", ""known_state"", ""links""]",True,True,5,0,,,,,2026-09-23T17:36:21Z,41,2026-09-23T06:15:18.633Z
https://takshashila.org.in/content/blogs/20260320-India-Dithering-On-Signing-The-Trade-Deal-With-The-US-Is-A-Welcome-Development.html,page,blog,304,not_modified,https://takshashila.org.in/content/blogs/20260320-India-Dithering-On-Signing-The-Trade-Deal-With-The-US-Is-A-Welcome-Development.html,0,,,0,https://takshashila.org.in/pages/blogs/,"[""sitemap"", ""known_state"", ""links""]",True,True,5,0,,,,,2026-09-23T17:36:21Z,41,2026-09-23T06:15:18.634Z
https://takshashila.org.in/content/blogs/20260325-Iran-Nuclear.html,page,blog,304,not_modified,https://takshashila.org.in/content/blogs/20260325-Iran-Nuclear.html,0,,,0,https://takshashila.org.in/pages/blogs/,"[""sitemap"", ""known_state"", ""links""]",True,True,6,0,,,,,2026-09-23T17:36:21Z,41,2026-09-23T06:15:18.634Z
https://takshashila.org.in/content/blogs/20260331-Sulphur-shortage.html,page,blog,304,not_modified,https://takshashila.org.in/content/blogs/20260331-Sulphur-shortage.html,0,,,0,https://takshashila.org.in/pages/blogs/,"[""sitemap"", ""known_state"", ""links""]",True,True,6,0,,,,,2026-09-23T17:36:22Z,41,2026-09-23T06:15:18.635Z
https://takshashila.org.in/content/blogs/20260406-Constitution-National-Power.html,page,blog,304,not_modified,https://takshashila.org.in/content/blogs/20260406-Constitution-National-Power.html,0,,,0,https://takshashila.org.in/pages/blogs/,"[""sitemap"", ""known_state"", ""links""]",True,True,5,0,,,,,2026-09-23T17:36:22Z,41,2026-09-23T06:15:18.636Z
https://takshashila.org.in/content/blogs/20260406-testinggroundtibet.html,page,blog,304,not_modified,https://takshashila.org.in/content/blogs/20260406-testinggroundtibet.html,0,,,0,https://takshashila.org.in/pages/blogs/,"[""sitemap"", ""known_state"", ""links""]",True,True,5,0,,,,,2026-09-23T17:36:22Z,41,2026-09-23T06:15:18.636Z
https://takshashila.org.in/content/blogs/20260413-India-Needs-a-New-Rulebook-for-Agricultures-Next-Technological-Shift.html,page,blog,304,not_modified,https://takshashila.org.in/content/blogs/20260413-India-Needs-a-New-Rulebook-for-Agricultures-Next-Technological-Shift.html,0,,,0,https://takshashila.org.in/pages/blogs/,"[""sitemap"", ""known_state"", ""links""]",True,True,6,0,,,,,2026-09-23T17:36:22Z,41,2026-09-23T06:15:18.637Z
https://takshashila.org.in/content/blogs/20260418_proposed-lok-sabha-seat-apportionment.html,page,blog,304,not_modified,https://takshashila.org.in/content/blogs/20260418_proposed-lok-sabha-seat-apportionment.html,0,,,0,https://takshashila.org.in/pages/blogs/,"[""sitemap"", ""known_state"", ""links""]",True,True,5,0,,,,,2026-09-23T17:36:23Z,42,2026-09-23T06:15:18.637Z
https://takshashila.org.in/content/blogs/20260423-state-economy.html,page,blog,304,not_modified,https://takshashila.org.in/content/blogs/20260423-state-economy.html,0,,,0,https://takshashila.org.in/pages/blogs/,"[""sitemap"", ""known_state"", ""links""]",True,True,5,0,,,,,2026-09-23T17:36:23Z,41,2026-09-23T06:15:18.638Z
https://takshashila.org.in/content/blogs/20260427-inflation-blindspot.html,page,blog,304,not_modified,https://takshashila.org.in/content/blogs/20260427-inflation-blindspot.html,0,,,0,https://takshashila.org.in/pages/blogs/,"[""sitemap"", ""known_state"", ""links""]",True,True,5,0,,,,,2026-09-23T17:36:23Z,41,2026-09-23T06:15:18.638Z
https://takshashila.org.in/content/blogs/20260429-china-meta-manus.html,page,blog,304,not_modified,https://takshashila.org.in/content/blogs/20260429-china-meta-manus.html,0,,,0,https://takshashila.org.in/pages/blogs/,"[""sitemap"", ""known_state"", ""links""]",True,True,5,0,,,,,2026-09-23T17:36:23Z,42,2026-09-23T06:15:18.639Z
https://takshashila.org.in/content/blogs/20260430-afterlife-of-a-server.html,page,blog,304,not_modified,https://takshashila.org.in/content/blogs/20260430-afterlife-of-a-server.html,0,,,0,https://takshashila.org.in/pages/blogs/,"[""sitemap"", ""known_state"", ""links""]",True,True,5,0,,,,,2026-09-23T17:36:24Z,41,2026-09-23T06:15:18.639Z
https://takshashila.org.in/content/blogs/20260502_Tariffs_Incidence.html,page,blog,304,not_modified,https://takshashila.org.in/content/blogs/20260502_Tariffs_Incidence.html,0,,,0,https://takshashila.org.in/pages/blogs/,"[""sitemap"", ""known_state"", ""links""]",True,True,5,0,,,,,2026-09-23T17:36:24Z,41,2026-09-23T06:15:18.640Z
https://takshashila.org.in/content/blogs/20260507-Op.Sindoor-anniversary.html,page,blog,304,not_modified,https://takshashila.org.in/content/blogs/20260507-Op.Sindoor-anniversary.html,0,,,0,https://takshashila.org.in/pages/blogs/,"[""sitemap"", ""known_state"", ""links""]",True,True,5,0,,,,,2026-09-23T17:36:24Z,41,2026-09-23T06:15:18.640Z
https://takshashila.org.in/content/blogs/20260525-irgc-proposed-fee-regime-on-subsea-cables.html,page,blog,304,not_modified,https://takshashila.org.in/content/blogs/20260525-irgc-proposed-fee-regime-on-subsea-cables.html,0,,,0,https://takshashila.org.in/pages/blogs/,"[""sitemap"", ""known_state"", ""links""]",True,True,6,0,,,,,2026-09-23T17:36:24Z,41,2026-09-23T06:15:18.641Z
https://takshashila.org.in/content/blogs/20260608_Paksat.html,page,blog,304,not_modified,https://takshashila.org.in/content/blogs/20260608_Paksat.html,0,,,0,https://takshashila.org.in/pages/blogs/,"[""sitemap"", ""known_state"", ""links""]",True,True,5,0,,,,,2026-09-23T17:36:25Z,41,2026-09-23T06:15:18.642Z
https://takshashila.org.in/content/blogs/20260615-census.html,page,blog,304,not_modified,https://takshashila.org.in/content/blogs/20260615-census.html,0,,,0,https://takshashila.org.in/pages/blogs/,"[""sitemap"", ""known_state"", ""links""]",True,True,5,0,,,,,2026-09-23T17:36:25Z,41,2026-09-23T06:15:18.642Z
https://takshashila.org.in/content/blogs/20260622-From-Policy-to-Law-The-Future-of-Geospatial-Governance-in-India.html,page,blog,304,not_modified,https://takshashila.org.in/content/blogs/20260622-From-Policy-to-Law-The-Future-of-Geospatial-Governance-in-India.html,0,,,0,https://takshashila.org.in/pages/blogs/,"[""sitemap"", ""known_state"", ""links""]",True,True,4,0,,,,,2026-09-23T17:36:25Z,41,2026-09-23T06:15:18.643Z
https://takshashila.org.in/content/blogs/20260628-us-eu-trade-deal-truce.html,page,blog,304,not_modified,https://takshashila.org.in/content/blogs/20260628-us-eu-trade-deal-truce.html,0,,,0,https://takshashila.org.in/pages/blogs/,"[""sitemap"", ""known_state"", ""links""]",True,True,5,0,,,,,2026-09-23T17:36:25Z,41,2026-09-23T06:15:18.643Z
https://takshashila.org.in/content/blogs/20260703-whatsapp-username-saga.html,page,blog,304,not_modified,https://takshashila.org.in/content/blogs/20260703-whatsapp-username-saga.html,0,,,0,https://takshashila.org.in/pages/blogs/,"[""sitemap"", ""known_state"", ""links""]",True,True,5,0,,,,,2026-09-23T17:36:26Z,41,2026-09-23T06:15:18.644Z
https://takshashila.org.in/content/blogs/20260706-From-Map-Making-to-Map-Checking.html,page,blog,304,not_modified,https://takshashila.org.in/content/blogs/20260706-From-Map-Making-to-Map-Checking.html,0,,,0,https://takshashila.org.in/pages/blogs/,"[""sitemap"", ""known_state"", ""links""]",True,True,6,0,,,,,2026-09-23T17:36:26Z,41,2026-09-23T06:15:18.647Z
https://takshashila.org.in/content/blogs/20260706_cloudseeing.html,page,blog,304,not_modified,https://takshashila.org.in/content/blogs/20260706_cloudseeing.html,0,,,0,https://takshashila.org.in/pages/blogs/,"[""sitemap"", ""known_state"", ""links""]",True,True,6,0,,,,,2026-09-23T17:36:26Z,41,2026-09-23T06:15:18.647Z
https://takshashila.org.in/content/blogs/20260715-NightLife-Unlock.html,page,blog,304,not_modified,https://takshashila.org.in/content/blogs/20260715-NightLife-Unlock.html,0,,,0,https://takshashila.org.in/pages/blogs/,"[""sitemap"", ""known_state"", ""links""]",True,True,5,0,,,,,2026-09-23T17:36:26Z,41,2026-09-23T06:15:18.648Z
https://takshashila.org.in/content/blogs/20260717-asml-geopolitical-signal.html,page,blog,304,not_modified,https://takshashila.org.in/content/blogs/20260717-asml-geopolitical-signal.html,0,,,0,https://takshashila.org.in/pages/blogs/,"[""sitemap"", ""known_state"", ""links""]",True,True,6,0,,,,,2026-09-23T17:36:27Z,41,2026-09-23T06:15:18.648Z
https://takshashila.org.in/content/blogs/20260723-Airport-Airlines.html,page,blog,304,not_modified,https://takshashila.org.in/content/blogs/20260723-Airport-Airlines.html,0,,,0,https://takshashila.org.in/pages/blogs/,"[""sitemap"", ""known_state"", ""links""]",True,True,5,0,,,,,2026-09-23T17:36:27Z,42,2026-09-23T06:15:18.649Z
https://takshashila.org.in/content/blogs/20260725-India-Vulnerabilities-War.html,page,blog,304,not_modified,https://takshashila.org.in/content/blogs/20260725-India-Vulnerabilities-War.html,0,,,0,https://takshashila.org.in/pages/blogs/,"[""sitemap"", ""known_state"", ""links""]",True,True,5,0,,,,,2026-09-23T17:36:27Z,41,2026-09-23T06:15:18.649Z
https://takshashila.org.in/content/blogs/20260731-causal-loop-diagram-speed-over-safety.html,page,blog,304,not_modified,https://takshashila.org.in/content/blogs/20260731-causal-loop-diagram-speed-over-safety.html,0,,,0,https://takshashila.org.in/pages/blogs/,"[""sitemap"", ""known_state"", ""links""]",True,True,7,0,,,,,2026-09-23T17:36:27Z,41,2026-09-23T06:15:18.650Z
https://takshashila.org.in/content/blogs/20260801-Payment-Weaponsiation.html,page,blog,304,not_modified,https://takshashila.org.in/content/blogs/20260801-Payment-Weaponsiation.html,0,,,0,https://takshashila.org.in/pages/blogs/,"[""sitemap"", ""known_state"", ""links""]",True,True,7,0,,,,,2026-09-23T17:36:28Z,41,2026-09-23T06:15:18.650Z
https://takshashila.org.in/content/blogs/20260803-How-an-Expert-Capsule-Course-Changed-the-Way-I-Think-About-Geospatial-Science.html,page,blog,304,not_modified,https://takshashila.org.in/content/blogs/20260803-How-an-Expert-Capsule-Course-Changed-the-Way-I-Think-About-Geospatial-Science.html,0,,,0,https://takshashila.org.in/pages/blogs/,"[""sitemap"", ""known_state"", ""links""]",True,True,5,0,,,,,2026-09-23T17:36:28Z,41,2026-09-23T06:15:18.652Z
https://takshashila.org.in/content/blogs/20260807-0MDR-UPI.html,page,blog,304,not_modified,https://takshashila.org.in/content/blogs/20260807-0MDR-UPI.html,0,,,0,https://takshashila.org.in/pages/blogs/,"[""sitemap"", ""known_state"", ""links""]",True,True,7,0,,,,,2026-09-23T17:36:28Z,42,2026-09-23T06:15:18.651Z
https://takshashila.org.in/content/blogs/20260810-Digital-Arrests.html,page,blog,304,not_modified,https://takshashila.org.in/content/blogs/20260810-Digital-Arrests.html,0,,,0,https://takshashila.org.in/pages/blogs/,"[""sitemap"", ""known_state"", ""links""]",True,True,5,0,,,,,2026-09-23T17:36:28Z,41,2026-09-23T06:15:18.653Z
https://takshashila.org.in/content/blogs/20260817-The-Coming-Era-of-Autonomous-Economies-AI-Agents-as-Workers-and-Consumers.html,page,blog,304,not_modified,https://takshashila.org.in/content/blogs/20260817-The-Coming-Era-of-Autonomous-Economies-AI-Agents-as-Workers-and-Consumers.html,0,,,0,https://takshashila.org.in/pages/blogs/,"[""sitemap"", ""known_state"", ""links""]",True,True,6,0,,,,,2026-09-23T17:36:29Z,41,2026-09-23T06:15:18.653Z
https://takshashila.org.in/content/blogs/20260821-The-MMDR-Amendment-and-the-Future-of-Mining-in-India.html,page,blog,304,not_modified,https://takshashila.org.in/content/blogs/20260821-The-MMDR-Amendment-and-the-Future-of-Mining-in-India.html,0,,,0,https://takshashila.org.in/pages/blogs/,"[""sitemap"", ""known_state"", ""links""]",True,True,7,0,,,,,2026-09-23T17:36:29Z,42,2026-09-23T06:15:18.654Z
https://takshashila.org.in/content/blogs/20260827-UPI-Free-Against.html,page,blog,304,not_modified,https://takshashila.org.in/content/blogs/20260827-UPI-Free-Against.html,0,,,0,https://takshashila.org.in/pages/blogs/,"[""sitemap"", ""known_state"", ""links""]",True,True,6,0,,,,,2026-09-23T17:36:29Z,44,2026-09-23T06:15:18.654Z
https://takshashila.org.in/content/blogs/20260831-semicon2-gets-big-v2.html,page,blog,304,not_modified,https://takshashila.org.in/content/blogs/20260831-semicon2-gets-big-v2.html,0,,,0,https://takshashila.org.in/,"[""sitemap"", ""known_state"", ""links""]",True,True,8,0,,,,,2026-09-23T17:36:29Z,41,2026-09-23T06:15:18.655Z
https://takshashila.org.in/content/blogs/20260921-Indias-AI-Challenge-Is-Bigger-Than-Just-GPUs.html,page,blog,304,not_modified,https://takshashila.org.in/content/blogs/20260921-Indias-AI-Challenge-Is-Bigger-Than-Just-GPUs.html,0,,,0,https://takshashila.org.in/,"[""sitemap"", ""known_state"", ""links""]",True,True,9,0,,,,,2026-09-23T17:36:30Z,40,2026-09-23T06:15:18.655Z
https://takshashila.org.in/content/blogs/2026_03_09_the96hours.html,page,blog,304,not_modified,https://takshashila.org.in/content/blogs/2026_03_09_the96hours.html,0,,,0,https://takshashila.org.in/pages/blogs/,"[""sitemap"", ""known_state"", ""links""]",True,True,5,0,,,,,2026-09-23T17:36:30Z,41,2026-09-23T06:15:18.656Z
https://takshashila.org.in/content/blogs/20270803-SocialMedia-Effects.html,page,blog,304,not_modified,https://takshashila.org.in/content/blogs/20270803-SocialMedia-Effects.html,0,,,0,https://takshashila.org.in/pages/blogs/,"[""sitemap"", ""known_state"", ""links""]",True,True,5,0,,,,,2026-09-23T17:36:30Z,41,2026-09-23T06:15:18.656Z
https://takshashila.org.in/content/blogs/82-New-Equipment-20042026.html,page,blog,304,not_modified,https://takshashila.org.in/content/blogs/82-New-Equipment-20042026.html,0,,,0,https://takshashila.org.in/pages/blogs/,"[""sitemap"", ""known_state"", ""links""]",True,True,6,0,,,,,2026-09-23T17:36:30Z,41,2026-09-23T06:15:18.657Z
https://takshashila.org.in/content/blogs/Beidahe-Scientists-20260810.html,page,blog,304,not_modified,https://takshashila.org.in/content/blogs/Beidahe-Scientists-20260810.html,0,,,0,https://takshashila.org.in/pages/blogs/,"[""sitemap"", ""known_state"", ""links""]",True,True,5,0,,,,,2026-09-23T17:36:31Z,41,2026-09-23T06:15:18.657Z
https://takshashila.org.in/content/blogs/China-Five-Carrier-Components-11052026.html,page,blog,304,not_modified,https://takshashila.org.in/content/blogs/China-Five-Carrier-Components-11052026.html,0,,,0,https://takshashila.org.in/pages/blogs/,"[""sitemap"", ""known_state"", ""links""]",True,True,5,0,,,,,2026-09-23T17:36:31Z,41,2026-09-23T06:15:18.658Z
https://takshashila.org.in/content/blogs/China-Joint-Exercises-Eagle-20260824.html,page,blog,304,not_modified,https://takshashila.org.in/content/blogs/China-Joint-Exercises-Eagle-20260824.html,0,,,0,https://takshashila.org.in/pages/blogs/,"[""sitemap"", ""known_state"", ""links""]",True,True,6,0,,,,,2026-09-23T17:36:31Z,41,2026-09-23T06:15:18.658Z
https://takshashila.org.in/content/blogs/China-Russia-Joint-Sea-20260713.html,page,blog,304,not_modified,https://takshashila.org.in/content/blogs/China-Russia-Joint-Sea-20260713.html,0,,,0,https://takshashila.org.in/pages/blogs/,"[""sitemap"", ""known_state"", ""links""]",True,True,5,0,,,,,2026-09-23T17:36:31Z,41,2026-09-23T06:15:18.659Z
https://takshashila.org.in/content/blogs/Defence-PSC-Mar-2026.html,page,blog,304,not_modified,https://takshashila.org.in/content/blogs/Defence-PSC-Mar-2026.html,0,,,0,https://takshashila.org.in/pages/blogs/,"[""sitemap"", ""known_state"", ""links""]",True,True,5,0,,,,,2026-09-23T17:36:32Z,42,2026-09-23T06:15:18.659Z
https://takshashila.org.in/content/blogs/Guochao-China-06042026.html,page,blog,304,not_modified,https://takshashila.org.in/content/blogs/Guochao-China-06042026.html,0,,,0,https://takshashila.org.in/pages/blogs/,"[""sitemap"", ""known_state"", ""links""]",True,True,5,0,,,,,2026-09-23T17:36:32Z,42,2026-09-23T06:15:18.660Z
https://takshashila.org.in/content/blogs/Iran-War-5-Takeaways-Day-30.html,page,blog,304,not_modified,https://takshashila.org.in/content/blogs/Iran-War-5-Takeaways-Day-30.html,0,,,0,https://takshashila.org.in/pages/blogs/,"[""sitemap"", ""known_state"", ""links""]",True,True,6,0,,,,,2026-09-23T17:36:32Z,41,2026-09-23T06:15:18.660Z
https://takshashila.org.in/content/blogs/Modi-Xi-Bilateral-BRICS-20260914.html,page,blog,304,not_modified,https://takshashila.org.in/content/blogs/Modi-Xi-Bilateral-BRICS-20260914.html,0,,,0,https://takshashila.org.in/,"[""sitemap"", ""known_state"", ""links""]",True,True,9,0,,,,,2026-09-23T17:36:32Z,41,2026-09-23T06:15:18.662Z
https://takshashila.org.in/content/blogs/Nobel-Prize-2025.html,page,blog,304,not_modified,https://takshashila.org.in/content/blogs/Nobel-Prize-2025.html,0,,,0,https://takshashila.org.in/pages/blogs/,"[""sitemap"", ""known_state"", ""links""]",True,True,5,0,,,,,2026-09-23T17:36:33Z,41,2026-09-23T06:15:18.663Z
https://takshashila.org.in/content/blogs/PLA-China-Zeigarnik-20260720.html,page,blog,304,not_modified,https://takshashila.org.in/content/blogs/PLA-China-Zeigarnik-20260720.html,0,,,0,https://takshashila.org.in/pages/blogs/,"[""sitemap"", ""known_state"", ""links""]",True,True,5,0,,,,,2026-09-23T17:36:33Z,41,2026-09-23T06:15:18.663Z
https://takshashila.org.in/content/blogs/Pentagon.html,page,blog,304,not_modified,https://takshashila.org.in/content/blogs/Pentagon.html,0,,,0,https://takshashila.org.in/pages/blogs/,"[""sitemap"", ""known_state"", ""links""]",True,True,5,0,,,,,2026-09-23T17:36:33Z,41,2026-09-23T06:15:18.664Z
https://takshashila.org.in/content/blogs/Shangri-La-20260601.html,page,blog,304,not_modified,https://takshashila.org.in/content/blogs/Shangri-La-20260601.html,0,,,0,https://takshashila.org.in/pages/blogs/,"[""sitemap"", ""known_state"", ""links""]",True,True,5,0,,,,,2026-09-23T17:36:33Z,41,2026-09-23T06:15:18.664Z
https://takshashila.org.in/content/blogs/State-rights-in-US.html,page,blog,304,not_modified,https://takshashila.org.in/content/blogs/State-rights-in-US.html,0,,,0,https://takshashila.org.in/pages/blogs/,"[""sitemap"", ""known_state"", ""links""]",True,True,5,0,,,,,2026-09-23T17:36:34Z,41,2026-09-23T06:15:18.665Z
https://takshashila.org.in/content/blogs/The-backstory-to-the-mecca-agreement-saudi-arabia-de-risking-from-the-united-states.html,page,blog,304,not_modified,https://takshashila.org.in/content/blogs/The-backstory-to-the-mecca-agreement-saudi-arabia-de-risking-from-the-united-states.html,0,,,0,https://takshashila.org.in/pages/blogs/,"[""sitemap"", ""known_state"", ""links""]",True,True,6,0,,,,,2026-09-23T17:36:34Z,41,2026-09-23T06:15:18.665Z
https://takshashila.org.in/content/blogs/US-IEEPA-SC.html,page,blog,304,not_modified,https://takshashila.org.in/content/blogs/US-IEEPA-SC.html,0,,,0,https://takshashila.org.in/pages/blogs/,"[""sitemap"", ""known_state"", ""links""]",True,True,5,0,,,,,2026-09-23T17:36:34Z,41,2026-09-23T06:15:18.666Z
https://takshashila.org.in/content/blogs/US-Taiwan-Arms-Sales-25052026.html,page,blog,304,not_modified,https://takshashila.org.in/content/blogs/US-Taiwan-Arms-Sales-25052026.html,0,,,0,https://takshashila.org.in/pages/blogs/,"[""sitemap"", ""known_state"", ""links""]",True,True,5,0,,,,,2026-09-23T17:36:34Z,41,2026-09-23T06:15:18.666Z
https://takshashila.org.in/content/blogs/Why-Iran-Is-Unlikely-to-See-Another-1979.html,page,blog,304,not_modified,https://takshashila.org.in/content/blogs/Why-Iran-Is-Unlikely-to-See-Another-1979.html,0,,,0,https://takshashila.org.in/pages/blogs/,"[""sitemap"", ""known_state"", ""links""]",True,True,6,0,,,,,2026-09-23T17:36:35Z,41,2026-09-23T06:15:18.667Z
https://takshashila.org.in/content/blogs/Zohran-Mamdani.html,page,blog,304,not_modified,https://takshashila.org.in/content/blogs/Zohran-Mamdani.html,0,,,0,https://takshashila.org.in/pages/blogs/,"[""sitemap"", ""known_state"", ""links""]",True,True,5,0,,,,,2026-09-23T17:36:36Z,41,2026-09-23T06:15:18.667Z
https://takshashila.org.in/content/blogs/ai-will-add-jobs.html,page,blog,304,not_modified,https://takshashila.org.in/content/blogs/ai-will-add-jobs.html,0,,,0,https://takshashila.org.in/pages/blogs/,"[""sitemap"", ""known_state"", ""links""]",True,True,6,0,,,,,2026-09-23T17:36:35Z,41,2026-09-23T06:15:18.668Z
https://takshashila.org.in/content/blogs/beautiful-china-paradox.html,page,blog,304,not_modified,https://takshashila.org.in/content/blogs/beautiful-china-paradox.html,0,,,0,https://takshashila.org.in/pages/blogs/,"[""sitemap"", ""known_state"", ""links""]",True,True,6,0,,,,,2026-09-23T17:36:36Z,42,2026-09-23T06:15:18.668Z
https://takshashila.org.in/content/blogs/bimstec.html,page,blog,304,not_modified,https://takshashila.org.in/content/blogs/bimstec.html,0,,,0,https://takshashila.org.in/pages/blogs/,"[""sitemap"", ""known_state"", ""links""]",True,True,5,0,,,,,2026-09-23T17:36:36Z,41,2026-09-23T06:15:18.668Z
https://takshashila.org.in/content/blogs/cabinet-committee-on-science-and-tech.html,page,blog,304,not_modified,https://takshashila.org.in/content/blogs/cabinet-committee-on-science-and-tech.html,0,,,0,https://takshashila.org.in/pages/blogs/,"[""sitemap"", ""known_state"", ""links""]",True,True,5,0,,,,,2026-09-23T17:36:36Z,41,2026-09-23T06:15:18.669Z
https://takshashila.org.in/content/blogs/china-h1-2026.html,page,blog,304,not_modified,https://takshashila.org.in/content/blogs/china-h1-2026.html,0,,,0,https://takshashila.org.in/pages/blogs/,"[""sitemap"", ""known_state"", ""links""]",True,True,5,0,,,,,2026-09-23T17:36:36Z,41,2026-09-23T06:15:18.669Z
https://takshashila.org.in/content/blogs/china-new-type-energy-system.html,page,blog,304,not_modified,https://takshashila.org.in/content/blogs/china-new-type-energy-system.html,0,,,0,https://takshashila.org.in/,"[""sitemap"", ""known_state"", ""links""]",True,True,7,0,,,,,2026-09-23T17:36:36Z,41,2026-09-23T06:15:18.670Z
https://takshashila.org.in/content/blogs/clusters-and-compounding.html,page,blog,304,not_modified,https://takshashila.org.in/content/blogs/clusters-and-compounding.html,0,,,0,https://takshashila.org.in/pages/blogs/,"[""sitemap"", ""known_state"", ""links""]",True,True,5,0,,,,,2026-09-23T17:36:37Z,41,2026-09-23T06:15:18.670Z
https://takshashila.org.in/content/blogs/everyday-defence-budget.html,page,blog,304,not_modified,https://takshashila.org.in/content/blogs/everyday-defence-budget.html,0,,,0,https://takshashila.org.in/pages/blogs/,"[""sitemap"", ""known_state"", ""links""]",True,True,6,0,,,,,2026-09-23T17:36:37Z,41,2026-09-23T06:15:18.671Z
https://takshashila.org.in/content/blogs/growing-energy-transition-momentum.html,page,blog,304,not_modified,https://takshashila.org.in/content/blogs/growing-energy-transition-momentum.html,0,,,0,https://takshashila.org.in/pages/blogs/,"[""sitemap"", ""known_state"", ""links""]",True,True,5,0,,,,,2026-09-23T17:36:37Z,41,2026-09-23T06:15:18.671Z
https://takshashila.org.in/content/blogs/new-at-the-bwc.html,page,blog,304,not_modified,https://takshashila.org.in/content/blogs/new-at-the-bwc.html,0,,,0,https://takshashila.org.in/pages/blogs/,"[""sitemap"", ""known_state"", ""links""]",True,True,6,0,,,,,2026-09-23T17:36:37Z,41,2026-09-23T06:15:18.672Z
https://takshashila.org.in/content/blogs/review-pakistan-between-mosque-military.html,page,blog,304,not_modified,https://takshashila.org.in/content/blogs/review-pakistan-between-mosque-military.html,0,,,0,https://takshashila.org.in/,"[""sitemap"", ""known_state"", ""links""]",True,True,7,0,,,,,2026-09-23T17:36:38Z,41,2026-09-23T06:15:18.672Z
https://takshashila.org.in/content/blogs/solarPVIndia.html,page,blog,304,not_modified,https://takshashila.org.in/content/blogs/solarPVIndia.html,0,,,0,https://takshashila.org.in/pages/blogs/,"[""sitemap"", ""known_state"", ""links""]",True,True,7,0,,,,,2026-09-23T17:36:38Z,41,2026-09-23T06:15:18.673Z
https://takshashila.org.in/content/blogs/trends-us-ai-governance.html,page,blog,304,not_modified,https://takshashila.org.in/content/blogs/trends-us-ai-governance.html,0,,,0,https://takshashila.org.in/,"[""sitemap"", ""known_state"", ""links""]",True,True,6,0,,,,,2026-09-23T17:36:38Z,41,2026-09-23T06:15:18.673Z
https://takshashila.org.in/content/blogs/xi-jinpings-meeting-with-private-tech-entrepreneurs.html,page,blog,304,not_modified,https://takshashila.org.in/content/blogs/xi-jinpings-meeting-with-private-tech-entrepreneurs.html,0,,,0,https://takshashila.org.in/pages/blogs/,"[""sitemap"", ""known_state"", ""links""]",True,True,5,0,,,,,2026-09-23T17:36:39Z,41,2026-09-23T06:15:18.674Z
https://takshashila.org.in/content/books/beyond-the-himalayas.html,page,book,304,not_modified,https://takshashila.org.in/content/books/beyond-the-himalayas.html,0,,,0,https://takshashila.org.in/,"[""sitemap"", ""known_state"", ""links""]",True,True,3,0,,,,,2026-09-23T17:36:39Z,38,2026-09-23T06:15:18.790Z
https://takshashila.org.in/content/books/chips-are-down.html,page,book,304,not_modified,https://takshashila.org.in/content/books/chips-are-down.html,0,,,0,https://takshashila.org.in/pages/books/,"[""sitemap"", ""known_state"", ""links""]",True,True,3,0,,,,,2026-09-23T17:36:39Z,38,2026-09-23T06:15:18.790Z
https://takshashila.org.in/content/books/fiscal-fables.html,page,book,304,not_modified,https://takshashila.org.in/content/books/fiscal-fables.html,0,,,0,https://takshashila.org.in/,"[""sitemap"", ""known_state"", ""links""]",True,True,3,0,,,,,2026-09-23T17:36:39Z,38,2026-09-23T06:15:18.790Z
https://takshashila.org.in/content/books/missing-in-action.html,page,book,304,not_modified,https://takshashila.org.in/content/books/missing-in-action.html,0,,,0,https://takshashila.org.in/pages/books/,"[""sitemap"", ""known_state"", ""links""]",True,True,2,0,,,,,2026-09-23T17:36:39Z,38,2026-09-23T06:15:18.790Z
https://takshashila.org.in/content/books/smokeless-war.html,page,book,304,not_modified,https://takshashila.org.in/content/books/smokeless-war.html,0,,,0,https://takshashila.org.in/pages/books/,"[""sitemap"", ""known_state"", ""links""]",True,True,2,0,,,,,2026-09-23T17:36:39Z,38,2026-09-23T06:15:18.790Z
https://takshashila.org.in/content/books/taming-the-dragon.html,page,book,304,not_modified,https://takshashila.org.in/content/books/taming-the-dragon.html,0,,,0,https://takshashila.org.in/,"[""sitemap"", ""known_state"", ""links""]",True,True,3,0,,,,,2026-09-23T17:36:40Z,38,2026-09-23T06:15:18.790Z
https://takshashila.org.in/content/books/the-nitopadesha.html,page,book,304,not_modified,https://takshashila.org.in/content/books/the-nitopadesha.html,0,,,0,https://takshashila.org.in/pages/books/,"[""sitemap"", ""known_state"", ""links""]",True,True,2,0,,,,,2026-09-23T17:36:40Z,38,2026-09-23T06:15:18.790Z
https://takshashila.org.in/content/books/we-the-citizens.html,page,book,304,not_modified,https://takshashila.org.in/content/books/we-the-citizens.html,0,,,0,https://takshashila.org.in/,"[""sitemap"", ""known_state"", ""links""]",True,True,3,0,,,,,2026-09-23T17:36:41Z,38,2026-09-23T06:15:18.790Z
https://takshashila.org.in/content/careers/programme-manager-nas-lep.html,page,career,304,not_modified,https://takshashila.org.in/content/careers/programme-manager-nas-lep.html,0,,,0,https://takshashila.org.in/content/careers/programme-manager-nas-lep.html,"[""sitemap"", ""known_state"", ""links""]",True,True,2,0,,,,,2026-09-23T17:36:41Z,38,2026-09-23T06:15:18.816Z
https://takshashila.org.in/content/events/Bruno-event-.html,page,event,304,not_modified,https://takshashila.org.in/content/events/Bruno-event-.html,0,,,0,https://takshashila.org.in/pages/events/,"[""sitemap"", ""known_state"", ""links""]",True,True,2,0,,,,,2026-09-23T17:36:41Z,38,2026-09-23T06:15:18.816Z
https://takshashila.org.in/content/events/ChinaBookLounge.html,page,event,304,not_modified,https://takshashila.org.in/content/events/ChinaBookLounge.html,0,,,0,https://takshashila.org.in/pages/events/,"[""sitemap"", ""known_state"", ""links""]",True,True,2,0,,,,,2026-09-23T17:36:41Z,38,2026-09-23T06:15:18.816Z
https://takshashila.org.in/content/events/From-Satellites-to-Strategy-West-Asia-War-Christ-University.html,page,event,304,not_modified,https://takshashila.org.in/content/events/From-Satellites-to-Strategy-West-Asia-War-Christ-University.html,0,,,0,https://takshashila.org.in/,"[""sitemap"", ""known_state"", ""links""]",True,True,3,0,,,,,2026-09-23T17:36:42Z,38,2026-09-23T06:15:18.816Z
https://takshashila.org.in/content/events/LEPF-Conference-.html,page,event,304,not_modified,https://takshashila.org.in/content/events/LEPF-Conference-.html,0,,,0,https://takshashila.org.in/pages/events/,"[""sitemap"", ""known_state"", ""links""]",True,True,2,0,,,,,2026-09-23T17:36:42Z,38,2026-09-23T06:15:18.816Z
https://takshashila.org.in/content/events/Munich-Security-Conference-.html,page,event,304,not_modified,https://takshashila.org.in/content/events/Munich-Security-Conference-.html,0,,,0,https://takshashila.org.in/pages/events/,"[""sitemap"", ""known_state"", ""links""]",True,True,2,0,,,,,2026-09-23T17:36:42Z,38,2026-09-23T06:15:18.816Z
https://takshashila.org.in/content/events/NASLEP-hackathon2.html,page,event,304,not_modified,https://takshashila.org.in/content/events/NASLEP-hackathon2.html,0,,,0,https://takshashila.org.in/pages/events/,"[""sitemap"", ""known_state"", ""links""]",True,True,2,0,,,,,2026-09-23T17:36:42Z,38,2026-09-23T06:15:18.816Z
https://takshashila.org.in/content/events/Purvapaksha2.html,page,event,304,not_modified,https://takshashila.org.in/content/events/Purvapaksha2.html,0,,,0,https://takshashila.org.in/pages/events/,"[""sitemap"", ""known_state"", ""links""]",True,True,2,0,,,,,2026-09-23T17:36:42Z,38,2026-09-23T06:15:18.816Z
https://takshashila.org.in/content/events/TNAS-Conference-.html,page,event,304,not_modified,https://takshashila.org.in/content/events/TNAS-Conference-.html,0,,,0,https://takshashila.org.in/pages/research-areas/focus-areas/mineralpolitik.html,"[""sitemap"", ""known_state"", ""links""]",True,True,3,0,,,,,2026-09-23T17:36:43Z,38,2026-09-23T06:15:18.816Z
https://takshashila.org.in/content/events/building-capability-deep-space.html,page,event,304,not_modified,https://takshashila.org.in/content/events/building-capability-deep-space.html,0,,,0,https://takshashila.org.in/pages/events/,"[""sitemap"", ""known_state"", ""links""]",True,True,2,0,,,,,2026-09-23T17:36:43Z,38,2026-09-23T06:15:18.817Z
https://takshashila.org.in/content/fellowships/events/NASP-Fellowship-Winners.html,page,programme,304,not_modified,https://takshashila.org.in/content/fellowships/events/NASP-Fellowship-Winners.html,0,,,0,https://takshashila.org.in/content/fellowships/events/NASP-Fellowship-Winners.html,"[""sitemap"", ""known_state"", ""links""]",True,True,1,0,,,,,2026-09-23T17:36:43Z,38,2026-09-23T06:15:18.963Z
https://takshashila.org.in/content/fellowships/law-enforcement-and-policing-fellowship.html,page,programme,304,not_modified,https://takshashila.org.in/content/fellowships/law-enforcement-and-policing-fellowship.html,0,,,0,https://takshashila.org.in/pages/fellowships/,"[""sitemap"", ""known_state"", ""links""]",True,True,2,0,,,,,2026-09-23T17:36:44Z,40,2026-09-23T06:15:18.962Z
https://takshashila.org.in/content/fellowships/lepf/LawEnforcementandPolicingFellowship2025-2026.html,page,programme,304,not_modified,https://takshashila.org.in/content/fellowships/lepf/LawEnforcementandPolicingFellowship2025-2026.html,0,,,0,https://takshashila.org.in/content/fellowships/law-enforcement-and-policing-fellowship.html,"[""sitemap"", ""known_state"", ""links""]",True,True,2,0,,,,,2026-09-23T17:36:44Z,38,2026-09-23T06:15:18.963Z
https://takshashila.org.in/content/podcasts/all-things-policy/,page,podcast,304,not_modified,https://takshashila.org.in/content/podcasts/all-things-policy/,0,,,0,https://takshashila.org.in/pages/podcasts/,"[""sitemap"", ""known_state"", ""links""]",True,True,2,0,,,,,2026-09-23T17:36:44Z,38,2026-09-23T06:15:18.982Z
https://takshashila.org.in/content/podcasts/the-great-power-show/,page,podcast,304,not_modified,https://takshashila.org.in/content/podcasts/the-great-power-show/,0,,,0,https://takshashila.org.in/pages/podcasts/,"[""sitemap"", ""known_state"", ""links""]",True,True,2,0,,,,,2026-09-23T17:36:44Z,38,2026-09-23T06:15:18.983Z
https://takshashila.org.in/content/publications/20121101-Non-state-Threats-to-India%E2%80%99s-Maritime-Security.html,page,publication,304,not_modified,https://takshashila.org.in/content/publications/20121101-Non-state-Threats-to-India%E2%80%99s-Maritime-Security.html,0,,,0,https://takshashila.org.in/pages/publications/,"[""sitemap"", ""known_state"", ""links""]",True,True,4,0,,,,,2026-09-23T17:36:44Z,40,2026-09-23T06:15:18.984Z
https://takshashila.org.in/content/publications/20130710-Indias-Central-Monitoring-System.html,page,publication,304,not_modified,https://takshashila.org.in/content/publications/20130710-Indias-Central-Monitoring-System.html,0,,,0,https://takshashila.org.in/pages/publications/,"[""sitemap"", ""known_state"", ""links""]",True,True,4,0,,,,,2026-09-23T17:36:45Z,42,2026-09-23T06:15:18.984Z
https://takshashila.org.in/content/publications/20130801-On-Labour-Law-Reforms-in-India.html,page,publication,304,not_modified,https://takshashila.org.in/content/publications/20130801-On-Labour-Law-Reforms-in-India.html,0,,,0,https://takshashila.org.in/pages/publications/,"[""sitemap"", ""known_state"", ""links""]",True,True,4,0,,,,,2026-09-23T17:36:45Z,41,2026-09-23T06:15:18.984Z
https://takshashila.org.in/content/publications/20140629-TDD-Resolving-Indo-Bangladesh-Maritime-Dispute.html,page,publication,304,not_modified,https://takshashila.org.in/content/publications/20140629-TDD-Resolving-Indo-Bangladesh-Maritime-Dispute.html,0,,,0,https://takshashila.org.in/pages/publications/,"[""sitemap"", ""known_state"", ""links""]",True,True,5,0,,,,,2026-09-23T17:36:45Z,42,2026-09-23T06:15:18.984Z
https://takshashila.org.in/content/publications/20140707-Fiscal-Consolidation.html,page,publication,304,not_modified,https://takshashila.org.in/content/publications/20140707-Fiscal-Consolidation.html,0,,,0,https://takshashila.org.in/pages/publications/,"[""sitemap"", ""known_state"", ""links""]",True,True,4,0,,,,,2026-09-23T17:36:46Z,43,2026-09-23T06:15:18.985Z
https://takshashila.org.in/content/publications/20141027-China-Economic-Outlook-in-2015.html,page,publication,304,not_modified,https://takshashila.org.in/content/publications/20141027-China-Economic-Outlook-in-2015.html,0,,,0,https://takshashila.org.in/pages/publications/,"[""sitemap"", ""known_state"", ""links""]",True,True,4,0,,,,,2026-09-23T17:36:46Z,41,2026-09-23T06:15:18.985Z
https://takshashila.org.in/content/publications/20141029-Reforming-ONGC-Videsh-for-India's-Energy-Security.html,page,publication,304,not_modified,https://takshashila.org.in/content/publications/20141029-Reforming-ONGC-Videsh-for-India's-Energy-Security.html,0,,,0,https://takshashila.org.in/pages/publications/,"[""sitemap"", ""known_state"", ""links""]",True,True,4,0,,,,,2026-09-23T17:36:46Z,41,2026-09-23T06:15:18.985Z
https://takshashila.org.in/content/publications/20141120-A-Survey-of-India%E2%80%99s-Energy-Prospects-in-the-Middle-East-Region.html,page,publication,304,not_modified,https://takshashila.org.in/content/publications/20141120-A-Survey-of-India%E2%80%99s-Energy-Prospects-in-the-Middle-East-Region.html,0,,,0,https://takshashila.org.in/pages/publications/,"[""sitemap"", ""known_state"", ""links""]",True,True,4,0,,,,,2026-09-23T17:36:46Z,41,2026-09-23T06:15:18.985Z
https://takshashila.org.in/content/publications/20150417-Reforming-Public-Procurement-Legislation-in-India.html,page,publication,304,not_modified,https://takshashila.org.in/content/publications/20150417-Reforming-Public-Procurement-Legislation-in-India.html,0,,,0,https://takshashila.org.in/pages/publications/,"[""sitemap"", ""known_state"", ""links""]",True,True,4,0,,,,,2026-09-23T17:36:46Z,43,2026-09-23T06:15:18.985Z
https://takshashila.org.in/content/publications/20150531-ICT-Governance-Agenda-For-BRICS.html,page,publication,304,not_modified,https://takshashila.org.in/content/publications/20150531-ICT-Governance-Agenda-For-BRICS.html,0,,,0,https://takshashila.org.in/pages/publications/,"[""sitemap"", ""known_state"", ""links""]",True,True,6,0,,,,,2026-09-23T17:36:47Z,42,2026-09-23T06:15:18.985Z
https://takshashila.org.in/content/publications/20150726-India-Pakistan-conflict-escalation-framework.html,page,publication,304,not_modified,https://takshashila.org.in/content/publications/20150726-India-Pakistan-conflict-escalation-framework.html,0,,,0,https://takshashila.org.in/pages/publications/,"[""sitemap"", ""known_state"", ""links""]",True,True,6,0,,,,,2026-09-23T17:36:47Z,44,2026-09-23T06:15:18.985Z
https://takshashila.org.in/content/publications/20150824-US-containment-of-China's-influence.html,page,publication,304,not_modified,https://takshashila.org.in/content/publications/20150824-US-containment-of-China's-influence.html,0,,,0,https://takshashila.org.in/pages/publications/,"[""sitemap"", ""known_state"", ""links""]",True,True,5,0,,,,,2026-09-23T17:36:47Z,42,2026-09-23T06:15:18.985Z
https://takshashila.org.in/content/publications/20151129-TCS-PFI-UK-SS-MA-2015-02.pdf.html,page,publication,304,not_modified,https://takshashila.org.in/content/publications/20151129-TCS-PFI-UK-SS-MA-2015-02.pdf.html,0,,,0,https://takshashila.org.in/pages/publications/,"[""sitemap"", ""known_state"", ""links""]",True,True,4,0,,,,,2026-09-23T17:36:48Z,42,2026-09-23T06:15:18.985Z
https://takshashila.org.in/content/publications/20160109-Sustained-Dialogue-Process-as-India%E2%80%99s-Pakistan-Policy.html,page,publication,304,not_modified,https://takshashila.org.in/content/publications/20160109-Sustained-Dialogue-Process-as-India%E2%80%99s-Pakistan-Policy.html,0,,,0,https://takshashila.org.in/pages/publications/,"[""sitemap"", ""known_state"", ""links""]",True,True,5,0,,,,,2026-09-23T17:36:48Z,42,2026-09-23T06:15:18.985Z
https://takshashila.org.in/content/publications/20160218-India%E2%80%99s-Policy-towards-Myanmar.html,page,publication,304,not_modified,https://takshashila.org.in/content/publications/20160218-India%E2%80%99s-Policy-towards-Myanmar.html,0,,,0,https://takshashila.org.in/pages/publications/,"[""sitemap"", ""known_state"", ""links""]",True,True,4,0,,,,,2026-09-23T17:36:48Z,42,2026-09-23T06:15:18.985Z
https://takshashila.org.in/content/publications/20160809-Karnataka-Changing-Fiscal-Landscape-after-FFC.html,page,publication,304,not_modified,https://takshashila.org.in/content/publications/20160809-Karnataka-Changing-Fiscal-Landscape-after-FFC.html,0,,,0,https://takshashila.org.in/pages/publications/,"[""sitemap"", ""known_state"", ""links""]",True,True,5,0,,,,,2026-09-23T17:36:48Z,42,2026-09-23T06:15:18.985Z
https://takshashila.org.in/content/publications/20161007-TBLP-Reviewing-India's-Coastal-Security-Architecture.html,page,publication,304,not_modified,https://takshashila.org.in/content/publications/20161007-TBLP-Reviewing-India's-Coastal-Security-Architecture.html,0,,,0,https://takshashila.org.in/pages/publications/,"[""sitemap"", ""known_state"", ""links""]",True,True,5,0,,,,,2026-09-23T17:36:49Z,41,2026-09-23T06:15:18.985Z
https://takshashila.org.in/content/publications/20161126-TDD-Defamation-Reform-MC-MV-2016-03.html,page,publication,304,not_modified,https://takshashila.org.in/content/publications/20161126-TDD-Defamation-Reform-MC-MV-2016-03.html,0,,,0,https://takshashila.org.in/pages/publications/,"[""sitemap"", ""known_state"", ""links""]",True,True,4,0,,,,,2026-09-23T17:36:49Z,42,2026-09-23T06:15:18.985Z
https://takshashila.org.in/content/publications/20161129-the-role-of-airpower-in-indias-national-security.html,page,publication,304,not_modified,https://takshashila.org.in/content/publications/20161129-the-role-of-airpower-in-indias-national-security.html,0,,,0,https://takshashila.org.in/pages/publications/,"[""sitemap"", ""known_state"", ""links""]",True,True,5,0,,,,,2026-09-23T17:36:49Z,41,2026-09-23T06:15:18.985Z
https://takshashila.org.in/content/publications/20161201-Analysing-India-Post-Uri-Through-a-Conflict-Escalation-Framework.html,page,publication,304,not_modified,https://takshashila.org.in/content/publications/20161201-Analysing-India-Post-Uri-Through-a-Conflict-Escalation-Framework.html,0,,,0,https://takshashila.org.in/pages/publications/,"[""sitemap"", ""known_state"", ""links""]",True,True,5,0,,,,,2026-09-23T17:36:49Z,41,2026-09-23T06:15:18.985Z
https://takshashila.org.in/content/publications/20170117-Individual-Liberty-vs-Public-Security-in-a-RNS.html,page,publication,304,not_modified,https://takshashila.org.in/content/publications/20170117-Individual-Liberty-vs-Public-Security-in-a-RNS.html,0,,,0,https://takshashila.org.in/pages/publications/,"[""sitemap"", ""known_state"", ""links""]",True,True,6,0,,,,,2026-09-23T17:36:49Z,42,2026-09-23T06:15:18.985Z
https://takshashila.org.in/content/publications/20170208-ClimateChange-NationalSecurity.html,page,publication,304,not_modified,https://takshashila.org.in/content/publications/20170208-ClimateChange-NationalSecurity.html,0,,,0,https://takshashila.org.in/pages/publications/,"[""sitemap"", ""known_state"", ""links""]",True,True,5,0,,,,,2026-09-23T17:36:50Z,41,2026-09-23T06:15:18.986Z
https://takshashila.org.in/content/publications/20170614-The-India-Pakistan-conflict-escalation-framework.html,page,publication,304,not_modified,https://takshashila.org.in/content/publications/20170614-The-India-Pakistan-conflict-escalation-framework.html,0,,,0,https://takshashila.org.in/pages/publications/,"[""sitemap"", ""known_state"", ""links""]",True,True,5,0,,,,,2026-09-23T17:36:50Z,41,2026-09-23T06:15:18.986Z
https://takshashila.org.in/content/publications/20170917-TDC-The-other-Pakistan.html,page,publication,304,not_modified,https://takshashila.org.in/content/publications/20170917-TDC-The-other-Pakistan.html,0,,,0,https://takshashila.org.in/pages/publications/,"[""sitemap"", ""known_state"", ""links""]",True,True,6,0,,,,,2026-09-23T17:36:50Z,43,2026-09-23T06:15:18.986Z
https://takshashila.org.in/content/publications/20171011-Charting-a-New-Framework-for-Data-Protection-in-India.html,page,publication,304,not_modified,https://takshashila.org.in/content/publications/20171011-Charting-a-New-Framework-for-Data-Protection-in-India.html,0,,,0,https://takshashila.org.in/pages/publications/,"[""sitemap"", ""known_state"", ""links""]",True,True,4,0,,,,,2026-09-23T17:36:50Z,42,2026-09-23T06:15:18.986Z
https://takshashila.org.in/content/publications/20171017-The-Hostage-Handover-in-Pakistan.html,page,publication,304,not_modified,https://takshashila.org.in/content/publications/20171017-The-Hostage-Handover-in-Pakistan.html,0,,,0,https://takshashila.org.in/pages/publications/,"[""sitemap"", ""known_state"", ""links""]",True,True,5,0,,,,,2026-09-23T17:36:51Z,41,2026-09-23T06:15:18.986Z
https://takshashila.org.in/content/publications/20171219-TWP-Differentiating-Unintended-Consequences-From-Unanticipated-Ones-A-Policy-Framework-VKS-PK-2017-02.html,page,publication,304,not_modified,https://takshashila.org.in/content/publications/20171219-TWP-Differentiating-Unintended-Consequences-From-Unanticipated-Ones-A-Policy-Framework-VKS-PK-2017-02.html,0,,,0,https://takshashila.org.in/pages/publications/,"[""sitemap"", ""known_state"", ""links""]",True,True,5,0,,,,,2026-09-23T17:36:51Z,42,2026-09-23T06:15:18.986Z
https://takshashila.org.in/content/publications/20180221-TPA-Data-Protection-Framework-for-India.html,page,publication,304,not_modified,https://takshashila.org.in/content/publications/20180221-TPA-Data-Protection-Framework-for-India.html,0,,,0,https://takshashila.org.in/pages/publications/,"[""sitemap"", ""known_state"", ""links""]",True,True,4,0,,,,,2026-09-23T17:36:51Z,43,2026-09-23T06:15:18.986Z
https://takshashila.org.in/content/publications/20180427-TDS-Indias-China-Reset-An-Assessment.html,page,publication,304,not_modified,https://takshashila.org.in/content/publications/20180427-TDS-Indias-China-Reset-An-Assessment.html,0,,,0,https://takshashila.org.in/pages/publications/,"[""sitemap"", ""known_state"", ""links""]",True,True,5,0,,,,,2026-09-23T17:36:51Z,41,2026-09-23T06:15:18.986Z
https://takshashila.org.in/content/publications/20180510-TDS-Assessing-Chinas-Engagement-in-the-Indian-Subcontinent.html,page,publication,304,not_modified,https://takshashila.org.in/content/publications/20180510-TDS-Assessing-Chinas-Engagement-in-the-Indian-Subcontinent.html,0,,,0,https://takshashila.org.in/pages/publications/,"[""sitemap"", ""known_state"", ""links""]",True,True,5,0,,,,,2026-09-23T17:36:52Z,43,2026-09-23T06:15:18.986Z
https://takshashila.org.in/content/publications/20180705-A-Qualitative-and-Quantitative-Analysis-of-Public-Health-Expenditure-in-India.html,page,publication,304,not_modified,https://takshashila.org.in/content/publications/20180705-A-Qualitative-and-Quantitative-Analysis-of-Public-Health-Expenditure-in-India.html,0,,,0,https://takshashila.org.in/pages/publications/,"[""sitemap"", ""known_state"", ""links""]",True,True,5,0,,,,,2026-09-23T17:36:52Z,43,2026-09-23T06:15:18.986Z
https://takshashila.org.in/content/publications/20180709-TDD-Indias-Strategies-New-World-Order.html,page,publication,304,not_modified,https://takshashila.org.in/content/publications/20180709-TDD-Indias-Strategies-New-World-Order.html,0,,,0,https://takshashila.org.in/pages/publications/,"[""sitemap"", ""known_state"", ""links""]",True,True,6,0,,,,,2026-09-23T17:36:52Z,43,2026-09-23T06:15:18.986Z
https://takshashila.org.in/content/publications/20180829-TBLP-Justice-Srikrishna-Committee-Documents-on-Data-Protection.html,page,publication,304,not_modified,https://takshashila.org.in/content/publications/20180829-TBLP-Justice-Srikrishna-Committee-Documents-on-Data-Protection.html,0,,,0,https://takshashila.org.in/pages/publications/,"[""sitemap"", ""known_state"", ""links""]",True,True,4,0,,,,,2026-09-23T17:36:52Z,43,2026-09-23T06:15:18.986Z
https://takshashila.org.in/content/publications/20181012-TPA-Comments-to-the-Draft-Personal-Data-Protection-Bill.html,page,publication,304,not_modified,https://takshashila.org.in/content/publications/20181012-TPA-Comments-to-the-Draft-Personal-Data-Protection-Bill.html,0,,,0,https://takshashila.org.in/pages/publications/,"[""sitemap"", ""known_state"", ""links""]",True,True,4,0,,,,,2026-09-23T17:36:53Z,42,2026-09-23T06:15:18.986Z
https://takshashila.org.in/content/publications/20181219-TWP-Central-Transfers-on-Health.html,page,publication,304,not_modified,https://takshashila.org.in/content/publications/20181219-TWP-Central-Transfers-on-Health.html,0,,,0,https://takshashila.org.in/pages/publications/,"[""sitemap"", ""known_state"", ""links""]",True,True,5,0,,,,,2026-09-23T17:36:53Z,44,2026-09-23T06:15:18.987Z
https://takshashila.org.in/content/publications/20190409-TDS-The-Kra-Canal-What-Does-It-Mean-For-India.html,page,publication,304,not_modified,https://takshashila.org.in/content/publications/20190409-TDS-The-Kra-Canal-What-Does-It-Mean-For-India.html,0,,,0,https://takshashila.org.in/pages/publications/,"[""sitemap"", ""known_state"", ""links""]",True,True,5,0,,,,,2026-09-23T17:36:53Z,43,2026-09-23T06:15:18.987Z
https://takshashila.org.in/content/publications/20190603-a-national-security-doctrine-for-india.html,page,publication,304,not_modified,https://takshashila.org.in/content/publications/20190603-a-national-security-doctrine-for-india.html,0,,,0,https://takshashila.org.in/pages/publications/,"[""sitemap"", ""known_state"", ""links""]",True,True,4,0,,,,,2026-09-23T17:36:54Z,40,2026-09-23T06:15:18.987Z
https://takshashila.org.in/content/publications/20190726-TRP-Shaping-the-Military-Instrument.html,page,publication,304,not_modified,https://takshashila.org.in/content/publications/20190726-TRP-Shaping-the-Military-Instrument.html,0,,,0,https://takshashila.org.in/pages/publications/,"[""sitemap"", ""known_state"", ""links""]",True,True,5,0,,,,,2026-09-23T17:36:54Z,41,2026-09-23T06:15:18.987Z
https://takshashila.org.in/content/publications/20190814-TDD-Kashmir-The-Way-Forward.html,page,publication,304,not_modified,https://takshashila.org.in/content/publications/20190814-TDD-Kashmir-The-Way-Forward.html,0,,,0,https://takshashila.org.in/pages/publications/,"[""sitemap"", ""known_state"", ""links""]",True,True,4,0,,,,,2026-09-23T17:36:54Z,41,2026-09-23T06:15:18.987Z
https://takshashila.org.in/content/publications/20190924-Comments-on-the-National-Guidelines-for-Gene-Therapy-Product-Development-and-Clinical-Trials.html,page,publication,304,not_modified,https://takshashila.org.in/content/publications/20190924-Comments-on-the-National-Guidelines-for-Gene-Therapy-Product-Development-and-Clinical-Trials.html,0,,,0,https://takshashila.org.in/pages/publications/,"[""sitemap"", ""known_state"", ""links""]",True,True,3,0,,,,,2026-09-23T17:36:54Z,40,2026-09-23T06:15:18.987Z
https://takshashila.org.in/content/publications/20191007-Modi-Xi-Informal-Summit.html,page,publication,304,not_modified,https://takshashila.org.in/content/publications/20191007-Modi-Xi-Informal-Summit.html,0,,,0,https://takshashila.org.in/pages/publications/,"[""sitemap"", ""known_state"", ""links""]",True,True,5,0,,,,,2026-09-23T17:36:55Z,41,2026-09-23T06:15:18.987Z
https://takshashila.org.in/content/publications/20191219-TWP-Central-Transfers-on-Health-PK-DK-PS-AC-2018-03.html,page,publication,304,not_modified,https://takshashila.org.in/content/publications/20191219-TWP-Central-Transfers-on-Health-PK-DK-PS-AC-2018-03.html,0,,,0,https://takshashila.org.in/pages/publications/,"[""sitemap"", ""known_state"", ""links""]",True,True,5,0,,,,,2026-09-23T17:36:55Z,43,2026-09-23T06:15:18.987Z
https://takshashila.org.in/content/publications/20200108-PRC-Influence-on-Taiwan-Polity.html,page,publication,304,not_modified,https://takshashila.org.in/content/publications/20200108-PRC-Influence-on-Taiwan-Polity.html,0,,,0,https://takshashila.org.in/pages/publications/,"[""sitemap"", ""known_state"", ""links""]",True,True,5,0,,,,,2026-09-23T17:36:55Z,42,2026-09-23T06:15:18.987Z
https://takshashila.org.in/content/publications/20200207-Governing-Tech-Platforms-in-India.html,page,publication,304,not_modified,https://takshashila.org.in/content/publications/20200207-Governing-Tech-Platforms-in-India.html,0,,,0,https://takshashila.org.in/pages/publications/,"[""sitemap"", ""known_state"", ""links""]",True,True,5,0,,,,,2026-09-23T17:36:55Z,42,2026-09-23T06:15:18.987Z
https://takshashila.org.in/content/publications/20200317-An-Indian-Approach-Towards-Strategic-Petroleum-Reserves.html,page,publication,304,not_modified,https://takshashila.org.in/content/publications/20200317-An-Indian-Approach-Towards-Strategic-Petroleum-Reserves.html,0,,,0,https://takshashila.org.in/pages/publications/,"[""sitemap"", ""known_state"", ""links""]",True,True,5,0,,,,,2026-09-23T17:36:56Z,43,2026-09-23T06:15:18.987Z
https://takshashila.org.in/content/publications/20200319-A-Framework-for-Enabling-Predictive-Genomics-to-Improve-Public-Health-in-India.html,page,publication,304,not_modified,https://takshashila.org.in/content/publications/20200319-A-Framework-for-Enabling-Predictive-Genomics-to-Improve-Public-Health-in-India.html,0,,,0,https://takshashila.org.in/pages/publications/,"[""sitemap"", ""known_state"", ""links""]",True,True,3,0,,,,,2026-09-23T17:36:56Z,40,2026-09-23T06:15:18.987Z
https://takshashila.org.in/content/publications/20200409-India-and-the-Saudi-Russia-Oil-Price-War.html,page,publication,304,not_modified,https://takshashila.org.in/content/publications/20200409-India-and-the-Saudi-Russia-Oil-Price-War.html,0,,,0,https://takshashila.org.in/pages/publications/,"[""sitemap"", ""known_state"", ""links""]",True,True,6,0,,,,,2026-09-23T17:36:56Z,43,2026-09-23T06:15:18.988Z
https://takshashila.org.in/content/publications/20200418-TPA-National-Reopening-V1.0.pdf.html,page,publication,304,not_modified,https://takshashila.org.in/content/publications/20200418-TPA-National-Reopening-V1.0.pdf.html,0,,,0,https://takshashila.org.in/pages/publications/,"[""sitemap"", ""known_state"", ""links""]",True,True,5,0,,,,,2026-09-23T17:36:56Z,49,2026-09-23T06:15:18.987Z
https://takshashila.org.in/content/publications/20200430-Impact-of-Covid-19-on-PLA.html,page,publication,304,not_modified,https://takshashila.org.in/content/publications/20200430-Impact-of-Covid-19-on-PLA.html,0,,,0,https://takshashila.org.in/pages/publications/,"[""sitemap"", ""known_state"", ""links""]",True,True,5,0,,,,,2026-09-23T17:36:56Z,42,2026-09-23T06:15:18.988Z
https://takshashila.org.in/content/publications/20200515-Takshashila-How-to-improve-testing-for-COVID-19_V1.0.html,page,publication,304,not_modified,https://takshashila.org.in/content/publications/20200515-Takshashila-How-to-improve-testing-for-COVID-19_V1.0.html,0,,,0,https://takshashila.org.in/pages/publications/,"[""sitemap"", ""known_state"", ""links""]",True,True,5,0,,,,,2026-09-23T17:36:57Z,41,2026-09-23T06:15:18.988Z
https://takshashila.org.in/content/publications/20200518-Takshashila-COVID-19-Healthcare-Measures-to-Tackle-a-Second-Wave-in-India.html,page,publication,304,not_modified,https://takshashila.org.in/content/publications/20200518-Takshashila-COVID-19-Healthcare-Measures-to-Tackle-a-Second-Wave-in-India.html,0,,,0,https://takshashila.org.in/pages/publications/,"[""sitemap"", ""known_state"", ""links""]",True,True,6,0,,,,,2026-09-23T17:36:57Z,44,2026-09-23T06:15:18.988Z
https://takshashila.org.in/content/publications/20200522-TDS-Gene-Drives-Risk-Assessment.html,page,publication,304,not_modified,https://takshashila.org.in/content/publications/20200522-TDS-Gene-Drives-Risk-Assessment.html,0,,,0,https://takshashila.org.in/pages/publications/,"[""sitemap"", ""known_state"", ""links""]",True,True,5,0,,,,,2026-09-23T17:36:57Z,41,2026-09-23T06:15:18.988Z
https://takshashila.org.in/content/publications/20200527-a-pathway-for-post-pandemic-economic-reconstruction.html,page,publication,304,not_modified,https://takshashila.org.in/content/publications/20200527-a-pathway-for-post-pandemic-economic-reconstruction.html,0,,,0,https://takshashila.org.in/pages/publications/,"[""sitemap"", ""known_state"", ""links""]",True,True,9,0,,,,,2026-09-23T17:36:58Z,44,2026-09-23T06:15:18.988Z
https://takshashila.org.in/content/publications/20200605-Takshashila-Policy-Advisory-COVID-19-Reopening-Schools-in-India.html,page,publication,304,not_modified,https://takshashila.org.in/content/publications/20200605-Takshashila-Policy-Advisory-COVID-19-Reopening-Schools-in-India.html,0,,,0,https://takshashila.org.in/pages/publications/,"[""sitemap"", ""known_state"", ""links""]",True,True,6,0,,,,,2026-09-23T17:36:58Z,42,2026-09-23T06:15:18.988Z
https://takshashila.org.in/content/publications/20200609-Takshashila-Strategic-Assessment-India-COVID-19-and-West-Asia.html,page,publication,304,not_modified,https://takshashila.org.in/content/publications/20200609-Takshashila-Strategic-Assessment-India-COVID-19-and-West-Asia.html,0,,,0,https://takshashila.org.in/pages/publications/,"[""sitemap"", ""known_state"", ""links""]",True,True,5,0,,,,,2026-09-23T17:36:58Z,42,2026-09-23T06:15:18.988Z
https://takshashila.org.in/content/publications/20200616-National-Security-Plan-for-COVID19.html,page,publication,304,not_modified,https://takshashila.org.in/content/publications/20200616-National-Security-Plan-for-COVID19.html,0,,,0,https://takshashila.org.in/pages/publications/,"[""sitemap"", ""known_state"", ""links""]",True,True,6,0,,,,,2026-09-23T17:36:58Z,42,2026-09-23T06:15:18.988Z
https://takshashila.org.in/content/publications/20200618-The%20Laskhar-e-Taiba%20in%20Afghanistan.html,page,publication,304,not_modified,https://takshashila.org.in/content/publications/20200618-The%20Laskhar-e-Taiba%20in%20Afghanistan.html,0,,,0,https://takshashila.org.in/pages/publications/,"[""sitemap"", ""known_state"", ""links""]",True,True,5,0,,,,,2026-09-23T17:36:59Z,41,2026-09-23T06:15:18.988Z
https://takshashila.org.in/content/publications/20200709-COVID-19-Testing-strategy-for-India.html,page,publication,304,not_modified,https://takshashila.org.in/content/publications/20200709-COVID-19-Testing-strategy-for-India.html,0,,,0,https://takshashila.org.in/pages/publications/,"[""sitemap"", ""known_state"", ""links""]",True,True,5,0,,,,,2026-09-23T17:36:59Z,41,2026-09-23T06:15:18.989Z
https://takshashila.org.in/content/publications/20200731-Military-Resource-Allocation-Framework.html,page,publication,304,not_modified,https://takshashila.org.in/content/publications/20200731-Military-Resource-Allocation-Framework.html,0,,,0,https://takshashila.org.in/pages/publications/,"[""sitemap"", ""known_state"", ""links""]",True,True,5,0,,,,,2026-09-23T17:36:59Z,41,2026-09-23T06:15:18.989Z
https://takshashila.org.in/content/publications/20200903-Supplementing-Policing-Capacity-for-COVID-19-Duties.html,page,publication,304,not_modified,https://takshashila.org.in/content/publications/20200903-Supplementing-Policing-Capacity-for-COVID-19-Duties.html,0,,,0,https://takshashila.org.in/pages/publications/,"[""sitemap"", ""known_state"", ""links""]",True,True,6,0,,,,,2026-09-23T17:36:59Z,43,2026-09-23T06:15:18.989Z
https://takshashila.org.in/content/publications/20200919-States-Migrant-Workers-and-the-Pandemic.html,page,publication,304,not_modified,https://takshashila.org.in/content/publications/20200919-States-Migrant-Workers-and-the-Pandemic.html,0,,,0,https://takshashila.org.in/pages/publications/,"[""sitemap"", ""known_state"", ""links""]",True,True,4,0,,,,,2026-09-23T17:36:59Z,41,2026-09-23T06:15:18.989Z
https://takshashila.org.in/content/publications/20200922-BRI-in-Post-Covid-World.pdf.html,page,publication,304,not_modified,https://takshashila.org.in/content/publications/20200922-BRI-in-Post-Covid-World.pdf.html,0,,,0,https://takshashila.org.in/pages/publications/,"[""sitemap"", ""known_state"", ""links""]",True,True,5,0,,,,,2026-09-23T17:37:00Z,42,2026-09-23T06:15:18.989Z
https://takshashila.org.in/content/publications/20201001-TDD-Ethical-Guidelines-for-Clinical-Trials-and-Research-in-India.html,page,publication,304,not_modified,https://takshashila.org.in/content/publications/20201001-TDD-Ethical-Guidelines-for-Clinical-Trials-and-Research-in-India.html,0,,,0,https://takshashila.org.in/pages/publications/,"[""sitemap"", ""known_state"", ""links""]",True,True,4,0,,,,,2026-09-23T17:37:00Z,41,2026-09-23T06:15:18.989Z
https://takshashila.org.in/content/publications/20201022-submarine-cables.html,page,publication,304,not_modified,https://takshashila.org.in/content/publications/20201022-submarine-cables.html,0,,,0,https://takshashila.org.in/pages/publications/,"[""sitemap"", ""known_state"", ""links""]",True,True,5,0,,,,,2026-09-23T17:37:00Z,41,2026-09-23T06:15:18.989Z
https://takshashila.org.in/content/publications/20201106-Analysis-of-Serosurveys-in-India.html,page,publication,304,not_modified,https://takshashila.org.in/content/publications/20201106-Analysis-of-Serosurveys-in-India.html,0,,,0,https://takshashila.org.in/pages/publications/,"[""sitemap"", ""known_state"", ""links""]",True,True,5,0,,,,,2026-09-23T17:37:00Z,42,2026-09-23T06:15:18.989Z
https://takshashila.org.in/content/publications/20201224-a-rare-earths-strategy-for-india.html,page,publication,304,not_modified,https://takshashila.org.in/content/publications/20201224-a-rare-earths-strategy-for-india.html,0,,,0,https://takshashila.org.in/pages/publications/,"[""sitemap"", ""known_state"", ""links""]",True,True,8,0,,,,,2026-09-23T17:37:01Z,43,2026-09-23T06:15:18.989Z
https://takshashila.org.in/content/publications/20201419-TSA-Saudi-Russia-Oil-AR-AK-AM-v1.0.pdf.html,page,publication,304,not_modified,https://takshashila.org.in/content/publications/20201419-TSA-Saudi-Russia-Oil-AR-AK-AM-v1.0.pdf.html,0,,,0,https://takshashila.org.in/pages/publications/,"[""sitemap"", ""known_state"", ""links""]",True,True,6,0,,,,,2026-09-23T17:37:01Z,43,2026-09-23T06:15:18.989Z
https://takshashila.org.in/content/publications/20210104-China-India-Doklam-in-2020.html,page,publication,304,not_modified,https://takshashila.org.in/content/publications/20210104-China-India-Doklam-in-2020.html,0,,,0,https://takshashila.org.in/pages/publications/,"[""sitemap"", ""known_state"", ""links""]",True,True,4,0,,,,,2026-09-23T17:37:01Z,42,2026-09-23T06:15:18.989Z
https://takshashila.org.in/content/publications/20210111-Indias-Theatre-Expansion-Use-of-Sea-Power-to-Balance-Chinas-Rise.html,page,publication,304,not_modified,https://takshashila.org.in/content/publications/20210111-Indias-Theatre-Expansion-Use-of-Sea-Power-to-Balance-Chinas-Rise.html,0,,,0,https://takshashila.org.in/pages/publications/,"[""sitemap"", ""known_state"", ""links""]",True,True,4,0,,,,,2026-09-23T17:37:02Z,41,2026-09-23T06:15:18.989Z
https://takshashila.org.in/content/publications/20210228-a-rare-earths-strategy-for-india.html,page,publication,304,not_modified,https://takshashila.org.in/content/publications/20210228-a-rare-earths-strategy-for-india.html,0,,,0,https://takshashila.org.in/pages/publications/,"[""sitemap"", ""known_state"", ""links""]",True,True,5,0,,,,,2026-09-23T17:37:02Z,42,2026-09-23T06:15:18.989Z
https://takshashila.org.in/content/publications/20210311-comments-to-parliamentary-standing-committee-on-science-and-technology-environment-forests-and-climate-change-on-demand-for-grants-dfgs-in-the-budget-for-fy-2021-22.html,page,publication,304,not_modified,https://takshashila.org.in/content/publications/20210311-comments-to-parliamentary-standing-committee-on-science-and-technology-environment-forests-and-climate-change-on-demand-for-grants-dfgs-in-the-budget-for-fy-2021-22.html,0,,,0,https://takshashila.org.in/pages/publications/,"[""sitemap"", ""known_state"", ""links""]",True,True,7,0,,,,,2026-09-23T17:37:02Z,46,2026-09-23T06:15:18.990Z
https://takshashila.org.in/content/publications/20210407-Chinas-Nuclear-Ambiguity-and-its-Impact-on-India.html,page,publication,304,not_modified,https://takshashila.org.in/content/publications/20210407-Chinas-Nuclear-Ambiguity-and-its-Impact-on-India.html,0,,,0,https://takshashila.org.in/pages/publications/,"[""sitemap"", ""known_state"", ""links""]",True,True,4,0,,,,,2026-09-23T17:37:02Z,42,2026-09-23T06:15:18.990Z
https://takshashila.org.in/content/publications/20210430-Biden-Evolving-Indo-Pacific-Policy.html,page,publication,304,not_modified,https://takshashila.org.in/content/publications/20210430-Biden-Evolving-Indo-Pacific-Policy.html,0,,,0,https://takshashila.org.in/pages/publications/,"[""sitemap"", ""known_state"", ""links""]",True,True,6,0,,,,,2026-09-23T17:37:02Z,42,2026-09-23T06:15:18.990Z
https://takshashila.org.in/content/publications/20210524-The-Longmarch-5b-Incidents.html,page,publication,304,not_modified,https://takshashila.org.in/content/publications/20210524-The-Longmarch-5b-Incidents.html,0,,,0,https://takshashila.org.in/pages/publications/,"[""sitemap"", ""known_state"", ""links""]",True,True,6,0,,,,,2026-09-23T17:37:03Z,42,2026-09-23T06:15:18.990Z
https://takshashila.org.in/content/publications/20210614-Managed-Reopening-After-Lockdown.html,page,publication,304,not_modified,https://takshashila.org.in/content/publications/20210614-Managed-Reopening-After-Lockdown.html,0,,,0,https://takshashila.org.in/pages/publications/,"[""sitemap"", ""known_state"", ""links""]",True,True,7,0,,,,,2026-09-23T17:37:03Z,43,2026-09-23T06:15:18.990Z
https://takshashila.org.in/content/publications/20210706-A-Review-of-Roles-ITBP-and-Indian-Coast-Guard.html,page,publication,304,not_modified,https://takshashila.org.in/content/publications/20210706-A-Review-of-Roles-ITBP-and-Indian-Coast-Guard.html,0,,,0,https://takshashila.org.in/pages/publications/,"[""sitemap"", ""known_state"", ""links""]",True,True,4,0,,,,,2026-09-23T17:37:03Z,41,2026-09-23T06:15:18.990Z
https://takshashila.org.in/content/publications/20210726-TWP-Governance-of-DCNs-1-Harms-Categorisation.html,page,publication,304,not_modified,https://takshashila.org.in/content/publications/20210726-TWP-Governance-of-DCNs-1-Harms-Categorisation.html,0,,,0,https://takshashila.org.in/pages/publications/,"[""sitemap"", ""known_state"", ""links""]",True,True,4,0,,,,,2026-09-23T17:37:04Z,42,2026-09-23T06:15:18.990Z
https://takshashila.org.in/content/publications/20210809-indias-semiconductor-ecosystem-swot-analysis.html,page,publication,304,not_modified,https://takshashila.org.in/content/publications/20210809-indias-semiconductor-ecosystem-swot-analysis.html,0,,,0,https://takshashila.org.in/pages/publications/,"[""sitemap"", ""known_state"", ""links""]",True,True,6,0,,,,,2026-09-23T17:37:04Z,44,2026-09-23T06:15:18.990Z
https://takshashila.org.in/content/publications/20210831-Policy-Guide-for-Vaccine-Mandates-AG.html,page,publication,304,not_modified,https://takshashila.org.in/content/publications/20210831-Policy-Guide-for-Vaccine-Mandates-AG.html,0,,,0,https://takshashila.org.in/pages/publications/,"[""sitemap"", ""known_state"", ""links""]",True,True,5,0,,,,,2026-09-23T17:37:04Z,42,2026-09-23T06:15:18.990Z
https://takshashila.org.in/content/publications/20210902-space-as-a-geospatial-environment.html,page,publication,304,not_modified,https://takshashila.org.in/content/publications/20210902-space-as-a-geospatial-environment.html,0,,,0,https://takshashila.org.in/pages/publications/,"[""sitemap"", ""known_state"", ""links""]",True,True,7,0,,,,,2026-09-23T17:37:05Z,42,2026-09-23T06:15:18.990Z
https://takshashila.org.in/content/publications/20210915-TIB-Biobanking-policies-in-India.html,page,publication,304,not_modified,https://takshashila.org.in/content/publications/20210915-TIB-Biobanking-policies-in-India.html,0,,,0,https://takshashila.org.in/pages/publications/,"[""sitemap"", ""known_state"", ""links""]",True,True,5,0,,,,,2026-09-23T17:37:05Z,44,2026-09-23T06:15:18.990Z
https://takshashila.org.in/content/publications/20211002-Indias-Path-to-Power.html,page,publication,304,not_modified,https://takshashila.org.in/content/publications/20211002-Indias-Path-to-Power.html,0,,,0,https://takshashila.org.in/pages/publications/,"[""sitemap"", ""known_state"", ""links""]",True,True,5,0,,,,,2026-09-23T17:37:05Z,42,2026-09-23T06:15:18.990Z
https://takshashila.org.in/content/publications/20211013-India-Russia-Space-Cooperation-A-Way-Forward.html,page,publication,304,not_modified,https://takshashila.org.in/content/publications/20211013-India-Russia-Space-Cooperation-A-Way-Forward.html,0,,,0,https://takshashila.org.in/pages/publications/,"[""sitemap"", ""known_state"", ""links""]",True,True,5,0,,,,,2026-09-23T17:37:05Z,42,2026-09-23T06:15:18.990Z
https://takshashila.org.in/content/publications/20211103-Scenarios-for-Cross-Strait-Tensions.html,page,publication,304,not_modified,https://takshashila.org.in/content/publications/20211103-Scenarios-for-Cross-Strait-Tensions.html,0,,,0,https://takshashila.org.in/pages/publications/,"[""sitemap"", ""known_state"", ""links""]",True,True,5,0,,,,,2026-09-23T17:37:05Z,43,2026-09-23T06:15:18.990Z
https://takshashila.org.in/content/publications/20211111-the-us-and-no-first-use.html,page,publication,304,not_modified,https://takshashila.org.in/content/publications/20211111-the-us-and-no-first-use.html,0,,,0,https://takshashila.org.in/pages/publications/,"[""sitemap"", ""known_state"", ""links""]",True,True,7,0,,,,,2026-09-23T17:37:06Z,42,2026-09-23T06:15:18.991Z
https://takshashila.org.in/content/publications/20211206-civilian-military-developments-tibet.html,page,publication,304,not_modified,https://takshashila.org.in/content/publications/20211206-civilian-military-developments-tibet.html,0,,,0,https://takshashila.org.in/pages/publications/,"[""sitemap"", ""known_state"", ""links""]",True,True,4,0,,,,,2026-09-23T17:37:06Z,41,2026-09-23T06:15:18.991Z
https://takshashila.org.in/content/publications/20211217-governance-of-dcns-II-opportunities-and-benefits.html,page,publication,304,not_modified,https://takshashila.org.in/content/publications/20211217-governance-of-dcns-II-opportunities-and-benefits.html,0,,,0,https://takshashila.org.in/pages/publications/,"[""sitemap"", ""known_state"", ""links""]",True,True,6,0,,,,,2026-09-23T17:37:06Z,42,2026-09-23T06:15:18.991Z
https://takshashila.org.in/content/publications/20220114-The-New-Bioweapons-Peril.html,page,publication,304,not_modified,https://takshashila.org.in/content/publications/20220114-The-New-Bioweapons-Peril.html,0,,,0,https://takshashila.org.in/pages/publications/,"[""sitemap"", ""known_state"", ""links""]",True,True,6,0,,,,,2026-09-23T17:37:06Z,42,2026-09-23T06:15:18.991Z
https://takshashila.org.in/content/publications/20220118-chinas-infrastructure-development-tibet.html,page,publication,304,not_modified,https://takshashila.org.in/content/publications/20220118-chinas-infrastructure-development-tibet.html,0,,,0,https://takshashila.org.in/pages/publications/,"[""sitemap"", ""known_state"", ""links""]",True,True,4,0,,,,,2026-09-23T17:37:07Z,41,2026-09-23T06:15:18.991Z
https://takshashila.org.in/content/publications/20220203-building-indias-quantum-ecosystem.html,page,publication,304,not_modified,https://takshashila.org.in/content/publications/20220203-building-indias-quantum-ecosystem.html,0,,,0,https://takshashila.org.in/pages/publications/,"[""sitemap"", ""known_state"", ""links""]",True,True,5,0,,,,,2026-09-23T17:37:07Z,42,2026-09-23T06:15:18.991Z
https://takshashila.org.in/content/publications/20220218-Space-Stations-Promises-and-Challenges.html,page,publication,304,not_modified,https://takshashila.org.in/content/publications/20220218-Space-Stations-Promises-and-Challenges.html,0,,,0,https://takshashila.org.in/pages/publications/,"[""sitemap"", ""known_state"", ""links""]",True,True,6,0,,,,,2026-09-23T17:37:07Z,42,2026-09-23T06:15:18.991Z
https://takshashila.org.in/content/publications/20220225-chinese-perceptions-interests-amid-ukraine-conflict.html,page,publication,304,not_modified,https://takshashila.org.in/content/publications/20220225-chinese-perceptions-interests-amid-ukraine-conflict.html,0,,,0,https://takshashila.org.in/pages/publications/,"[""sitemap"", ""known_state"", ""links""]",True,True,5,0,,,,,2026-09-23T17:37:07Z,42,2026-09-23T06:15:18.991Z
https://takshashila.org.in/content/publications/20220315-De-Dollarising-V1.0.pdf.html,page,publication,304,not_modified,https://takshashila.org.in/content/publications/20220315-De-Dollarising-V1.0.pdf.html,0,,,0,https://takshashila.org.in/pages/publications/,"[""sitemap"", ""known_state"", ""links""]",True,True,5,0,,,,,2026-09-23T17:37:08Z,42,2026-09-23T06:15:18.991Z
https://takshashila.org.in/content/publications/20220324-The-Semiconductor-Question-in-the-Russia-Ukraine-Conflict.html,page,publication,304,not_modified,https://takshashila.org.in/content/publications/20220324-The-Semiconductor-Question-in-the-Russia-Ukraine-Conflict.html,0,,,0,https://takshashila.org.in/pages/publications/,"[""sitemap"", ""known_state"", ""links""]",True,True,5,0,,,,,2026-09-23T17:37:08Z,43,2026-09-23T06:15:18.991Z
https://takshashila.org.in/content/publications/20220503-A-Case-for-India-Taiwan-Collaboration-on-Semiconductors.html,page,publication,304,not_modified,https://takshashila.org.in/content/publications/20220503-A-Case-for-India-Taiwan-Collaboration-on-Semiconductors.html,0,,,0,https://takshashila.org.in/pages/publications/,"[""sitemap"", ""known_state"", ""links""]",True,True,5,0,,,,,2026-09-23T17:37:08Z,42,2026-09-23T06:15:18.991Z
https://takshashila.org.in/content/publications/20220505-sri-lanka-russia-ukraine-war.html,page,publication,304,not_modified,https://takshashila.org.in/content/publications/20220505-sri-lanka-russia-ukraine-war.html,0,,,0,https://takshashila.org.in/pages/publications/,"[""sitemap"", ""known_state"", ""links""]",True,True,4,0,,,,,2026-09-23T17:37:09Z,41,2026-09-23T06:15:18.992Z
https://takshashila.org.in/content/publications/20220521-Estimating-Covid-Deaths-from-Insurance-Claims.html,page,publication,304,not_modified,https://takshashila.org.in/content/publications/20220521-Estimating-Covid-Deaths-from-Insurance-Claims.html,0,,,0,https://takshashila.org.in/pages/publications/,"[""sitemap"", ""known_state"", ""links""]",True,True,5,0,,,,,2026-09-23T17:37:09Z,42,2026-09-23T06:15:18.992Z
https://takshashila.org.in/content/publications/20220524-Addressing-the-Jobs-Crisis.html,page,publication,304,not_modified,https://takshashila.org.in/content/publications/20220524-Addressing-the-Jobs-Crisis.html,0,,,0,https://takshashila.org.in/pages/publications/,"[""sitemap"", ""known_state"", ""links""]",True,True,5,0,,,,,2026-09-23T17:37:09Z,42,2026-09-23T06:15:18.992Z
https://takshashila.org.in/content/publications/20220606-How-States%20-Negotiated-in-the-UN%E2%80%99s-OEWG-on-Space-Threats.html,page,publication,304,not_modified,https://takshashila.org.in/content/publications/20220606-How-States%20-Negotiated-in-the-UN%E2%80%99s-OEWG-on-Space-Threats.html,0,,,0,https://takshashila.org.in/pages/publications/,"[""sitemap"", ""known_state"", ""links""]",True,True,5,0,,,,,2026-09-23T17:37:09Z,41,2026-09-23T06:15:18.992Z
https://takshashila.org.in/content/publications/20220613-Takshashila-Techno-Strategic-Doctrine.html,page,publication,304,not_modified,https://takshashila.org.in/content/publications/20220613-Takshashila-Techno-Strategic-Doctrine.html,0,,,0,https://takshashila.org.in/pages/publications/,"[""sitemap"", ""known_state"", ""links""]",True,True,4,0,,,,,2026-09-23T17:37:09Z,41,2026-09-23T06:15:18.992Z
https://takshashila.org.in/content/publications/20220705-Nutritional-Outcomes-in-Karnataka-Analysis-and-Recommendations.html,page,publication,304,not_modified,https://takshashila.org.in/content/publications/20220705-Nutritional-Outcomes-in-Karnataka-Analysis-and-Recommendations.html,0,,,0,https://takshashila.org.in/pages/publications/,"[""sitemap"", ""known_state"", ""links""]",True,True,5,0,,,,,2026-09-23T17:37:10Z,42,2026-09-23T06:15:18.992Z
https://takshashila.org.in/content/publications/20220721-xis-military-reforms-efficacy.html,page,publication,304,not_modified,https://takshashila.org.in/content/publications/20220721-xis-military-reforms-efficacy.html,0,,,0,https://takshashila.org.in/pages/publications/,"[""sitemap"", ""known_state"", ""links""]",True,True,5,0,,,,,2026-09-23T17:37:10Z,42,2026-09-23T06:15:18.992Z
https://takshashila.org.in/content/publications/20220722-Restarting-the-Post-Pandemic-Indian-Economy.html,page,publication,304,not_modified,https://takshashila.org.in/content/publications/20220722-Restarting-the-Post-Pandemic-Indian-Economy.html,0,,,0,https://takshashila.org.in/pages/publications/,"[""sitemap"", ""known_state"", ""links""]",True,True,6,0,,,,,2026-09-23T17:37:10Z,43,2026-09-23T06:15:18.992Z
https://takshashila.org.in/content/publications/20220810-Takshashila-Issue-Brief-The-Rise-of-Monkeypox-in-India.html,page,publication,304,not_modified,https://takshashila.org.in/content/publications/20220810-Takshashila-Issue-Brief-The-Rise-of-Monkeypox-in-India.html,0,,,0,https://takshashila.org.in/pages/publications/,"[""sitemap"", ""known_state"", ""links""]",True,True,4,0,,,,,2026-09-23T17:37:10Z,41,2026-09-23T06:15:18.992Z
https://takshashila.org.in/content/publications/20220812-USCC-testimony-china-zero-covid-policy.html,page,publication,304,not_modified,https://takshashila.org.in/content/publications/20220812-USCC-testimony-china-zero-covid-policy.html,0,,,0,https://takshashila.org.in/pages/publications/,"[""sitemap"", ""known_state"", ""links""]",True,True,5,0,,,,,2026-09-23T17:37:11Z,41,2026-09-23T06:15:18.992Z
https://takshashila.org.in/content/publications/20220822-NPT-RevCon-Shows-Why-NPT-Should-Give-Way-to-Global-No-First-Use-Policy.html,page,publication,304,not_modified,https://takshashila.org.in/content/publications/20220822-NPT-RevCon-Shows-Why-NPT-Should-Give-Way-to-Global-No-First-Use-Policy.html,0,,,0,https://takshashila.org.in/pages/publications/,"[""sitemap"", ""known_state"", ""links""]",True,True,5,0,,,,,2026-09-23T17:37:11Z,43,2026-09-23T06:15:18.992Z
https://takshashila.org.in/content/publications/20220822-comments-on-the-draft-drugs-medical-devices-and-cosmetics-bill.html,page,publication,304,not_modified,https://takshashila.org.in/content/publications/20220822-comments-on-the-draft-drugs-medical-devices-and-cosmetics-bill.html,0,,,0,https://takshashila.org.in/pages/publications/,"[""sitemap"", ""known_state"", ""links""]",True,True,5,0,,,,,2026-09-23T17:37:11Z,42,2026-09-23T06:15:18.992Z
https://takshashila.org.in/content/publications/20220905-Public-Access-to-Knowledge-Resources.html,page,publication,304,not_modified,https://takshashila.org.in/content/publications/20220905-Public-Access-to-Knowledge-Resources.html,0,,,0,https://takshashila.org.in/pages/publications/,"[""sitemap"", ""known_state"", ""links""]",True,True,4,0,,,,,2026-09-23T17:37:11Z,43,2026-09-23T06:15:18.992Z
https://takshashila.org.in/content/publications/20220926-India-and-the-Artemis-Accords.html,page,publication,304,not_modified,https://takshashila.org.in/content/publications/20220926-India-and-the-Artemis-Accords.html,0,,,0,https://takshashila.org.in/pages/publications/,"[""sitemap"", ""known_state"", ""links""]",True,True,6,0,,,,,2026-09-23T17:37:12Z,43,2026-09-23T06:15:18.993Z
https://takshashila.org.in/content/publications/20221003-Biotechnology-Initiative-for-India.html,page,publication,304,not_modified,https://takshashila.org.in/content/publications/20221003-Biotechnology-Initiative-for-India.html,0,,,0,https://takshashila.org.in/pages/publications/,"[""sitemap"", ""known_state"", ""links""]",True,True,5,0,,,,,2026-09-23T17:37:12Z,43,2026-09-23T06:15:18.993Z
https://takshashila.org.in/content/publications/20221012-Womens-Labour-Force-Participation.html,page,publication,304,not_modified,https://takshashila.org.in/content/publications/20221012-Womens-Labour-Force-Participation.html,0,,,0,https://takshashila.org.in/pages/publications/,"[""sitemap"", ""known_state"", ""links""]",True,True,5,0,,,,,2026-09-23T17:37:12Z,42,2026-09-23T06:15:18.993Z
https://takshashila.org.in/content/publications/20221107-Neither-Guns-nor-Butter-The-Inconvenient-Truth-of-India%E2%80%99s-Defence-Financing.html,page,publication,304,not_modified,https://takshashila.org.in/content/publications/20221107-Neither-Guns-nor-Butter-The-Inconvenient-Truth-of-India%E2%80%99s-Defence-Financing.html,0,,,0,https://takshashila.org.in/pages/publications/,"[""sitemap"", ""known_state"", ""links""]",True,True,5,0,,,,,2026-09-23T17:37:12Z,41,2026-09-23T06:15:18.993Z
https://takshashila.org.in/content/publications/20221111-a-new-approach-to-nutrition-in-karnataka.html,page,publication,304,not_modified,https://takshashila.org.in/content/publications/20221111-a-new-approach-to-nutrition-in-karnataka.html,0,,,0,https://takshashila.org.in/pages/publications/,"[""sitemap"", ""known_state"", ""links""]",True,True,5,0,,,,,2026-09-23T17:37:13Z,42,2026-09-23T06:15:18.993Z
https://takshashila.org.in/content/publications/20221118-GP-ORF-Future-Warfare-and-Technology.pdf.html,page,publication,304,not_modified,https://takshashila.org.in/content/publications/20221118-GP-ORF-Future-Warfare-and-Technology.pdf.html,0,,,0,https://takshashila.org.in/pages/publications/,"[""sitemap"", ""known_state"", ""links""]",True,True,5,0,,,,,2026-09-23T17:37:13Z,41,2026-09-23T06:15:18.993Z
https://takshashila.org.in/content/publications/20221130-china-zero-covid-policy-and-protests.html,page,publication,304,not_modified,https://takshashila.org.in/content/publications/20221130-china-zero-covid-policy-and-protests.html,0,,,0,https://takshashila.org.in/pages/publications/,"[""sitemap"", ""known_state"", ""links""]",True,True,4,0,,,,,2026-09-23T17:37:13Z,42,2026-09-23T06:15:18.993Z
https://takshashila.org.in/content/publications/20221223-open-tech-strategy-for-india.html,page,publication,304,not_modified,https://takshashila.org.in/content/publications/20221223-open-tech-strategy-for-india.html,0,,,0,https://takshashila.org.in/pages/publications/,"[""sitemap"", ""known_state"", ""links""]",True,True,8,0,,,,,2026-09-23T17:37:14Z,43,2026-09-23T06:15:18.993Z
https://takshashila.org.in/content/publications/20230105-Enhancing-India%E2%80%93EU-Engagement-on-Meta-Critical-Technologies-A-Case-for-Collaboration-on-Semiconductors.html,page,publication,304,not_modified,https://takshashila.org.in/content/publications/20230105-Enhancing-India%E2%80%93EU-Engagement-on-Meta-Critical-Technologies-A-Case-for-Collaboration-on-Semiconductors.html,0,,,0,https://takshashila.org.in/pages/publications/,"[""sitemap"", ""known_state"", ""links""]",True,True,5,0,,,,,2026-09-23T17:37:14Z,41,2026-09-23T06:15:18.993Z
https://takshashila.org.in/content/publications/20230109-TSA-Heritable-gene-editing.html,page,publication,304,not_modified,https://takshashila.org.in/content/publications/20230109-TSA-Heritable-gene-editing.html,0,,,0,https://takshashila.org.in/pages/publications/,"[""sitemap"", ""known_state"", ""links""]",True,True,4,0,,,,,2026-09-23T17:37:14Z,42,2026-09-23T06:15:18.993Z
https://takshashila.org.in/content/publications/20230127-chinas-global-security-initiative.html,page,publication,304,not_modified,https://takshashila.org.in/content/publications/20230127-chinas-global-security-initiative.html,0,,,0,https://takshashila.org.in/pages/publications/,"[""sitemap"", ""known_state"", ""links""]",True,True,5,0,,,,,2026-09-23T17:37:15Z,41,2026-09-23T06:15:18.993Z
https://takshashila.org.in/content/publications/20230201-Re-energising-India%E2%80%99s-biotech-ecosystem.html,page,publication,304,not_modified,https://takshashila.org.in/content/publications/20230201-Re-energising-India%E2%80%99s-biotech-ecosystem.html,0,,,0,https://takshashila.org.in/pages/publications/,"[""sitemap"", ""known_state"", ""links""]",True,True,5,0,,,,,2026-09-23T17:37:15Z,41,2026-09-23T06:15:18.993Z
https://takshashila.org.in/content/publications/20230208-WHO-Pandemic-Treaty.html,page,publication,304,not_modified,https://takshashila.org.in/content/publications/20230208-WHO-Pandemic-Treaty.html,0,,,0,https://takshashila.org.in/pages/publications/,"[""sitemap"", ""known_state"", ""links""]",True,True,5,0,,,,,2026-09-23T17:37:15Z,42,2026-09-23T06:15:18.993Z
https://takshashila.org.in/content/publications/20230210-Dominant-Economic-Narratives-in-the-Post-Pandemic-World.html,page,publication,304,not_modified,https://takshashila.org.in/content/publications/20230210-Dominant-Economic-Narratives-in-the-Post-Pandemic-World.html,0,,,0,https://takshashila.org.in/pages/publications/,"[""sitemap"", ""known_state"", ""links""]",True,True,5,0,,,,,2026-09-23T17:37:15Z,41,2026-09-23T06:15:18.994Z
https://takshashila.org.in/content/publications/20230210-great-power-competition-indo-pacific-WP.html,page,publication,304,not_modified,https://takshashila.org.in/content/publications/20230210-great-power-competition-indo-pacific-WP.html,0,,,0,https://takshashila.org.in/pages/publications/,"[""sitemap"", ""known_state"", ""links""]",True,True,5,0,,,,,2026-09-23T17:37:15Z,41,2026-09-23T06:15:18.994Z
https://takshashila.org.in/content/publications/20230214-chinese-economy-birds-eye-view.html,page,publication,304,not_modified,https://takshashila.org.in/content/publications/20230214-chinese-economy-birds-eye-view.html,0,,,0,https://takshashila.org.in/pages/publications/,"[""sitemap"", ""known_state"", ""links""]",True,True,6,0,,,,,2026-09-23T17:37:16Z,42,2026-09-23T06:15:18.994Z
https://takshashila.org.in/content/publications/20230303-G20-strengthening-research.html,page,publication,304,not_modified,https://takshashila.org.in/content/publications/20230303-G20-strengthening-research.html,0,,,0,https://takshashila.org.in/pages/publications/,"[""sitemap"", ""known_state"", ""links""]",True,True,5,0,,,,,2026-09-23T17:37:16Z,41,2026-09-23T06:15:18.994Z
https://takshashila.org.in/content/publications/20230314-Rebooting-AI-in-India.html,page,publication,304,not_modified,https://takshashila.org.in/content/publications/20230314-Rebooting-AI-in-India.html,0,,,0,https://takshashila.org.in/pages/publications/,"[""sitemap"", ""known_state"", ""links""]",True,True,5,0,,,,,2026-09-23T17:37:16Z,41,2026-09-23T06:15:18.994Z
https://takshashila.org.in/content/publications/20230320-AI-Race-AI-Hardware.html,page,publication,304,not_modified,https://takshashila.org.in/content/publications/20230320-AI-Race-AI-Hardware.html,0,,,0,https://takshashila.org.in/pages/publications/,"[""sitemap"", ""known_state"", ""links""]",True,True,5,0,,,,,2026-09-23T17:37:16Z,48,2026-09-23T06:15:18.994Z
https://takshashila.org.in/content/publications/20230411-India%E2%80%99s-Space-Policy-and-Counter-Space-Capabilities.html,page,publication,304,not_modified,https://takshashila.org.in/content/publications/20230411-India%E2%80%99s-Space-Policy-and-Counter-Space-Capabilities.html,0,,,0,https://takshashila.org.in/pages/publications/,"[""sitemap"", ""known_state"", ""links""]",True,True,6,0,,,,,2026-09-23T17:37:17Z,41,2026-09-23T06:15:18.994Z
https://takshashila.org.in/content/publications/20230419-DFG.html,page,publication,304,not_modified,https://takshashila.org.in/content/publications/20230419-DFG.html,0,,,0,https://takshashila.org.in/pages/publications/,"[""sitemap"", ""known_state"", ""links""]",True,True,7,0,,,,,2026-09-23T17:37:17Z,46,2026-09-23T06:15:18.994Z
https://takshashila.org.in/content/publications/20230504-Improving-Ease-of-Doing-Business.html,page,publication,304,not_modified,https://takshashila.org.in/content/publications/20230504-Improving-Ease-of-Doing-Business.html,0,,,0,https://takshashila.org.in/pages/publications/,"[""sitemap"", ""known_state"", ""links""]",True,True,5,0,,,,,2026-09-23T17:37:17Z,42,2026-09-23T06:15:18.994Z
https://takshashila.org.in/content/publications/20230509-The-Quad-Agenda-for-Semiconductors-Biotechnology-and-Space.html,page,publication,304,not_modified,https://takshashila.org.in/content/publications/20230509-The-Quad-Agenda-for-Semiconductors-Biotechnology-and-Space.html,0,,,0,https://takshashila.org.in/pages/publications/,"[""sitemap"", ""known_state"", ""links""]",True,True,5,0,,,,,2026-09-23T17:37:17Z,45,2026-09-23T06:15:18.994Z
https://takshashila.org.in/content/publications/20230515-Interrogating-Power-and-Legitimacy-in-the-Information-Age-from-an-Indian-Perspective.html,page,publication,304,not_modified,https://takshashila.org.in/content/publications/20230515-Interrogating-Power-and-Legitimacy-in-the-Information-Age-from-an-Indian-Perspective.html,0,,,0,https://takshashila.org.in/pages/publications/,"[""sitemap"", ""known_state"", ""links""]",True,True,6,0,,,,,2026-09-23T17:37:18Z,42,2026-09-23T06:15:18.994Z
https://takshashila.org.in/content/publications/20230516-An-Comparative-Study-of-State-Rules-Based-on-the-Biological-Diversity-Act-2002.pdf.html,page,publication,304,not_modified,https://takshashila.org.in/content/publications/20230516-An-Comparative-Study-of-State-Rules-Based-on-the-Biological-Diversity-Act-2002.pdf.html,0,,,0,https://takshashila.org.in/pages/publications/,"[""sitemap"", ""known_state"", ""links""]",True,True,5,0,,,,,2026-09-23T17:37:18Z,45,2026-09-23T06:15:18.994Z
https://takshashila.org.in/content/publications/20230601-Biological-Weapons-Convention.html,page,publication,304,not_modified,https://takshashila.org.in/content/publications/20230601-Biological-Weapons-Convention.html,0,,,0,https://takshashila.org.in/pages/publications/,"[""sitemap"", ""known_state"", ""links""]",True,True,5,0,,,,,2026-09-23T17:37:18Z,42,2026-09-23T06:15:18.994Z
https://takshashila.org.in/content/publications/20230608-New-Agenda-for-Peace.html,page,publication,304,not_modified,https://takshashila.org.in/content/publications/20230608-New-Agenda-for-Peace.html,0,,,0,https://takshashila.org.in/pages/publications/,"[""sitemap"", ""known_state"", ""links""]",True,True,5,0,,,,,2026-09-23T17:37:18Z,44,2026-09-23T06:15:18.994Z
https://takshashila.org.in/content/publications/20230630-Sustaining-Outer-Space-An-SSA-Data-Sharing-Arrangement-for-the-G20.html,page,publication,304,not_modified,https://takshashila.org.in/content/publications/20230630-Sustaining-Outer-Space-An-SSA-Data-Sharing-Arrangement-for-the-G20.html,0,,,0,https://takshashila.org.in/pages/publications/,"[""sitemap"", ""known_state"", ""links""]",True,True,4,0,,,,,2026-09-23T17:37:19Z,41,2026-09-23T06:15:18.995Z
https://takshashila.org.in/content/publications/20230708-Early-Warning-Disease-Outbreaks_Final-For-Upload.html,page,publication,304,not_modified,https://takshashila.org.in/content/publications/20230708-Early-Warning-Disease-Outbreaks_Final-For-Upload.html,0,,,0,https://takshashila.org.in/pages/publications/,"[""sitemap"", ""known_state"", ""links""]",True,True,5,0,,,,,2026-09-23T17:37:19Z,42,2026-09-23T06:15:18.995Z
https://takshashila.org.in/content/publications/20230720-vulnerabilities-asymmetrical-trade-independence.html,page,publication,304,not_modified,https://takshashila.org.in/content/publications/20230720-vulnerabilities-asymmetrical-trade-independence.html,0,,,0,https://takshashila.org.in/pages/publications/,"[""sitemap"", ""known_state"", ""links""]",True,True,5,0,,,,,2026-09-23T17:37:19Z,41,2026-09-23T06:15:18.995Z
https://takshashila.org.in/content/publications/20230726-Reform-the-Censor-Board.html,page,publication,304,not_modified,https://takshashila.org.in/content/publications/20230726-Reform-the-Censor-Board.html,0,,,0,https://takshashila.org.in/pages/publications/,"[""sitemap"", ""known_state"", ""links""]",True,True,4,0,,,,,2026-09-23T17:37:19Z,42,2026-09-23T06:15:18.995Z
https://takshashila.org.in/content/publications/20230809-Mitigation-of-Antimicrobial-resistance.html,page,publication,304,not_modified,https://takshashila.org.in/content/publications/20230809-Mitigation-of-Antimicrobial-resistance.html,0,,,0,https://takshashila.org.in/pages/publications/,"[""sitemap"", ""known_state"", ""links""]",True,True,5,0,,,,,2026-09-23T17:37:20Z,42,2026-09-23T06:15:18.995Z
https://takshashila.org.in/content/publications/20230811-Defining-Strategic-and-Critical-Vulnerabilities.html,page,publication,304,not_modified,https://takshashila.org.in/content/publications/20230811-Defining-Strategic-and-Critical-Vulnerabilities.html,0,,,0,https://takshashila.org.in/pages/publications/,"[""sitemap"", ""known_state"", ""links""]",True,True,5,0,,,,,2026-09-23T17:37:20Z,41,2026-09-23T06:15:18.995Z
https://takshashila.org.in/content/publications/20230830-latest-developments-chinese-economy.html,page,publication,304,not_modified,https://takshashila.org.in/content/publications/20230830-latest-developments-chinese-economy.html,0,,,0,https://takshashila.org.in/pages/publications/,"[""sitemap"", ""known_state"", ""links""]",True,True,7,0,,,,,2026-09-23T17:37:20Z,43,2026-09-23T06:15:18.995Z
https://takshashila.org.in/content/publications/20230904-Regulatory-Mechanism-for-Over-The-Top-Communication-Services-and-Selective-Banning-of-OTT-Services.html,page,publication,304,not_modified,https://takshashila.org.in/content/publications/20230904-Regulatory-Mechanism-for-Over-The-Top-Communication-Services-and-Selective-Banning-of-OTT-Services.html,0,,,0,https://takshashila.org.in/pages/publications/,"[""sitemap"", ""known_state"", ""links""]",True,True,6,0,,,,,2026-09-23T17:37:20Z,42,2026-09-23T06:15:18.995Z
https://takshashila.org.in/content/publications/20230927-chinas-vision-new-world-order.html,page,publication,304,not_modified,https://takshashila.org.in/content/publications/20230927-chinas-vision-new-world-order.html,0,,,0,https://takshashila.org.in/pages/publications/,"[""sitemap"", ""known_state"", ""links""]",True,True,5,0,,,,,2026-09-23T17:37:21Z,41,2026-09-23T06:15:18.995Z
https://takshashila.org.in/content/publications/20231014-The-Quest-for-Supremacy-and-Sagacity-in-AI.html,page,publication,304,not_modified,https://takshashila.org.in/content/publications/20231014-The-Quest-for-Supremacy-and-Sagacity-in-AI.html,0,,,0,https://takshashila.org.in/pages/publications/,"[""sitemap"", ""known_state"", ""links""]",True,True,5,0,,,,,2026-09-23T17:37:21Z,41,2026-09-23T06:15:18.995Z
https://takshashila.org.in/content/publications/20231121-Human-Spaceflight-Indian-Goals-And-Global-Ambitions.html,page,publication,304,not_modified,https://takshashila.org.in/content/publications/20231121-Human-Spaceflight-Indian-Goals-And-Global-Ambitions.html,0,,,0,https://takshashila.org.in/pages/publications/,"[""sitemap"", ""known_state"", ""links""]",True,True,5,0,,,,,2026-09-23T17:37:21Z,41,2026-09-23T06:15:18.995Z
https://takshashila.org.in/content/publications/20231204-Water-Surveillance.html,page,publication,304,not_modified,https://takshashila.org.in/content/publications/20231204-Water-Surveillance.html,0,,,0,https://takshashila.org.in/pages/publications/,"[""sitemap"", ""known_state"", ""links""]",True,True,5,0,,,,,2026-09-23T17:37:21Z,41,2026-09-23T06:15:18.995Z
https://takshashila.org.in/content/publications/20231204-wastewater-surveillance-for-disease-epidemiology.html,page,publication,304,not_modified,https://takshashila.org.in/content/publications/20231204-wastewater-surveillance-for-disease-epidemiology.html,0,,,0,https://takshashila.org.in/pages/publications/,"[""sitemap"", ""known_state"", ""links""]",True,True,5,0,,,,,2026-09-23T17:37:22Z,43,2026-09-23T06:15:18.996Z
https://takshashila.org.in/content/publications/20231206-israel-hamas-war-china-diplomacy.html,page,publication,304,not_modified,https://takshashila.org.in/content/publications/20231206-israel-hamas-war-china-diplomacy.html,0,,,0,https://takshashila.org.in/pages/publications/,"[""sitemap"", ""known_state"", ""links""]",True,True,5,0,,,,,2026-09-23T17:37:22Z,41,2026-09-23T06:15:18.996Z
https://takshashila.org.in/content/publications/20240124-The-Lunar-Governance-Challenge.html,page,publication,304,not_modified,https://takshashila.org.in/content/publications/20240124-The-Lunar-Governance-Challenge.html,0,,,0,https://takshashila.org.in/pages/publications/,"[""sitemap"", ""known_state"", ""links""]",True,True,6,0,,,,,2026-09-23T17:37:22Z,41,2026-09-23T06:15:18.996Z
https://takshashila.org.in/content/publications/20240201-Narrative-Dominance-Information-Warfare-and-the-Freedom-to-Think.html,page,publication,304,not_modified,https://takshashila.org.in/content/publications/20240201-Narrative-Dominance-Information-Warfare-and-the-Freedom-to-Think.html,0,,,0,https://takshashila.org.in/pages/publications/,"[""sitemap"", ""known_state"", ""links""]",True,True,5,0,,,,,2026-09-23T17:37:22Z,41,2026-09-23T06:15:18.996Z
https://takshashila.org.in/content/publications/20240215-politico-legal-toolkit-taiwan-straits-conflict.html,page,publication,304,not_modified,https://takshashila.org.in/content/publications/20240215-politico-legal-toolkit-taiwan-straits-conflict.html,0,,,0,https://takshashila.org.in/pages/publications/,"[""sitemap"", ""known_state"", ""links""]",True,True,6,0,,,,,2026-09-23T17:37:23Z,41,2026-09-23T06:15:18.996Z
https://takshashila.org.in/content/publications/20240311-AI-Impact-Governance.html,page,publication,304,not_modified,https://takshashila.org.in/content/publications/20240311-AI-Impact-Governance.html,0,,,0,https://takshashila.org.in/pages/publications/,"[""sitemap"", ""known_state"", ""links""]",True,True,7,0,,,,,2026-09-23T17:37:23Z,46,2026-09-23T06:15:18.996Z
https://takshashila.org.in/content/publications/20240406-Comments-On-Demand-For_Grants.html,page,publication,304,not_modified,https://takshashila.org.in/content/publications/20240406-Comments-On-Demand-For_Grants.html,0,,,0,https://takshashila.org.in/pages/publications/,"[""sitemap"", ""known_state"", ""links""]",True,True,6,0,,,,,2026-09-23T17:37:23Z,42,2026-09-23T06:15:18.996Z
https://takshashila.org.in/content/publications/20240416-Financial-Flows-of-the-Blue-Continent.html,page,publication,304,not_modified,https://takshashila.org.in/content/publications/20240416-Financial-Flows-of-the-Blue-Continent.html,0,,,0,https://takshashila.org.in/pages/publications/,"[""sitemap"", ""known_state"", ""links""]",True,True,4,0,,,,,2026-09-23T17:37:23Z,41,2026-09-23T06:15:18.996Z
https://takshashila.org.in/content/publications/20240501-quad-cooperation-in-biofuels.html,page,publication,304,not_modified,https://takshashila.org.in/content/publications/20240501-quad-cooperation-in-biofuels.html,0,,,0,https://takshashila.org.in/pages/publications/,"[""sitemap"", ""known_state"", ""links""]",True,True,5,0,,,,,2026-09-23T17:37:24Z,41,2026-09-23T06:15:18.996Z
https://takshashila.org.in/content/publications/20240520-Framework-for-identifying-critical-technologies.html,page,publication,304,not_modified,https://takshashila.org.in/content/publications/20240520-Framework-for-identifying-critical-technologies.html,0,,,0,https://takshashila.org.in/pages/publications/,"[""sitemap"", ""known_state"", ""links""]",True,True,6,0,,,,,2026-09-23T17:37:24Z,41,2026-09-23T06:15:18.996Z
https://takshashila.org.in/content/publications/2024059-A-Survey-of-Chip-Based-Hardware-Backdoors.html,page,publication,304,not_modified,https://takshashila.org.in/content/publications/2024059-A-Survey-of-Chip-Based-Hardware-Backdoors.html,0,,,0,https://takshashila.org.in/pages/publications/,"[""sitemap"", ""known_state"", ""links""]",True,True,4,0,,,,,2026-09-23T17:37:24Z,41,2026-09-23T06:15:18.996Z
https://takshashila.org.in/content/publications/20240604-DFGS-%20by-Ministry-of-Science-and-Technology-in-the-Union-Budget.html,page,publication,304,not_modified,https://takshashila.org.in/content/publications/20240604-DFGS-%20by-Ministry-of-Science-and-Technology-in-the-Union-Budget.html,0,,,0,https://takshashila.org.in/pages/publications/,"[""sitemap"", ""known_state"", ""links""]",True,True,6,0,,,,,2026-09-23T17:37:24Z,42,2026-09-23T06:15:18.996Z
https://takshashila.org.in/content/publications/20240620-chinas-1+n-policy-framework.html,page,publication,304,not_modified,https://takshashila.org.in/content/publications/20240620-chinas-1+n-policy-framework.html,0,,,0,https://takshashila.org.in/pages/publications/,"[""sitemap"", ""known_state"", ""links""]",True,True,4,0,,,,,2026-09-23T17:37:25Z,41,2026-09-23T06:15:18.996Z
https://takshashila.org.in/content/publications/20240710-Tensions-Between-Social-Media-and-Democracy.html,page,publication,304,not_modified,https://takshashila.org.in/content/publications/20240710-Tensions-Between-Social-Media-and-Democracy.html,0,,,0,https://takshashila.org.in/pages/publications/,"[""sitemap"", ""known_state"", ""links""]",True,True,5,0,,,,,2026-09-23T17:37:25Z,42,2026-09-23T06:15:18.996Z
https://takshashila.org.in/content/publications/20240711-chinas-third-plenum.html,page,publication,304,not_modified,https://takshashila.org.in/content/publications/20240711-chinas-third-plenum.html,0,,,0,https://takshashila.org.in/pages/publications/,"[""sitemap"", ""known_state"", ""links""]",True,True,4,0,,,,,2026-09-23T17:37:25Z,41,2026-09-23T06:15:18.997Z
https://takshashila.org.in/content/publications/20240722-chinese-analysts-india-taiwan-relations.html,page,publication,304,not_modified,https://takshashila.org.in/content/publications/20240722-chinese-analysts-india-taiwan-relations.html,0,,,0,https://takshashila.org.in/pages/publications/,"[""sitemap"", ""known_state"", ""links""]",True,True,5,0,,,,,2026-09-23T17:37:25Z,41,2026-09-23T06:15:18.997Z
https://takshashila.org.in/content/publications/20240731-Indias-Whey-Protein-Market.html,page,publication,304,not_modified,https://takshashila.org.in/content/publications/20240731-Indias-Whey-Protein-Market.html,0,,,0,https://takshashila.org.in/pages/publications/,"[""sitemap"", ""known_state"", ""links""]",True,True,5,0,,,,,2026-09-23T17:37:26Z,41,2026-09-23T06:15:18.997Z
https://takshashila.org.in/content/publications/20240805-Indias-Climb-up-the-Innovation-Ladder.html,page,publication,304,not_modified,https://takshashila.org.in/content/publications/20240805-Indias-Climb-up-the-Innovation-Ladder.html,0,,,0,https://takshashila.org.in/pages/publications/,"[""sitemap"", ""known_state"", ""links""]",True,True,6,0,,,,,2026-09-23T17:37:26Z,42,2026-09-23T06:15:18.997Z
https://takshashila.org.in/content/publications/20240903-china-russia-power-asymmetry.html,page,publication,304,not_modified,https://takshashila.org.in/content/publications/20240903-china-russia-power-asymmetry.html,0,,,0,https://takshashila.org.in/pages/publications/,"[""sitemap"", ""known_state"", ""links""]",True,True,5,0,,,,,2026-09-23T17:37:26Z,41,2026-09-23T06:15:18.997Z
https://takshashila.org.in/content/publications/20240909-us-india-economic-ties-recommendations.html,page,publication,304,not_modified,https://takshashila.org.in/content/publications/20240909-us-india-economic-ties-recommendations.html,0,,,0,https://takshashila.org.in/pages/publications/,"[""sitemap"", ""known_state"", ""links""]",True,True,6,0,,,,,2026-09-23T17:37:26Z,44,2026-09-23T06:15:18.997Z
https://takshashila.org.in/content/publications/20241006-drones-modern-warfare.html,page,publication,304,not_modified,https://takshashila.org.in/content/publications/20241006-drones-modern-warfare.html,0,,,0,https://takshashila.org.in/pages/publications/,"[""sitemap"", ""known_state"", ""links""]",True,True,5,0,,,,,2026-09-23T17:37:27Z,41,2026-09-23T06:15:18.997Z
https://takshashila.org.in/content/publications/20241015-chinese-analysts-indias-climate-change-diplomacy.html,page,publication,304,not_modified,https://takshashila.org.in/content/publications/20241015-chinese-analysts-indias-climate-change-diplomacy.html,0,,,0,https://takshashila.org.in/pages/publications/,"[""sitemap"", ""known_state"", ""links""]",True,True,4,0,,,,,2026-09-23T17:37:27Z,41,2026-09-23T06:15:18.997Z
https://takshashila.org.in/content/publications/20241023-assessing-ties-maldives-srilanka.html,page,publication,304,not_modified,https://takshashila.org.in/content/publications/20241023-assessing-ties-maldives-srilanka.html,0,,,0,https://takshashila.org.in/pages/publications/,"[""sitemap"", ""known_state"", ""links""]",True,True,5,0,,,,,2026-09-23T17:37:27Z,41,2026-09-23T06:15:18.997Z
https://takshashila.org.in/content/publications/20241101-delhi-kabul-indo-afghan-relations.html,page,publication,304,not_modified,https://takshashila.org.in/content/publications/20241101-delhi-kabul-indo-afghan-relations.html,0,,,0,https://takshashila.org.in/pages/publications/,"[""sitemap"", ""known_state"", ""links""]",True,True,5,0,,,,,2026-09-23T17:37:27Z,42,2026-09-23T06:15:18.997Z
https://takshashila.org.in/content/publications/20241111-indias-turn-towards-myanmar.html,page,publication,304,not_modified,https://takshashila.org.in/content/publications/20241111-indias-turn-towards-myanmar.html,0,,,0,https://takshashila.org.in/pages/publications/,"[""sitemap"", ""known_state"", ""links""]",True,True,5,0,,,,,2026-09-23T17:37:28Z,41,2026-09-23T06:15:18.998Z
https://takshashila.org.in/content/publications/20241121-AI-Adoption.html,page,publication,304,not_modified,https://takshashila.org.in/content/publications/20241121-AI-Adoption.html,0,,,0,https://takshashila.org.in/pages/publications/,"[""sitemap"", ""known_state"", ""links""]",True,True,7,0,,,,,2026-09-23T17:37:28Z,42,2026-09-23T06:15:18.998Z
https://takshashila.org.in/content/publications/20241217-A-Survey-of-Military-AI-Technologies.html,page,publication,304,not_modified,https://takshashila.org.in/content/publications/20241217-A-Survey-of-Military-AI-Technologies.html,0,,,0,https://takshashila.org.in/pages/publications/,"[""sitemap"", ""known_state"", ""links""]",True,True,5,0,,,,,2026-09-23T17:37:28Z,42,2026-09-23T06:15:18.998Z
https://takshashila.org.in/content/publications/20241217-pulse-of-the-people.html,page,publication,304,not_modified,https://takshashila.org.in/content/publications/20241217-pulse-of-the-people.html,0,,,0,https://takshashila.org.in/pages/publications/,"[""sitemap"", ""known_state"", ""links""]",True,True,7,0,,,,,2026-09-23T17:37:28Z,43,2026-09-23T06:15:18.998Z
https://takshashila.org.in/content/publications/20241218-jet-engines.html,page,publication,304,not_modified,https://takshashila.org.in/content/publications/20241218-jet-engines.html,0,,,0,https://takshashila.org.in/pages/publications/,"[""sitemap"", ""known_state"", ""links""]",True,True,4,0,,,,,2026-09-23T17:37:29Z,41,2026-09-23T06:15:18.998Z
https://takshashila.org.in/content/publications/20250101-Derisking-Indias-Trade-With-China.html,page,publication,304,not_modified,https://takshashila.org.in/content/publications/20250101-Derisking-Indias-Trade-With-China.html,0,,,0,https://takshashila.org.in/pages/publications/,"[""sitemap"", ""known_state"", ""links""]",True,True,5,0,,,,,2026-09-23T17:37:29Z,41,2026-09-23T06:15:18.998Z
https://takshashila.org.in/content/publications/20250127-decoding-chinas-approach-to-de-escalation.html,page,publication,304,not_modified,https://takshashila.org.in/content/publications/20250127-decoding-chinas-approach-to-de-escalation.html,0,,,0,https://takshashila.org.in/pages/publications/,"[""sitemap"", ""known_state"", ""links""]",True,True,6,0,,,,,2026-09-23T17:37:29Z,41,2026-09-23T06:15:18.998Z
https://takshashila.org.in/content/publications/20250211-Indias-Industrial-Policies.html,page,publication,304,not_modified,https://takshashila.org.in/content/publications/20250211-Indias-Industrial-Policies.html,0,,,0,https://takshashila.org.in/pages/publications/,"[""sitemap"", ""known_state"", ""links""]",True,True,5,0,,,,,2026-09-23T17:37:29Z,41,2026-09-23T06:15:18.998Z
https://takshashila.org.in/content/publications/20250330-future-of-india-us-trade.html,page,publication,304,not_modified,https://takshashila.org.in/content/publications/20250330-future-of-india-us-trade.html,0,,,0,https://takshashila.org.in/pages/publications/,"[""sitemap"", ""known_state"", ""links""]",True,True,6,0,,,,,2026-09-23T17:37:30Z,43,2026-09-23T06:15:18.998Z
https://takshashila.org.in/content/publications/20250410-satellite-internet-explained.html,page,publication,304,not_modified,https://takshashila.org.in/content/publications/20250410-satellite-internet-explained.html,0,,,0,https://takshashila.org.in/pages/publications/,"[""sitemap"", ""known_state"", ""links""]",True,True,6,0,,,,,2026-09-23T17:37:30Z,42,2026-09-23T06:15:18.998Z
https://takshashila.org.in/content/publications/20250416-state-of-ai-governance-2024.html,page,publication,304,not_modified,https://takshashila.org.in/content/publications/20250416-state-of-ai-governance-2024.html,0,,,0,https://takshashila.org.in/pages/publications/,"[""sitemap"", ""known_state"", ""links""]",True,True,11,0,,,,,2026-09-23T17:37:30Z,46,2026-09-23T06:15:18.999Z
https://takshashila.org.in/content/publications/20250426-Public-Survey-Technopolitik.html,page,publication,304,not_modified,https://takshashila.org.in/content/publications/20250426-Public-Survey-Technopolitik.html,0,,,0,https://takshashila.org.in/pages/publications/,"[""sitemap"", ""known_state"", ""links""]",True,True,5,0,,,,,2026-09-23T17:37:30Z,41,2026-09-23T06:15:18.999Z
https://takshashila.org.in/content/publications/20250509-beyond-the-himalayas.html,page,publication,304,not_modified,https://takshashila.org.in/content/publications/20250509-beyond-the-himalayas.html,0,,,0,https://takshashila.org.in/pages/publications/,"[""sitemap"", ""known_state"", ""links""]",True,True,4,0,,,,,2026-09-23T17:37:31Z,40,2026-09-23T06:15:18.999Z
https://takshashila.org.in/content/publications/20250513-A-case-for-establishing-Special-Science-Zones-in-India.html,page,publication,304,not_modified,https://takshashila.org.in/content/publications/20250513-A-case-for-establishing-Special-Science-Zones-in-India.html,0,,,0,https://takshashila.org.in/pages/publications/,"[""sitemap"", ""known_state"", ""links""]",True,True,6,0,,,,,2026-09-23T17:37:31Z,42,2026-09-23T06:15:18.999Z
https://takshashila.org.in/content/publications/20250521-ai-governance-healthcare.html,page,publication,304,not_modified,https://takshashila.org.in/content/publications/20250521-ai-governance-healthcare.html,0,,,0,https://takshashila.org.in/pages/publications/,"[""sitemap"", ""known_state"", ""links""]",True,True,8,0,,,,,2026-09-23T17:37:31Z,42,2026-09-23T06:15:18.999Z
https://takshashila.org.in/content/publications/20250606-Revisiting-Arms-Control-Paradigms.html,page,publication,304,not_modified,https://takshashila.org.in/content/publications/20250606-Revisiting-Arms-Control-Paradigms.html,0,,,0,https://takshashila.org.in/pages/publications/,"[""sitemap"", ""known_state"", ""links""]",True,True,5,0,,,,,2026-09-23T17:37:31Z,41,2026-09-23T06:15:18.999Z
https://takshashila.org.in/content/publications/20250615-TDD-Information-warfare.html,page,publication,304,not_modified,https://takshashila.org.in/content/publications/20250615-TDD-Information-warfare.html,0,,,0,https://takshashila.org.in/pages/publications/,"[""sitemap"", ""known_state"", ""links""]",True,True,6,0,,,,,2026-09-23T17:37:31Z,42,2026-09-23T06:15:18.999Z
https://takshashila.org.in/content/publications/20250626-pakistan-drone-ecosystem.html,page,publication,304,not_modified,https://takshashila.org.in/content/publications/20250626-pakistan-drone-ecosystem.html,0,,,0,https://takshashila.org.in/pages/publications/,"[""sitemap"", ""known_state"", ""links""]",True,True,5,0,,,,,2026-09-23T17:37:32Z,41,2026-09-23T06:15:18.999Z
https://takshashila.org.in/content/publications/20250731-Recommended-DIGIPIN.html,page,publication,304,not_modified,https://takshashila.org.in/content/publications/20250731-Recommended-DIGIPIN.html,0,,,0,https://takshashila.org.in/pages/publications/,"[""sitemap"", ""known_state"", ""links""]",True,True,6,0,,,,,2026-09-23T17:37:32Z,42,2026-09-23T06:15:18.999Z
https://takshashila.org.in/content/publications/20250826-India's-Agricultural+Trade-Policies-and-Prospects.html,page,publication,304,not_modified,https://takshashila.org.in/content/publications/20250826-India's-Agricultural+Trade-Policies-and-Prospects.html,0,,,0,https://takshashila.org.in/pages/publications/,"[""sitemap"", ""known_state"", ""links""]",True,True,6,0,,,,,2026-09-23T17:37:33Z,41,2026-09-23T06:15:19.000Z
https://takshashila.org.in/content/publications/20250914-from-pixxels-operation-sindoor.html,page,publication,304,not_modified,https://takshashila.org.in/content/publications/20250914-from-pixxels-operation-sindoor.html,0,,,0,https://takshashila.org.in/pages/publications/,"[""sitemap"", ""known_state"", ""links""]",True,True,7,0,,,,,2026-09-23T17:37:33Z,41,2026-09-23T06:15:19.000Z
https://takshashila.org.in/content/publications/20250925-Ethical-Frameworks-for-Deployment-of-Synthetic-Biology.html,page,publication,304,not_modified,https://takshashila.org.in/content/publications/20250925-Ethical-Frameworks-for-Deployment-of-Synthetic-Biology.html,0,,,0,https://takshashila.org.in/pages/publications/,"[""sitemap"", ""known_state"", ""links""]",True,True,6,0,,,,,2026-09-23T17:37:33Z,45,2026-09-23T06:15:19.000Z
https://takshashila.org.in/content/publications/20251014-Deciphering-the-Grey-Zone.html,page,publication,304,not_modified,https://takshashila.org.in/content/publications/20251014-Deciphering-the-Grey-Zone.html,0,,,0,https://takshashila.org.in/pages/publications/,"[""sitemap"", ""known_state"", ""links""]",True,True,4,0,,,,,2026-09-23T17:37:33Z,41,2026-09-23T06:15:19.000Z
https://takshashila.org.in/content/publications/20251017-LEPF-Policy-Brief-AI-Based-Facial-Recognition-Technology-in-Operational-Policing.html,page,publication,304,not_modified,https://takshashila.org.in/content/publications/20251017-LEPF-Policy-Brief-AI-Based-Facial-Recognition-Technology-in-Operational-Policing.html,0,,,0,https://takshashila.org.in/pages/publications/,"[""sitemap"", ""known_state"", ""links""]",True,True,4,0,,,,,2026-09-23T17:37:33Z,42,2026-09-23T06:15:19.000Z
https://takshashila.org.in/content/publications/20251028-china-new-military-forces.html,page,publication,304,not_modified,https://takshashila.org.in/content/publications/20251028-china-new-military-forces.html,0,,,0,https://takshashila.org.in/pages/publications/,"[""sitemap"", ""known_state"", ""links""]",True,True,5,0,,,,,2026-09-23T17:37:34Z,42,2026-09-23T06:15:19.000Z
https://takshashila.org.in/content/publications/20251103-LEPF-Policy-Brief-AI-Assisted-FIR-Registration.html,page,publication,304,not_modified,https://takshashila.org.in/content/publications/20251103-LEPF-Policy-Brief-AI-Assisted-FIR-Registration.html,0,,,0,https://takshashila.org.in/pages/publications/,"[""sitemap"", ""known_state"", ""links""]",True,True,4,0,,,,,2026-09-23T17:37:34Z,42,2026-09-23T06:15:19.001Z
https://takshashila.org.in/content/publications/20251114-Nuclear-Testing.html,page,publication,304,not_modified,https://takshashila.org.in/content/publications/20251114-Nuclear-Testing.html,0,,,0,https://takshashila.org.in/pages/publications/,"[""sitemap"", ""known_state"", ""links""]",True,True,5,0,,,,,2026-09-23T17:37:34Z,42,2026-09-23T06:15:19.001Z
https://takshashila.org.in/content/publications/20251121-juggernaut-or-embers-of-a-dying-fire.html,page,publication,304,not_modified,https://takshashila.org.in/content/publications/20251121-juggernaut-or-embers-of-a-dying-fire.html,0,,,0,https://takshashila.org.in/pages/publications/,"[""sitemap"", ""known_state"", ""links""]",True,True,6,0,,,,,2026-09-23T17:37:35Z,47,2026-09-23T06:15:19.001Z
https://takshashila.org.in/content/publications/20251215-regionalisation-of-the-indian-rupee.html,page,publication,304,not_modified,https://takshashila.org.in/content/publications/20251215-regionalisation-of-the-indian-rupee.html,0,,,0,https://takshashila.org.in/content/team/vanshika-saraf.html,"[""sitemap"", ""known_state"", ""links""]",True,True,6,0,,,,,2026-09-23T17:37:35Z,43,2026-09-23T06:15:19.001Z
https://takshashila.org.in/content/publications/20251219-Orbital-Entrenchment.html,page,publication,304,not_modified,https://takshashila.org.in/content/publications/20251219-Orbital-Entrenchment.html,0,,,0,https://takshashila.org.in/pages/research-areas/,"[""sitemap"", ""known_state"", ""links""]",True,True,6,0,,,,,2026-09-23T17:37:35Z,41,2026-09-23T06:15:19.001Z
https://takshashila.org.in/content/publications/20251223-China-Views-K-Visa.html,page,publication,304,not_modified,https://takshashila.org.in/content/publications/20251223-China-Views-K-Visa.html,0,,,0,https://takshashila.org.in/content/publications/20260105-China-Military-Exercises.html,"[""sitemap"", ""known_state"", ""links""]",True,True,4,0,,,,,2026-09-23T17:37:35Z,41,2026-09-23T06:15:19.001Z
https://takshashila.org.in/content/publications/20260108-China-Pakistan-Military-Interoperability.html,page,publication,304,not_modified,https://takshashila.org.in/content/publications/20260108-China-Pakistan-Military-Interoperability.html,0,,,0,https://takshashila.org.in/content/publications/20260116-Shanti-Act-Advances-Reform-Streamlines-and-Dilutes-Liability.html,"[""sitemap"", ""known_state"", ""links""]",True,True,4,0,,,,,2026-09-23T17:37:36Z,41,2026-09-23T06:15:19.001Z
https://takshashila.org.in/content/publications/20260123-China-Politburo-Meetings-Study-Sessions-2025.html,page,publication,304,not_modified,https://takshashila.org.in/content/publications/20260123-China-Politburo-Meetings-Study-Sessions-2025.html,0,,,0,https://takshashila.org.in/content/team/manoj-kewalramani.html,"[""sitemap"", ""known_state"", ""links""]",True,True,4,0,,,,,2026-09-23T17:37:36Z,42,2026-09-23T06:15:19.002Z
https://takshashila.org.in/content/publications/20260125-Sectoral-Plurilateral-Blocs.html,page,publication,304,not_modified,https://takshashila.org.in/content/publications/20260125-Sectoral-Plurilateral-Blocs.html,0,,,0,https://takshashila.org.in/content/team/nitin-pai.html,"[""sitemap"", ""known_state"", ""links""]",True,True,10,0,,,,,2026-09-23T17:37:36Z,45,2026-09-23T06:15:19.002Z
https://takshashila.org.in/content/publications/20260209-USC-on-India.html,page,publication,304,not_modified,https://takshashila.org.in/content/publications/20260209-USC-on-India.html,0,,,0,https://takshashila.org.in/content/team/abhishek-kadiyala.html,"[""sitemap"", ""known_state"", ""links""]",True,True,4,0,,,,,2026-09-23T17:37:36Z,41,2026-09-23T06:15:19.002Z
https://takshashila.org.in/content/publications/20260218-Technology-Denial-Regimes.html,page,publication,304,not_modified,https://takshashila.org.in/content/publications/20260218-Technology-Denial-Regimes.html,0,,,0,https://takshashila.org.in/pages/research-areas/,"[""sitemap"", ""known_state"", ""links""]",True,True,6,0,,,,,2026-09-23T17:37:36Z,43,2026-09-23T06:15:19.002Z
https://takshashila.org.in/content/publications/20260318-Policy-Responses-to-India-LPG-Supply-Crisis.html,page,publication,304,not_modified,https://takshashila.org.in/content/publications/20260318-Policy-Responses-to-India-LPG-Supply-Crisis.html,0,,,0,https://takshashila.org.in/content/team/anupam-manur.html,"[""sitemap"", ""known_state"", ""links""]",True,True,7,0,,,,,2026-09-23T17:37:37Z,42,2026-09-23T06:15:19.003Z
https://takshashila.org.in/content/publications/20260327-Turbulence-Ahead-Indian-Airline-Industry.html,page,publication,304,not_modified,https://takshashila.org.in/content/publications/20260327-Turbulence-Ahead-Indian-Airline-Industry.html,0,,,0,https://takshashila.org.in/content/team/anupam-manur.html,"[""sitemap"", ""known_state"", ""links""]",True,True,6,0,,,,,2026-09-23T17:37:37Z,41,2026-09-23T06:15:19.003Z
https://takshashila.org.in/content/publications/20260402-Fertilizer-Geopolitics.html,page,publication,304,not_modified,https://takshashila.org.in/content/publications/20260402-Fertilizer-Geopolitics.html,0,,,0,https://takshashila.org.in/pages/research-areas/,"[""sitemap"", ""known_state"", ""links""]",True,True,7,0,,,,,2026-09-23T17:37:37Z,43,2026-09-23T06:15:19.003Z
https://takshashila.org.in/content/publications/20260412-Starlink-and-Risks-For-India.html,page,publication,304,not_modified,https://takshashila.org.in/content/publications/20260412-Starlink-and-Risks-For-India.html,0,,,0,https://takshashila.org.in/pages/research-areas/,"[""sitemap"", ""known_state"", ""links""]",True,True,9,0,,,,,2026-09-23T17:37:37Z,43,2026-09-23T06:15:19.003Z
https://takshashila.org.in/content/publications/20260423-West-Asian-War-Impact-On-Artificial-Intelligence.html,page,publication,304,not_modified,https://takshashila.org.in/content/publications/20260423-West-Asian-War-Impact-On-Artificial-Intelligence.html,0,,,0,https://takshashila.org.in/content/publications/20260429-Nvidia-and-China-India.html,"[""sitemap"", ""known_state"", ""links""]",True,True,8,0,,,,,2026-09-23T17:37:38Z,43,2026-09-23T06:15:19.003Z
https://takshashila.org.in/content/publications/20260608-journey-of-japans-defence.html,page,publication,304,not_modified,https://takshashila.org.in/content/publications/20260608-journey-of-japans-defence.html,0,,,0,https://takshashila.org.in/pages/research-areas/,"[""sitemap"", ""known_state"", ""links""]",True,True,5,0,,,,,2026-09-23T17:37:38Z,41,2026-09-23T06:15:19.004Z
https://takshashila.org.in/content/publications/20260709-China-Japan-Escalation.html,page,publication,304,not_modified,https://takshashila.org.in/content/publications/20260709-China-Japan-Escalation.html,0,,,0,https://takshashila.org.in/content/team/vanshika-saraf.html,"[""sitemap"", ""known_state"", ""links""]",True,True,5,0,,,,,2026-09-23T17:37:38Z,41,2026-09-23T06:15:19.004Z
https://takshashila.org.in/content/publications/20260722-accelerating-tactical-drone-procurement-for.html,page,publication,304,not_modified,https://takshashila.org.in/content/publications/20260722-accelerating-tactical-drone-procurement-for.html,0,,,0,https://takshashila.org.in/content/publications/20260724-the-war-of-disruption.html,"[""sitemap"", ""known_state"", ""links""]",True,True,4,0,,,,,2026-09-23T17:37:38Z,42,2026-09-23T06:15:19.004Z
https://takshashila.org.in/content/publications/20260803-bioeconomy-strategy-2026.html,page,publication,304,not_modified,https://takshashila.org.in/content/publications/20260803-bioeconomy-strategy-2026.html,0,,,0,https://takshashila.org.in/content/team/anupam-manur.html,"[""sitemap"", ""known_state"", ""links""]",True,True,10,0,,,,,2026-09-23T17:37:39Z,47,2026-09-23T06:15:19.004Z
https://takshashila.org.in/content/publications/20260811-swot-analysis-of-pakistans-mediation-in-west.html,page,publication,304,not_modified,https://takshashila.org.in/content/publications/20260811-swot-analysis-of-pakistans-mediation-in-west.html,0,,,0,https://takshashila.org.in/,"[""sitemap"", ""known_state"", ""links""]",True,True,10,0,,,,,2026-09-23T17:37:39Z,41,2026-09-23T06:15:19.004Z
https://takshashila.org.in/content/publications/20260905-the-partner-system-repriced.html,page,publication,304,not_modified,https://takshashila.org.in/content/publications/20260905-the-partner-system-repriced.html,0,,,0,https://takshashila.org.in/,"[""sitemap"", ""known_state"", ""links""]",True,True,8,0,,,,,2026-09-23T17:37:39Z,41,2026-09-23T06:15:19.005Z
https://takshashila.org.in/content/publications/20260911-shanti-policy-advisory.html,page,publication,304,not_modified,https://takshashila.org.in/content/publications/20260911-shanti-policy-advisory.html,0,,,0,https://takshashila.org.in/,"[""sitemap"", ""known_state"", ""links""]",True,True,9,0,,,,,2026-09-23T17:37:39Z,43,2026-09-23T06:15:19.005Z
https://takshashila.org.in/content/publications/China-Taiwan-2027-20260903.html,page,publication,304,not_modified,https://takshashila.org.in/content/publications/China-Taiwan-2027-20260903.html,0,,,0,https://takshashila.org.in/,"[""sitemap"", ""known_state"", ""links""]",True,True,8,0,,,,,2026-09-23T17:37:40Z,43,2026-09-23T06:15:19.005Z
https://takshashila.org.in/content/publications/Congress-Iran-War-20052026.html,page,publication,304,not_modified,https://takshashila.org.in/content/publications/Congress-Iran-War-20052026.html,0,,,0,https://takshashila.org.in/content/team/abhishek-kadiyala.html,"[""sitemap"", ""known_state"", ""links""]",True,True,4,0,,,,,2026-09-23T17:37:40Z,41,2026-09-23T06:15:19.005Z
https://takshashila.org.in/content/publications/HormuzChallenges-14052026.html,page,publication,304,not_modified,https://takshashila.org.in/content/publications/HormuzChallenges-14052026.html,0,,,0,https://takshashila.org.in/pages/research-areas/,"[""sitemap"", ""known_state"", ""links""]",True,True,6,0,,,,,2026-09-23T17:37:40Z,41,2026-09-23T06:15:19.005Z
https://takshashila.org.in/content/publications/Indias-Response-War-150526.html,page,publication,304,not_modified,https://takshashila.org.in/content/publications/Indias-Response-War-150526.html,0,,,0,https://takshashila.org.in/content/team/vanshika-saraf.html,"[""sitemap"", ""known_state"", ""links""]",True,True,4,0,,,,,2026-09-23T17:37:41Z,41,2026-09-23T06:15:19.005Z
https://takshashila.org.in/content/publications/Taxing-Mobile-Capital-20260515.html,page,publication,304,not_modified,https://takshashila.org.in/content/publications/Taxing-Mobile-Capital-20260515.html,0,,,0,https://takshashila.org.in/content/team/anupam-manur.html,"[""sitemap"", ""known_state"", ""links""]",True,True,5,0,,,,,2026-09-23T17:37:41Z,41,2026-09-23T06:15:19.006Z
https://takshashila.org.in/content/publications/china-epc-renewable-18092025.html,page,publication,304,not_modified,https://takshashila.org.in/content/publications/china-epc-renewable-18092025.html,0,,,0,https://takshashila.org.in/content/team/bhumika-sevkani.html,"[""sitemap"", ""known_state"", ""links""]",True,True,4,0,,,,,2026-09-23T17:37:41Z,41,2026-09-23T06:15:19.006Z
https://takshashila.org.in/content/publications/policy-advisory-draft-regulations-ai-courts.html,page,publication,304,not_modified,https://takshashila.org.in/content/publications/policy-advisory-draft-regulations-ai-courts.html,0,,,0,https://takshashila.org.in/content/publications/ChinaArms-20062026.html,"[""sitemap"", ""known_state"", ""links""]",True,True,5,0,,,,,2026-09-23T17:37:41Z,41,2026-09-23T06:15:19.006Z
https://takshashila.org.in/content/team/aditi-palo.html,page,person,304,not_modified,https://takshashila.org.in/content/team/aditi-palo.html,0,,,0,https://takshashila.org.in/pages/team/,"[""sitemap"", ""known_state"", ""links""]",True,True,6,0,,,,,2026-09-23T17:37:41Z,41,2026-09-23T06:15:19.829Z
https://takshashila.org.in/content/team/adya-madhavan.html,page,person,304,not_modified,https://takshashila.org.in/content/team/adya-madhavan.html,0,,,0,https://takshashila.org.in/pages/team/,"[""sitemap"", ""known_state"", ""links""]",True,True,21,0,,,,,2026-09-23T17:37:42Z,55,2026-09-23T06:15:19.829Z
https://takshashila.org.in/content/team/aishwaria-sonavane.html,page,person,304,not_modified,https://takshashila.org.in/content/team/aishwaria-sonavane.html,0,,,0,https://takshashila.org.in/pages/team/,"[""sitemap"", ""known_state"", ""links""]",True,True,8,0,,,,,2026-09-23T17:37:42Z,43,2026-09-23T06:15:19.829Z
https://takshashila.org.in/content/team/ajay-shah.html,page,person,304,not_modified,https://takshashila.org.in/content/team/ajay-shah.html,0,,,0,https://takshashila.org.in/pages/team/,"[""sitemap"", ""known_state"", ""links""]",True,True,2,0,,,,,2026-09-23T17:37:42Z,38,2026-09-23T06:15:19.829Z
https://takshashila.org.in/content/team/ameya-naik.html,page,person,304,not_modified,https://takshashila.org.in/content/team/ameya-naik.html,0,,,0,https://takshashila.org.in/pages/team/,"[""sitemap"", ""known_state"", ""links""]",True,True,5,0,,,,,2026-09-23T17:37:43Z,38,2026-09-23T06:15:19.829Z
https://takshashila.org.in/content/team/anand-arni.html,page,person,304,not_modified,https://takshashila.org.in/content/team/anand-arni.html,0,,,0,https://takshashila.org.in/pages/team/,"[""sitemap"", ""known_state"", ""links""]",True,True,8,0,,,,,2026-09-23T17:37:43Z,43,2026-09-23T06:15:19.829Z
https://takshashila.org.in/content/team/anisree-suresh.html,page,person,304,not_modified,https://takshashila.org.in/content/team/anisree-suresh.html,0,,,0,https://takshashila.org.in/pages/team/,"[""sitemap"", ""known_state"", ""links""]",True,True,24,0,,,,,2026-09-23T17:37:43Z,58,2026-09-23T06:15:19.829Z
https://takshashila.org.in/content/team/anushka-saxena.html,page,person,304,not_modified,https://takshashila.org.in/content/team/anushka-saxena.html,0,,,0,https://takshashila.org.in/pages/team/,"[""sitemap"", ""known_state"", ""links""]",True,True,71,0,,,,,2026-09-23T17:37:43Z,104,2026-09-23T06:15:19.829Z
https://takshashila.org.in/content/team/arindam-goswami.html,page,person,304,not_modified,https://takshashila.org.in/content/team/arindam-goswami.html,0,,,0,https://takshashila.org.in/pages/team/,"[""sitemap"", ""known_state"", ""links""]",True,True,36,0,,,,,2026-09-23T17:37:43Z,69,2026-09-23T06:15:19.829Z
https://takshashila.org.in/content/team/ashish-kulkarni.html,page,person,304,not_modified,https://takshashila.org.in/content/team/ashish-kulkarni.html,0,,,0,https://takshashila.org.in/pages/team/,"[""sitemap"", ""known_state"", ""links""]",True,True,5,0,,,,,2026-09-23T17:37:44Z,38,2026-09-23T06:15:19.830Z
https://takshashila.org.in/content/team/ashwin-prasad-rao.html,page,person,304,not_modified,https://takshashila.org.in/content/team/ashwin-prasad-rao.html,0,,,0,https://takshashila.org.in/pages/team/,"[""sitemap"", ""known_state"", ""links""]",True,True,20,0,,,,,2026-09-23T17:37:44Z,50,2026-09-23T06:15:19.830Z
https://takshashila.org.in/content/team/bharath-reddy.html,page,person,304,not_modified,https://takshashila.org.in/content/team/bharath-reddy.html,0,,,0,https://takshashila.org.in/pages/team/,"[""sitemap"", ""known_state"", ""links""]",True,True,35,0,,,,,2026-09-23T17:37:44Z,67,2026-09-23T06:15:19.830Z
https://takshashila.org.in/content/team/carl-jaison.html,page,person,304,not_modified,https://takshashila.org.in/content/team/carl-jaison.html,0,,,0,https://takshashila.org.in/pages/team/,"[""sitemap"", ""known_state"", ""links""]",True,True,2,0,,,,,2026-09-23T17:37:44Z,38,2026-09-23T06:15:19.830Z
https://takshashila.org.in/content/team/colonel-kpm-das.html,page,person,304,not_modified,https://takshashila.org.in/content/team/colonel-kpm-das.html,0,,,0,https://takshashila.org.in/pages/team/,"[""sitemap"", ""known_state"", ""links""]",True,True,5,0,,,,,2026-09-23T17:37:45Z,40,2026-09-23T06:15:19.830Z
https://takshashila.org.in/content/team/dr-m-govinda-rao.html,page,person,304,not_modified,https://takshashila.org.in/content/team/dr-m-govinda-rao.html,0,,,0,https://takshashila.org.in/pages/team/,"[""sitemap"", ""known_state"", ""links""]",True,True,2,0,,,,,2026-09-23T17:37:45Z,38,2026-09-23T06:15:19.830Z
https://takshashila.org.in/content/team/dr-y-nithiyanandam.html,page,person,304,not_modified,https://takshashila.org.in/content/team/dr-y-nithiyanandam.html,0,,,0,https://takshashila.org.in/pages/team/,"[""sitemap"", ""known_state"", ""links""]",True,True,31,0,,,,,2026-09-23T17:37:45Z,64,2026-09-23T06:15:19.830Z
https://takshashila.org.in/content/team/garima-gulati-bhutani.html,page,person,304,not_modified,https://takshashila.org.in/content/team/garima-gulati-bhutani.html,0,,,0,https://takshashila.org.in/pages/team/,"[""sitemap"", ""known_state"", ""links""]",True,True,2,0,,,,,2026-09-23T17:37:45Z,38,2026-09-23T06:15:19.830Z
https://takshashila.org.in/content/team/gopal_tomar.html,page,person,304,not_modified,https://takshashila.org.in/content/team/gopal_tomar.html,0,,,0,https://takshashila.org.in/pages/team/,"[""sitemap"", ""known_state"", ""links""]",True,True,4,0,,,,,2026-09-23T17:37:46Z,44,2026-09-23T06:15:19.830Z
https://takshashila.org.in/content/team/hitesh-gala.html,page,person,304,not_modified,https://takshashila.org.in/content/team/hitesh-gala.html,0,,,0,https://takshashila.org.in/pages/team/,"[""sitemap"", ""known_state"", ""links""]",True,True,4,0,,,,,2026-09-23T17:37:46Z,38,2026-09-23T06:15:19.830Z
https://takshashila.org.in/content/team/jean-garrison.html,page,person,304,not_modified,https://takshashila.org.in/content/team/jean-garrison.html,0,,,0,https://takshashila.org.in/pages/team/,"[""sitemap"", ""known_state"", ""links""]",True,True,3,0,,,,,2026-09-23T17:37:46Z,38,2026-09-23T06:15:19.830Z
https://takshashila.org.in/content/team/kripa-koshy.html,page,person,304,not_modified,https://takshashila.org.in/content/team/kripa-koshy.html,0,,,0,https://takshashila.org.in/pages/team/,"[""sitemap"", ""known_state"", ""links""]",True,True,2,0,,,,,2026-09-23T17:37:46Z,38,2026-09-23T06:15:19.830Z
https://takshashila.org.in/content/team/lakshmi-shashidhar.html,page,person,304,not_modified,https://takshashila.org.in/content/team/lakshmi-shashidhar.html,0,,,0,https://takshashila.org.in/pages/team/,"[""sitemap"", ""known_state"", ""links""]",True,True,3,0,,,,,2026-09-23T17:37:47Z,38,2026-09-23T06:15:19.830Z
https://takshashila.org.in/content/team/leah-govias.html,page,person,304,not_modified,https://takshashila.org.in/content/team/leah-govias.html,0,,,0,https://takshashila.org.in/pages/team/,"[""sitemap"", ""known_state"", ""links""]",True,True,2,0,,,,,2026-09-23T17:37:47Z,38,2026-09-23T06:15:19.831Z
https://takshashila.org.in/content/team/lt-general-dr-prakash-menon.html,page,person,304,not_modified,https://takshashila.org.in/content/team/lt-general-dr-prakash-menon.html,0,,,0,https://takshashila.org.in/pages/team/,"[""sitemap"", ""known_state"", ""links""]",True,True,7,0,,,,,2026-09-23T17:37:47Z,43,2026-09-23T06:15:19.831Z
https://takshashila.org.in/content/team/maj-gen-siva-kumar-rachapudi.html,page,person,304,not_modified,https://takshashila.org.in/content/team/maj-gen-siva-kumar-rachapudi.html,0,,,0,https://takshashila.org.in/content/team/maj-gen-siva-kumar-rachapudi.html,"[""sitemap"", ""known_state"", ""links""]",True,True,2,0,,,,,2026-09-23T17:37:48Z,38,2026-09-23T06:15:19.831Z
https://takshashila.org.in/content/team/maneesh-k.html,page,person,304,not_modified,https://takshashila.org.in/content/team/maneesh-k.html,0,,,0,https://takshashila.org.in/pages/policy-school/ecc-space-power.html,"[""sitemap"", ""known_state"", ""links""]",True,True,2,0,,,,,2026-09-23T17:37:48Z,38,2026-09-23T06:15:19.831Z
https://takshashila.org.in/content/team/mihir-mahajan.html,page,person,304,not_modified,https://takshashila.org.in/content/team/mihir-mahajan.html,0,,,0,https://takshashila.org.in/pages/team/,"[""sitemap"", ""known_state"", ""links""]",True,True,8,0,,,,,2026-09-23T17:37:48Z,42,2026-09-23T06:15:19.831Z
https://takshashila.org.in/content/team/narayan-ramachandran.html,page,person,304,not_modified,https://takshashila.org.in/content/team/narayan-ramachandran.html,0,,,0,https://takshashila.org.in/pages/team/,"[""sitemap"", ""known_state"", ""links""]",True,True,19,0,,,,,2026-09-23T17:37:48Z,38,2026-09-23T06:15:19.831Z
https://takshashila.org.in/content/team/pramit-bhattacharya.html,page,person,304,not_modified,https://takshashila.org.in/content/team/pramit-bhattacharya.html,0,,,0,https://takshashila.org.in/pages/team/,"[""sitemap"", ""known_state"", ""links""]",True,True,2,0,,,,,2026-09-23T17:37:48Z,38,2026-09-23T06:15:19.831Z
https://takshashila.org.in/content/team/pranay-kotasthane.html,page,person,304,not_modified,https://takshashila.org.in/content/team/pranay-kotasthane.html,0,,,0,https://takshashila.org.in/pages/team/,"[""sitemap"", ""known_state"", ""links""]",True,True,108,0,,,,,2026-09-23T17:37:49Z,133,2026-09-23T06:15:19.831Z
https://takshashila.org.in/content/team/raja-karthikeya.html,page,person,304,not_modified,https://takshashila.org.in/content/team/raja-karthikeya.html,0,,,0,https://takshashila.org.in/pages/team/,"[""sitemap"", ""known_state"", ""links""]",True,True,4,0,,,,,2026-09-23T17:37:49Z,38,2026-09-23T06:15:19.831Z
https://takshashila.org.in/content/team/rear-admiral-sudarshan-y-shrikhande.html,page,person,304,not_modified,https://takshashila.org.in/content/team/rear-admiral-sudarshan-y-shrikhande.html,0,,,0,https://takshashila.org.in/pages/team/,"[""sitemap"", ""known_state"", ""links""]",True,True,2,0,,,,,2026-09-23T17:37:49Z,38,2026-09-23T06:15:19.831Z
https://takshashila.org.in/content/team/rijesh-panicker.html,page,person,304,not_modified,https://takshashila.org.in/content/team/rijesh-panicker.html,0,,,0,https://takshashila.org.in/pages/team/,"[""sitemap"", ""known_state"", ""links""]",True,True,11,0,,,,,2026-09-23T17:37:49Z,44,2026-09-23T06:15:19.831Z
https://takshashila.org.in/content/team/s-chandrashekar.html,page,person,304,not_modified,https://takshashila.org.in/content/team/s-chandrashekar.html,0,,,0,https://takshashila.org.in/pages/policy-school/ecc-space-power.html,"[""sitemap"", ""known_state"", ""links""]",True,True,2,0,,,,,2026-09-23T17:37:50Z,38,2026-09-23T06:15:19.832Z
https://takshashila.org.in/content/team/sana-nehal-hashmin.html,page,person,304,not_modified,https://takshashila.org.in/content/team/sana-nehal-hashmin.html,0,,,0,https://takshashila.org.in/pages/team/,"[""sitemap"", ""known_state"", ""links""]",True,True,3,0,,,,,2026-09-23T17:37:50Z,38,2026-09-23T06:15:19.832Z
https://takshashila.org.in/content/team/sanjay-palsamudram.html,page,person,304,not_modified,https://takshashila.org.in/content/team/sanjay-palsamudram.html,0,,,0,https://takshashila.org.in/pages/team/,"[""sitemap"", ""known_state"", ""links""]",True,True,3,0,,,,,2026-09-23T17:37:50Z,38,2026-09-23T06:15:19.832Z
https://takshashila.org.in/content/team/sarthak-pradhan.html,page,person,304,not_modified,https://takshashila.org.in/content/team/sarthak-pradhan.html,0,,,0,https://takshashila.org.in/pages/team/,"[""sitemap"", ""known_state"", ""links""]",True,True,28,0,,,,,2026-09-23T17:37:50Z,60,2026-09-23T06:15:19.832Z
https://takshashila.org.in/content/team/saurabh-todi.html,page,person,304,not_modified,https://takshashila.org.in/content/team/saurabh-todi.html,0,,,0,https://takshashila.org.in/pages/team/,"[""sitemap"", ""known_state"", ""links""]",True,True,16,0,,,,,2026-09-23T17:37:51Z,38,2026-09-23T06:15:19.832Z
https://takshashila.org.in/content/team/shambhavi-naik.html,page,person,304,not_modified,https://takshashila.org.in/content/team/shambhavi-naik.html,0,,,0,https://takshashila.org.in/pages/team/,"[""sitemap"", ""known_state"", ""links""]",True,True,75,0,,,,,2026-09-23T17:37:51Z,108,2026-09-23T06:15:19.832Z
https://takshashila.org.in/content/team/shobhankita-reddy.html,page,person,304,not_modified,https://takshashila.org.in/content/team/shobhankita-reddy.html,0,,,0,https://takshashila.org.in/pages/team/,"[""sitemap"", ""known_state"", ""links""]",True,True,16,0,,,,,2026-09-23T17:37:51Z,46,2026-09-23T06:15:19.832Z
https://takshashila.org.in/content/team/siddharth-bannerjee.html,page,person,304,not_modified,https://takshashila.org.in/content/team/siddharth-bannerjee.html,0,,,0,https://takshashila.org.in/content/publications/20220415-A-Background-to-India%E2%80%99s-Position-in-the-Advanced-Computing-Age.html,"[""sitemap"", ""known_state"", ""links""]",True,True,3,0,,,,,2026-09-23T17:37:51Z,38,2026-09-23T06:15:19.832Z
https://takshashila.org.in/content/team/soren-dayton.html,page,person,304,not_modified,https://takshashila.org.in/content/team/soren-dayton.html,0,,,0,https://takshashila.org.in/pages/team/,"[""sitemap"", ""known_state"", ""links""]",True,True,3,0,,,,,2026-09-23T17:37:52Z,38,2026-09-23T06:15:19.832Z
https://takshashila.org.in/content/team/sowmya-prabhakar.html,page,person,304,not_modified,https://takshashila.org.in/content/team/sowmya-prabhakar.html,0,,,0,https://takshashila.org.in/pages/team/,"[""sitemap"", ""known_state"", ""links""]",True,True,3,0,,,,,2026-09-23T17:37:52Z,38,2026-09-23T06:15:19.832Z
https://takshashila.org.in/content/team/suman-joshi.html,page,person,304,not_modified,https://takshashila.org.in/content/team/suman-joshi.html,0,,,0,https://takshashila.org.in/pages/team/,"[""sitemap"", ""known_state"", ""links""]",True,True,7,0,,,,,2026-09-23T17:37:52Z,38,2026-09-23T06:15:19.832Z
https://takshashila.org.in/content/team/tannmay-kumarr-baid.html,page,person,304,not_modified,https://takshashila.org.in/content/team/tannmay-kumarr-baid.html,0,,,0,https://takshashila.org.in/pages/team/,"[""sitemap"", ""known_state"", ""links""]",True,True,8,0,,,,,2026-09-23T17:37:53Z,42,2026-09-23T06:15:19.833Z
https://takshashila.org.in/content/team/vijayabharathi-c.html,page,person,304,not_modified,https://takshashila.org.in/content/team/vijayabharathi-c.html,0,,,0,https://takshashila.org.in/pages/team/,"[""sitemap"", ""known_state"", ""links""]",True,True,2,0,,,,,2026-09-23T17:37:53Z,38,2026-09-23T06:15:19.833Z
https://takshashila.org.in/content/team/wg-cdr-satyam-kushwaha.html,page,person,304,not_modified,https://takshashila.org.in/content/team/wg-cdr-satyam-kushwaha.html,0,,,0,https://takshashila.org.in/content/team/wg-cdr-satyam-kushwaha.html,"[""sitemap"", ""known_state"", ""links""]",True,True,2,0,,,,,2026-09-23T17:37:53Z,38,2026-09-23T06:15:19.833Z
https://takshashila.org.in/content/trackers/westasianwar/bulletins/archive/2026-03-18.html,page,tracker,304,not_modified,https://takshashila.org.in/content/trackers/westasianwar/bulletins/archive/2026-03-18.html,0,,,0,https://takshashila.org.in/content/trackers/westasianwar/bulletins/archive/2026-03-18.html,"[""sitemap"", ""known_state"", ""links""]",True,True,1,0,,,,,2026-09-23T17:37:53Z,39,2026-09-23T06:15:19.939Z
https://takshashila.org.in/content/trackers/westasianwar/bulletins/archive/2026-03-20.html,page,tracker,304,not_modified,https://takshashila.org.in/content/trackers/westasianwar/bulletins/archive/2026-03-20.html,0,,,0,https://takshashila.org.in/content/trackers/westasianwar/bulletins/archive/2026-03-20.html,"[""sitemap"", ""known_state"", ""links""]",True,True,1,0,,,,,2026-09-23T17:37:54Z,39,2026-09-23T06:15:19.940Z
https://takshashila.org.in/content/trackers/westasianwar/bulletins/archive/2026-03-22.html,page,tracker,304,not_modified,https://takshashila.org.in/content/trackers/westasianwar/bulletins/archive/2026-03-22.html,0,,,0,https://takshashila.org.in/content/trackers/westasianwar/bulletins/archive/2026-03-22.html,"[""sitemap"", ""known_state"", ""links""]",True,True,1,0,,,,,2026-09-23T17:37:54Z,39,2026-09-23T06:15:19.940Z
https://takshashila.org.in/content/trackers/westasianwar/bulletins/archive/2026-03-24.html,page,tracker,304,not_modified,https://takshashila.org.in/content/trackers/westasianwar/bulletins/archive/2026-03-24.html,0,,,0,https://takshashila.org.in/content/trackers/westasianwar/bulletins/archive/2026-03-24.html,"[""sitemap"", ""known_state"", ""links""]",True,True,1,0,,,,,2026-09-23T17:37:54Z,39,2026-09-23T06:15:19.940Z
https://takshashila.org.in/content/trackers/westasianwar/bulletins/archive/2026-03-26.html,page,tracker,304,not_modified,https://takshashila.org.in/content/trackers/westasianwar/bulletins/archive/2026-03-26.html,0,,,0,https://takshashila.org.in/content/trackers/westasianwar/bulletins/archive/2026-03-26.html,"[""sitemap"", ""known_state"", ""links""]",True,True,1,0,,,,,2026-09-23T17:37:55Z,39,2026-09-23T06:15:19.940Z
https://takshashila.org.in/content/trackers/westasianwar/bulletins/archive/2026-03-28.html,page,tracker,304,not_modified,https://takshashila.org.in/content/trackers/westasianwar/bulletins/archive/2026-03-28.html,0,,,0,https://takshashila.org.in/content/trackers/westasianwar/bulletins/archive/2026-03-28.html,"[""sitemap"", ""known_state"", ""links""]",True,True,1,0,,,,,2026-09-23T17:37:55Z,39,2026-09-23T06:15:19.940Z
https://takshashila.org.in/content/trackers/westasianwar/bulletins/archive/2026-03-30.html,page,tracker,304,not_modified,https://takshashila.org.in/content/trackers/westasianwar/bulletins/archive/2026-03-30.html,0,,,0,https://takshashila.org.in/content/trackers/westasianwar/bulletins/archive/2026-03-30.html,"[""sitemap"", ""known_state"", ""links""]",True,True,1,0,,,,,2026-09-23T17:37:55Z,39,2026-09-23T06:15:19.940Z
https://takshashila.org.in/content/trackers/westasianwar/bulletins/archive/2026-04-01.html,page,tracker,304,not_modified,https://takshashila.org.in/content/trackers/westasianwar/bulletins/archive/2026-04-01.html,0,,,0,https://takshashila.org.in/content/trackers/westasianwar/bulletins/archive/2026-04-01.html,"[""sitemap"", ""known_state"", ""links""]",True,True,1,0,,,,,2026-09-23T17:37:55Z,39,2026-09-23T06:15:19.940Z
https://takshashila.org.in/content/trackers/westasianwar/bulletins/archive/2026-04-03.html,page,tracker,304,not_modified,https://takshashila.org.in/content/trackers/westasianwar/bulletins/archive/2026-04-03.html,0,,,0,https://takshashila.org.in/content/trackers/westasianwar/bulletins/archive/2026-04-03.html,"[""sitemap"", ""known_state"", ""links""]",True,True,1,0,,,,,2026-09-23T17:37:56Z,39,2026-09-23T06:15:19.940Z
https://takshashila.org.in/content/trackers/westasianwar/bulletins/archive/2026-04-07.html,page,tracker,304,not_modified,https://takshashila.org.in/content/trackers/westasianwar/bulletins/archive/2026-04-07.html,0,,,0,https://takshashila.org.in/content/trackers/westasianwar/bulletins/archive/2026-04-07.html,"[""sitemap"", ""known_state"", ""links""]",True,True,1,0,,,,,2026-09-23T17:37:56Z,39,2026-09-23T06:15:19.940Z
https://takshashila.org.in/content/trackers/westasianwar/bulletins/archive/2026-04-09.html,page,tracker,304,not_modified,https://takshashila.org.in/content/trackers/westasianwar/bulletins/archive/2026-04-09.html,0,,,0,https://takshashila.org.in/content/trackers/westasianwar/bulletins/archive/2026-04-09.html,"[""sitemap"", ""known_state"", ""links""]",True,True,1,0,,,,,2026-09-23T17:37:56Z,39,2026-09-23T06:15:19.940Z
https://takshashila.org.in/content/trackers/westasianwar/bulletins/archive/2026-04-11.html,page,tracker,304,not_modified,https://takshashila.org.in/content/trackers/westasianwar/bulletins/archive/2026-04-11.html,0,,,0,https://takshashila.org.in/content/trackers/westasianwar/bulletins/archive/2026-04-11.html,"[""sitemap"", ""known_state"", ""links""]",True,True,1,0,,,,,2026-09-23T17:37:56Z,39,2026-09-23T06:15:19.940Z
https://takshashila.org.in/content/trackers/westasianwar/bulletins/archive/2026-04-13.html,page,tracker,304,not_modified,https://takshashila.org.in/content/trackers/westasianwar/bulletins/archive/2026-04-13.html,0,,,0,https://takshashila.org.in/content/trackers/westasianwar/bulletins/archive/2026-04-13.html,"[""sitemap"", ""known_state"", ""links""]",True,True,1,0,,,,,2026-09-23T17:37:56Z,39,2026-09-23T06:15:19.941Z
https://takshashila.org.in/content/trackers/westasianwar/bulletins/archive/2026-04-15.html,page,tracker,304,not_modified,https://takshashila.org.in/content/trackers/westasianwar/bulletins/archive/2026-04-15.html,0,,,0,https://takshashila.org.in/content/trackers/westasianwar/bulletins/archive/2026-04-15.html,"[""sitemap"", ""known_state"", ""links""]",True,True,1,0,,,,,2026-09-23T17:37:57Z,39,2026-09-23T06:15:19.941Z
https://takshashila.org.in/content/trackers/westasianwar/bulletins/archive/2026-04-17.html,page,tracker,304,not_modified,https://takshashila.org.in/content/trackers/westasianwar/bulletins/archive/2026-04-17.html,0,,,0,https://takshashila.org.in/content/trackers/westasianwar/bulletins/archive/2026-04-17.html,"[""sitemap"", ""known_state"", ""links""]",True,True,1,0,,,,,2026-09-23T17:37:57Z,39,2026-09-23T06:15:19.941Z
https://takshashila.org.in/content/trackers/westasianwar/bulletins/archive/2026-05-01.html,page,tracker,304,not_modified,https://takshashila.org.in/content/trackers/westasianwar/bulletins/archive/2026-05-01.html,0,,,0,https://takshashila.org.in/content/trackers/westasianwar/bulletins/archive/2026-05-01.html,"[""sitemap"", ""known_state"", ""links""]",True,True,1,0,,,,,2026-09-23T17:37:57Z,39,2026-09-23T06:15:19.941Z
https://takshashila.org.in/content/trackers/westasianwar/bulletins/archive/2026-05-15.html,page,tracker,304,not_modified,https://takshashila.org.in/content/trackers/westasianwar/bulletins/archive/2026-05-15.html,0,,,0,https://takshashila.org.in/content/trackers/westasianwar/bulletins/archive/2026-05-15.html,"[""sitemap"", ""known_state"", ""links""]",True,True,1,0,,,,,2026-09-23T17:37:57Z,39,2026-09-23T06:15:19.941Z
https://takshashila.org.in/content/trackers/westasianwar/bulletins/archive/2026-05-29.html,page,tracker,304,not_modified,https://takshashila.org.in/content/trackers/westasianwar/bulletins/archive/2026-05-29.html,0,,,0,https://takshashila.org.in/content/trackers/westasianwar/bulletins/archive/2026-05-29.html,"[""sitemap"", ""known_state"", ""links""]",True,True,1,0,,,,,2026-09-23T17:37:58Z,39,2026-09-23T06:15:19.941Z
https://takshashila.org.in/content/trackers/westasianwar/bulletins/archive/2026-06-12.html,page,tracker,304,not_modified,https://takshashila.org.in/content/trackers/westasianwar/bulletins/archive/2026-06-12.html,0,,,0,https://takshashila.org.in/content/trackers/westasianwar/bulletins/archive/2026-06-12.html,"[""sitemap"", ""known_state"", ""links""]",True,True,1,0,,,,,2026-09-23T17:37:58Z,39,2026-09-23T06:15:19.941Z
https://takshashila.org.in/content/trackers/westasianwar/bulletins/archive/2026-07-03.html,page,tracker,304,not_modified,https://takshashila.org.in/content/trackers/westasianwar/bulletins/archive/2026-07-03.html,0,,,0,https://takshashila.org.in/content/trackers/westasianwar/bulletins/archive/2026-07-03.html,"[""sitemap"", ""known_state"", ""links""]",True,True,1,0,,,,,2026-09-23T17:37:58Z,39,2026-09-23T06:15:19.941Z
https://takshashila.org.in/content/trackers/westasianwar/bulletins/archive/2026-07-17.html,page,tracker,304,not_modified,https://takshashila.org.in/content/trackers/westasianwar/bulletins/archive/2026-07-17.html,0,,,0,https://takshashila.org.in/content/trackers/westasianwar/bulletins/archive/2026-07-17.html,"[""sitemap"", ""known_state"", ""links""]",True,True,1,0,,,,,2026-09-23T17:37:58Z,39,2026-09-23T06:15:19.941Z
https://takshashila.org.in/pages/ai-policy-v1.html,page,research_area,304,not_modified,https://takshashila.org.in/pages/ai-policy-v1.html,0,,,0,https://takshashila.org.in/pages/ai-policy.html,"[""sitemap"", ""known_state"", ""links""]",True,True,2,0,,,,,2026-09-23T17:37:59Z,38,2026-07-06T06:15:08.910Z
https://takshashila.org.in/pages/ai/,page,research_area,304,not_modified,https://takshashila.org.in/pages/ai/,0,,,0,https://takshashila.org.in/,"[""sitemap"", ""known_state"", ""links""]",True,True,200,0,,,,,2026-09-23T17:37:59Z,47,2026-08-21T13:15:09.551Z
https://takshashila.org.in/pages/careers.html,page,career,304,not_modified,https://takshashila.org.in/pages/careers.html,0,,,0,https://takshashila.org.in/,"[""sitemap"", ""known_state"", ""links""]",True,True,200,0,,,,,2026-09-23T17:38:00Z,40,2026-07-22T00:30:10.715Z
https://takshashila.org.in/pages/donors.html,page,about,304,not_modified,https://takshashila.org.in/pages/donors.html,0,,,0,https://takshashila.org.in/pages/mission.html,"[""sitemap"", ""known_state"", ""links""]",True,True,2,0,,,,,2026-09-23T17:37:59Z,38,2026-08-25T05:15:09.111Z
https://takshashila.org.in/pages/extraversity.html,page,about,304,not_modified,https://takshashila.org.in/pages/extraversity.html,0,,,0,https://takshashila.org.in/pages/extraversity.html,"[""sitemap"", ""known_state"", ""links""]",True,True,1,0,,,,,2026-09-23T17:38:00Z,38,2026-04-20T17:08:36.243Z
https://takshashila.org.in/pages/fellowships/nasx/,page,programme,304,not_modified,https://takshashila.org.in/pages/fellowships/nasx/,0,,,0,https://takshashila.org.in/,"[""sitemap"", ""known_state"", ""links""]",True,True,200,0,,,,,2026-09-23T17:38:00Z,37,2026-07-31T21:30:03.347Z
https://takshashila.org.in/pages/fellowships/nasx/nasp.html,page,programme,304,not_modified,https://takshashila.org.in/pages/fellowships/nasx/nasp.html,0,,,0,https://takshashila.org.in/,"[""sitemap"", ""known_state"", ""links""]",True,True,200,0,,,,,2026-09-23T17:38:00Z,42,2026-08-11T21:30:03.085Z
https://takshashila.org.in/pages/heritage.html,page,about,304,not_modified,https://takshashila.org.in/pages/heritage.html,0,,,0,https://takshashila.org.in/pages/mission.html,"[""sitemap"", ""known_state"", ""links""]",True,True,2,0,,,,,2026-09-23T17:38:01Z,38,2026-04-20T17:08:36.243Z
https://takshashila.org.in/pages/milestones.html,page,about,304,not_modified,https://takshashila.org.in/pages/milestones.html,0,,,0,https://takshashila.org.in/,"[""sitemap"", ""known_state"", ""links""]",True,True,200,0,,,,,2026-09-23T17:38:01Z,38,2026-04-20T17:08:36.263Z
https://takshashila.org.in/pages/ombudsman.html,page,about,304,not_modified,https://takshashila.org.in/pages/ombudsman.html,0,,,0,https://takshashila.org.in/,"[""sitemap"", ""known_state"", ""links""]",True,True,200,0,,,,,2026-09-23T17:38:01Z,37,2026-07-06T06:15:08.910Z
https://takshashila.org.in/pages/policy-school/ecc-american-system.html,page,course,304,not_modified,https://takshashila.org.in/pages/policy-school/ecc-american-system.html,0,,,0,https://takshashila.org.in/pages/policy-school/,"[""sitemap"", ""known_state"", ""links""]",True,True,3,0,,,,,2026-09-23T17:38:02Z,44,2026-09-15T07:15:17.802Z
https://takshashila.org.in/pages/policy-school/ecc-chinas-defence-in-the-new-era.html,page,course,304,not_modified,https://takshashila.org.in/pages/policy-school/ecc-chinas-defence-in-the-new-era.html,0,,,0,https://takshashila.org.in/pages/policy-school/,"[""sitemap"", ""known_state"", ""links""]",True,True,4,0,,,,,2026-09-23T17:38:02Z,41,2026-07-07T09:15:09.816Z
https://takshashila.org.in/pages/policy-school/ecc-geospatial.html,page,course,304,not_modified,https://takshashila.org.in/pages/policy-school/ecc-geospatial.html,0,,,0,https://takshashila.org.in/pages/research-areas/geospatial-research.html,"[""sitemap"", ""known_state"", ""links""]",True,True,3,0,,,,,2026-09-23T17:38:02Z,43,2026-07-07T09:15:09.817Z
https://takshashila.org.in/pages/policy-school/executive-programmes.html,page,course,304,not_modified,https://takshashila.org.in/pages/policy-school/executive-programmes.html,0,,,0,https://takshashila.org.in/pages/policy-school/,"[""sitemap"", ""known_state"", ""links""]",True,True,2,0,,,,,2026-09-23T17:38:02Z,38,2026-09-06T21:30:03.420Z
https://takshashila.org.in/pages/policy-school/gcpp-advanced-public-policy.html,page,course,304,not_modified,https://takshashila.org.in/pages/policy-school/gcpp-advanced-public-policy.html,0,,,0,https://takshashila.org.in/pages/policy-school/gcpp-advanced-public-policy.html,"[""sitemap"", ""known_state"", ""links""]",True,True,3,0,,,,,2026-09-23T17:38:02Z,47,2026-09-17T05:30:10.212Z
https://takshashila.org.in/pages/policy-school/gcpp-faq.html,page,course,304,not_modified,https://takshashila.org.in/pages/policy-school/gcpp-faq.html,0,,,0,https://takshashila.org.in/pages/policy-school/gcpp-technology-policy.html,"[""sitemap"", ""known_state"", ""links""]",True,True,4,0,,,,,2026-09-23T17:38:03Z,38,2026-07-07T09:15:09.818Z
https://takshashila.org.in/pages/policy-school/gcpp.html,page,course,304,not_modified,https://takshashila.org.in/pages/policy-school/gcpp.html,0,,,0,https://takshashila.org.in/,"[""sitemap"", ""known_state"", ""links""]",True,True,200,0,,,,,2026-09-23T17:38:03Z,40,2026-09-09T06:15:11.911Z
https://takshashila.org.in/pages/policy-school/opentakshashila-sport.html,page,course,304,not_modified,https://takshashila.org.in/pages/policy-school/opentakshashila-sport.html,0,,,0,https://takshashila.org.in/pages/policy-school/opentakshashila-sport.html,"[""sitemap"", ""known_state"", ""links""]",True,True,2,0,,,,,2026-09-23T17:38:03Z,38,2026-08-15T03:30:18.044Z
https://takshashila.org.in/pages/policy-school/opentakshashila.html,page,course,304,not_modified,https://takshashila.org.in/pages/policy-school/opentakshashila.html,0,,,0,https://takshashila.org.in/,"[""sitemap"", ""known_state"", ""links""]",True,True,200,0,,,,,2026-09-23T17:38:04Z,39,2026-08-11T12:15:09.543Z
https://takshashila.org.in/pages/policy-school/pgp-cohorts/class-of-2024-25.html,page,course,304,not_modified,https://takshashila.org.in/pages/policy-school/pgp-cohorts/class-of-2024-25.html,0,,,0,https://takshashila.org.in/pages/policy-school/pgp.html,"[""sitemap"", ""known_state"", ""links""]",True,True,2,0,,,,,2026-09-23T17:38:04Z,38,2026-05-20T09:15:09.148Z
https://takshashila.org.in/pages/policy-school/pgp-faq.html,page,course,304,not_modified,https://takshashila.org.in/pages/policy-school/pgp-faq.html,0,,,0,https://takshashila.org.in/pages/policy-school/pgp.html,"[""sitemap"", ""known_state"", ""links""]",True,True,2,0,,,,,2026-09-23T17:38:04Z,38,2026-07-07T09:15:09.820Z
https://takshashila.org.in/pages/privacy.html,page,about,304,not_modified,https://takshashila.org.in/pages/privacy.html,0,,,0,https://takshashila.org.in/,"[""sitemap"", ""known_state"", ""links""]",True,True,200,0,,,,,2026-09-23T17:38:04Z,37,2026-07-06T06:15:08.911Z
https://takshashila.org.in/pages/research-areas/advanced-biology-program.html,page,research_area,304,not_modified,https://takshashila.org.in/pages/research-areas/advanced-biology-program.html,0,,,0,https://takshashila.org.in/,"[""sitemap"", ""known_state"", ""links""]",True,True,200,0,,,,,2026-09-23T17:38:05Z,61,2026-07-06T23:18:23.210Z
https://takshashila.org.in/pages/research-areas/economic-policy.html,page,research_area,304,not_modified,https://takshashila.org.in/pages/research-areas/economic-policy.html,0,,,0,https://takshashila.org.in/,"[""sitemap"", ""known_state"", ""links""]",True,True,200,0,,,,,2026-09-23T17:38:05Z,65,2026-08-19T07:15:09.819Z
https://takshashila.org.in/pages/research-areas/focus-areas/artificial-intelligence.html,page,research_area,304,not_modified,https://takshashila.org.in/pages/research-areas/focus-areas/artificial-intelligence.html,0,,,0,https://takshashila.org.in/pages/research-areas/focus-areas/artificial-intelligence.html,"[""sitemap"", ""known_state"", ""links""]",True,True,2,0,,,,,2026-09-23T17:38:05Z,63,2026-07-29T09:15:09.833Z
https://takshashila.org.in/pages/research-areas/focus-areas/quad-hub.html,page,research_area,304,not_modified,https://takshashila.org.in/pages/research-areas/focus-areas/quad-hub.html,0,,,0,https://takshashila.org.in/pages/research-areas/focus-areas/quad-hub.html,"[""sitemap"", ""known_state"", ""links""]",True,True,2,0,,,,,2026-09-23T17:38:05Z,50,2026-04-20T17:08:36.280Z
https://takshashila.org.in/pages/research-areas/focus-areas/space-power.html,page,research_area,304,not_modified,https://takshashila.org.in/pages/research-areas/focus-areas/space-power.html,0,,,0,https://takshashila.org.in/pages/research-areas/advanced-military-technology.html,"[""sitemap"", ""known_state"", ""links""]",True,True,2,0,,,,,2026-09-23T17:38:05Z,65,2026-05-27T13:15:09.362Z
https://takshashila.org.in/pages/research-areas/high-technology-geopolitics-program.html,page,research_area,304,not_modified,https://takshashila.org.in/pages/research-areas/high-technology-geopolitics-program.html,0,,,0,https://takshashila.org.in/,"[""sitemap"", ""known_state"", ""links""]",True,True,200,0,,,,,2026-09-23T17:38:06Z,85,2026-08-14T05:43:29.829Z
https://takshashila.org.in/pages/research-areas/indo-pacific-studies.html,page,research_area,304,not_modified,https://takshashila.org.in/pages/research-areas/indo-pacific-studies.html,0,,,0,https://takshashila.org.in/,"[""sitemap"", ""known_state"", ""links""]",True,True,200,0,,,,,2026-09-23T17:38:07Z,66,2026-07-06T23:18:23.211Z
https://takshashila.org.in/pages/takshashila-library.html,page,about,304,not_modified,https://takshashila.org.in/pages/takshashila-library.html,0,,,0,https://takshashila.org.in/,"[""sitemap"", ""known_state"", ""links""]",True,True,200,0,,,,,2026-09-23T17:38:06Z,37,2026-04-20T17:08:36.299Z
https://takshashila.org.in/pages/terms.html,page,about,304,not_modified,https://takshashila.org.in/pages/terms.html,0,,,0,https://takshashila.org.in/,"[""sitemap"", ""known_state"", ""links""]",True,True,200,0,,,,,2026-09-23T17:38:06Z,37,2026-07-06T11:15:09.171Z
https://takshashila.org.in/pages/trackers/westasianwar/,page,tracker,304,not_modified,https://takshashila.org.in/pages/trackers/westasianwar/,0,,,0,https://takshashila.org.in/pages/trackers/,"[""sitemap"", ""known_state"", ""links""]",True,True,3,0,,,,,2026-09-23T17:38:07Z,61,2026-04-23T08:03:58.536Z
https://takshashila.org.in/pages/trackers/westasianwar/tracker-admin.html,page,tracker,304,not_modified,https://takshashila.org.in/pages/trackers/westasianwar/tracker-admin.html,0,,,0,https://takshashila.org.in/pages/trackers/westasianwar/tracker-admin.html,"[""sitemap"", ""known_state"", ""links""]",True,True,1,0,,,,,2026-09-23T17:38:07Z,38,2026-04-22T05:08:15.290Z
https://takshashila.org.in/pages/news/www.moneycontrol.com/news/opinion/china-s-laissez-faire-approach-to-cutting-edge-medical-technology-has-set-the-cat-among-the-pigeons-14021687.html,page,press,404,gone,https://takshashila.org.in/pages/news/www.moneycontrol.com/news/opinion/china-s-laissez-faire-approach-to-cutting-edge-medical-technology-has-set-the-cat-among-the-pigeons-14021687.html,0,http,HTTP 404,0,https://takshashila.org.in/pages/news/,"[""known_state"", ""links""]",False,True,1,0,,,,,2026-09-23T17:38:07Z,0,
https://takshashila.org.in/content/publications/assets/India-Mythos-Policy-Brief-22052026.pdf,pdf,pdf,304,not_modified,https://takshashila.org.in/content/publications/assets/India-Mythos-Policy-Brief-22052026.pdf,0,,,0,https://takshashila.org.in/content/publications/India-Mythos-Policy-Brief-22052026.html,"[""known_state"", ""links""]",False,True,1,,,,,,2026-09-23T17:39:03Z,0,
https://takshashila.org.in/content/publications/assets/20260608-journey-of-japans-defence.pdf,pdf,pdf,304,not_modified,https://takshashila.org.in/content/publications/assets/20260608-journey-of-japans-defence.pdf,0,,,0,https://takshashila.org.in/content/publications/20260608-journey-of-japans-defence.html,"[""known_state"", ""links""]",False,True,1,,,,,,2026-09-23T17:39:03Z,0,
https://takshashila.org.in/content/publications/assets/HormuzChallenges-14052026.pdf,pdf,pdf,304,not_modified,https://takshashila.org.in/content/publications/assets/HormuzChallenges-14052026.pdf,0,,,0,https://takshashila.org.in/content/publications/HormuzChallenges-14052026.html,"[""known_state"", ""links""]",False,True,1,,,,,,2026-09-23T17:39:03Z,0,
https://takshashila.org.in/content/publications/assets/Congress-Iran-War-20052026.pdf,pdf,pdf,304,not_modified,https://takshashila.org.in/content/publications/assets/Congress-Iran-War-20052026.pdf,0,,,0,https://takshashila.org.in/content/publications/Congress-Iran-War-20052026.html,"[""known_state"", ""links""]",False,True,1,,,,,,2026-09-23T17:39:04Z,0,
https://takshashila.org.in/content/publications/assets/Indias-Response-War-150526.pdf,pdf,pdf,304,not_modified,https://takshashila.org.in/content/publications/assets/Indias-Response-War-150526.pdf,0,,,0,https://takshashila.org.in/content/publications/Indias-Response-War-150526.html,"[""known_state"", ""links""]",False,True,1,,,,,,2026-09-23T17:39:04Z,0,
https://takshashila.org.in/content/publications/assets/Taxing-Mobile-Capital-20260515.pdf,pdf,pdf,304,not_modified,https://takshashila.org.in/content/publications/assets/Taxing-Mobile-Capital-20260515.pdf,0,,,0,https://takshashila.org.in/content/publications/Taxing-Mobile-Capital-20260515.html,"[""known_state"", ""links""]",False,True,1,,,,,,2026-09-23T17:39:04Z,0,
https://takshashila.org.in/content/publications/assets/US-Trade-Deals-13052026.pdf,pdf,pdf,304,not_modified,https://takshashila.org.in/content/publications/assets/US-Trade-Deals-13052026.pdf,0,,,0,https://takshashila.org.in/content/publications/US-Trade-Deals-13052026.html,"[""known_state"", ""links""]",False,True,1,,,,,,2026-09-23T17:39:05Z,0,
https://takshashila.org.in/content/publications/assets/20260429-Nvidia-and-China-India.pdf,pdf,pdf,304,not_modified,https://takshashila.org.in/content/publications/assets/20260429-Nvidia-and-China-India.pdf,0,,,0,https://takshashila.org.in/content/publications/20260429-Nvidia-and-China-India.html,"[""known_state"", ""links""]",False,True,1,,,,,,2026-09-23T17:39:05Z,0,
https://takshashila.org.in/content/publications/assets/20260423-West-Asian-War-Impact-On-Artificial-Intelligence.pdf,pdf,pdf,304,not_modified,https://takshashila.org.in/content/publications/assets/20260423-West-Asian-War-Impact-On-Artificial-Intelligence.pdf,0,,,0,https://takshashila.org.in/content/publications/20260423-West-Asian-War-Impact-On-Artificial-Intelligence.html,"[""known_state"", ""links""]",False,True,1,,,,,,2026-09-23T17:39:05Z,0,
https://takshashila.org.in/content/publications/assets/20260420-from-gigawatts-to-megawatts.pdf,pdf,pdf,304,not_modified,https://takshashila.org.in/content/publications/assets/20260420-from-gigawatts-to-megawatts.pdf,0,,,0,https://takshashila.org.in/content/publications/20260420-from-gigawatts-to-megawatts.html,"[""known_state"", ""links""]",False,True,1,,,,,,2026-09-23T17:39:05Z,0,
https://takshashila.org.in/content/publications/assets/Shahed-Iran-Drone-Strategy-14042026.pdf,pdf,pdf,304,not_modified,https://takshashila.org.in/content/publications/assets/Shahed-Iran-Drone-Strategy-14042026.pdf,0,,,0,https://takshashila.org.in/content/publications/Shahed-Iran-Drone-Strategy-14042026.html,"[""known_state"", ""links""]",False,True,1,,,,,,2026-09-23T17:39:05Z,0,
https://takshashila.org.in/content/publications/assets/20260412-Starlink-and-Risks-for-India.pdf,pdf,pdf,304,not_modified,https://takshashila.org.in/content/publications/assets/20260412-Starlink-and-Risks-for-India.pdf,0,,,0,https://takshashila.org.in/content/publications/20260412-Starlink-and-Risks-For-India.html,"[""known_state"", ""links""]",False,True,1,,,,,,2026-09-23T17:39:06Z,0,
https://takshashila.org.in/content/publications/assets/Human-Spaceflight-Indian-Goals-And-Global-Ambitions.pdf,pdf,pdf,304,not_modified,https://takshashila.org.in/content/publications/assets/Human-Spaceflight-Indian-Goals-And-Global-Ambitions.pdf,0,,,0,https://takshashila.org.in/content/publications/20231121-Human-Spaceflight-Indian-Goals-And-Global-Ambitions.html,"[""known_state"", ""links""]",False,True,2,,,,,,2026-09-23T17:39:06Z,0,
https://takshashila.org.in/content/publications/assets/20260401-India-seaweed-opportunity.pdf,pdf,pdf,304,not_modified,https://takshashila.org.in/content/publications/assets/20260401-India-seaweed-opportunity.pdf,0,,,0,https://takshashila.org.in/content/publications/20260401-India-seaweed-opportunity.html,"[""known_state"", ""links""]",False,True,1,,,,,,2026-09-23T17:39:06Z,0,
https://takshashila.org.in/content/publications/assets/20260402-Fertilizer-Geopolitics.pdf,pdf,pdf,304,not_modified,https://takshashila.org.in/content/publications/assets/20260402-Fertilizer-Geopolitics.pdf,0,,,0,https://takshashila.org.in/content/publications/20260402-Fertilizer-Geopolitics.html,"[""known_state"", ""links""]",False,True,1,,,,,,2026-09-23T17:39:07Z,0,
https://takshashila.org.in/content/publications/assets/20260322-Beyond-Dollar.pdf,pdf,pdf,304,not_modified,https://takshashila.org.in/content/publications/assets/20260322-Beyond-Dollar.pdf,0,,,0,https://takshashila.org.in/content/publications/20260322-Beyond-Dollar.html,"[""known_state"", ""links""]",False,True,1,,,,,,2026-09-23T17:39:07Z,0,
https://takshashila.org.in/content/publications/assets/20260318-Policy-Responses-to-India-LPG-Supply-Crisis.pdf,pdf,pdf,304,not_modified,https://takshashila.org.in/content/publications/assets/20260318-Policy-Responses-to-India-LPG-Supply-Crisis.pdf,0,,,0,https://takshashila.org.in/content/publications/20260318-Policy-Responses-to-India-LPG-Supply-Crisis.html,"[""known_state"", ""links""]",False,True,1,,,,,,2026-09-23T17:39:07Z,0,
https://takshashila.org.in/content/publications/assets/EU-Rearm-India-09032026.pdf,pdf,pdf,304,not_modified,https://takshashila.org.in/content/publications/assets/EU-Rearm-India-09032026.pdf,0,,,0,https://takshashila.org.in/content/publications/EU-Rearm-India-09032026.html,"[""known_state"", ""links""]",False,True,1,,,,,,2026-09-23T17:39:07Z,0,
https://takshashila.org.in/content/publications/assets/20260125-Sectoral-Plurilateral-Blocs.pdf,pdf,pdf,304,not_modified,https://takshashila.org.in/content/publications/assets/20260125-Sectoral-Plurilateral-Blocs.pdf,0,,,0,https://takshashila.org.in/content/publications/20260125-Sectoral-Plurilateral-Blocs.html,"[""known_state"", ""links""]",False,True,1,,,,,,2026-09-23T17:39:07Z,0,
https://takshashila.org.in/content/publications/assets/20260218-technology-denial-regimes.pdf,pdf,pdf,304,not_modified,https://takshashila.org.in/content/publications/assets/20260218-technology-denial-regimes.pdf,0,,,0,https://takshashila.org.in/content/publications/20260218-Technology-Denial-Regimes.html,"[""known_state"", ""links""]",False,True,1,,,,,,2026-09-23T17:39:08Z,0,
https://takshashila.org.in/content/publications/assets/20260327-Turbulence-Ahead-Indian-Airline-Industry.pdf,pdf,pdf,304,not_modified,https://takshashila.org.in/content/publications/assets/20260327-Turbulence-Ahead-Indian-Airline-Industry.pdf,0,,,0,https://takshashila.org.in/content/publications/20260327-Turbulence-Ahead-Indian-Airline-Industry.html,"[""known_state"", ""links""]",False,True,1,,,,,,2026-09-23T17:39:08Z,0,
https://takshashila.org.in/content/publications/assets/20260116-Shanti-Act-Advances-Reform-Streamlines-and-Dilutes-Liability.pdf,pdf,pdf,304,not_modified,https://takshashila.org.in/content/publications/assets/20260116-Shanti-Act-Advances-Reform-Streamlines-and-Dilutes-Liability.pdf,0,,,0,https://takshashila.org.in/content/publications/20260116-Shanti-Act-Advances-Reform-Streamlines-and-Dilutes-Liability.html,"[""known_state"", ""links""]",False,True,1,,,,,,2026-09-23T17:39:08Z,0,
https://takshashila.org.in/content/publications/assets/20260217-state-of-ai-governance-2025.pdf,pdf,pdf,304,not_modified,https://takshashila.org.in/content/publications/assets/20260217-state-of-ai-governance-2025.pdf,0,,,0,https://takshashila.org.in/content/publications/20260217-state-of-ai-governance-2025.html,"[""known_state"", ""links""]",False,True,1,,,,,,2026-09-23T17:39:08Z,0,
https://takshashila.org.in/content/publications/assets/20260330-GAGE.pdf,pdf,pdf,304,not_modified,https://takshashila.org.in/content/publications/assets/20260330-GAGE.pdf,0,,,0,https://takshashila.org.in/content/publications/China-Ga-Ge-Export-Restrictions-29032026.html,"[""known_state"", ""links""]",False,True,1,,,,,,2026-09-23T17:39:09Z,0,
https://takshashila.org.in/content/publications/assets/20260120-India-Should-Double-Down-On-Rare-Earth-Recycling.pdf,pdf,pdf,304,not_modified,https://takshashila.org.in/content/publications/assets/20260120-India-Should-Double-Down-On-Rare-Earth-Recycling.pdf,0,,,0,https://takshashila.org.in/content/publications/20260123-India-Should-Double-Down-On-Rare-Earth-Recycling.html,"[""known_state"", ""links""]",False,True,1,,,,,,2026-09-23T17:39:09Z,0,
https://takshashila.org.in/content/publications/assets/20260206-generative-ai-and-copyright-consultation.pdf,pdf,pdf,304,not_modified,https://takshashila.org.in/content/publications/assets/20260206-generative-ai-and-copyright-consultation.pdf,0,,,0,https://takshashila.org.in/content/publications/20260206-generative-ai-and-copyright-consultation.html,"[""known_state"", ""links""]",False,True,1,,,,,,2026-09-23T17:39:10Z,0,
https://takshashila.org.in/content/publications/assets/20260318-LPG-Geopolitics.pdf,pdf,pdf,304,not_modified,https://takshashila.org.in/content/publications/assets/20260318-LPG-Geopolitics.pdf,0,,,0,https://takshashila.org.in/content/publications/20260318-LPG-Geopolitics.html,"[""known_state"", ""links""]",False,True,1,,,,,,2026-09-23T17:39:10Z,0,
https://takshashila.org.in/content/publications/assets/20260108-China-Pakistan-Military-Interoperability.pdf,pdf,pdf,304,not_modified,https://takshashila.org.in/content/publications/assets/20260108-China-Pakistan-Military-Interoperability.pdf,0,,,0,https://takshashila.org.in/content/publications/20260108-China-Pakistan-Military-Interoperability.html,"[""known_state"", ""links""]",False,True,1,,,,,,2026-09-23T17:39:10Z,0,
https://takshashila.org.in/content/publications/assets/20251223-China-Views-K-Visa.pdf,pdf,pdf,304,not_modified,https://takshashila.org.in/content/publications/assets/20251223-China-Views-K-Visa.pdf,0,,,0,https://takshashila.org.in/content/publications/20251223-China-Views-K-Visa.html,"[""known_state"", ""links""]",False,True,1,,,,,,2026-09-23T17:39:10Z,0,
https://takshashila.org.in/content/publications/assets/20260209-USC-ON-India.pdf,pdf,pdf,304,not_modified,https://takshashila.org.in/content/publications/assets/20260209-USC-ON-India.pdf,0,,,0,https://takshashila.org.in/content/publications/20260209-USC-on-India.html,"[""known_state"", ""links""]",False,True,1,,,,,,2026-09-23T17:39:10Z,0,
https://takshashila.org.in/content/publications/assets/20251219-Taiwan-Workshop-Report.pdf,pdf,pdf,304,not_modified,https://takshashila.org.in/content/publications/assets/20251219-Taiwan-Workshop-Report.pdf,0,,,0,https://takshashila.org.in/content/publications/20251219-Taiwan-Workshop-Report.html,"[""known_state"", ""links""]",False,True,1,,,,,,2026-09-23T17:39:11Z,0,
https://takshashila.org.in/content/publications/assets/20251216-Bio-Plastics-Biomanufacturing-Opportunity-for-India.pdf,pdf,pdf,304,not_modified,https://takshashila.org.in/content/publications/assets/20251216-Bio-Plastics-Biomanufacturing-Opportunity-for-India.pdf,0,,,0,https://takshashila.org.in/content/publications/20251216-Bio-Plastics-Biomanufacturing-Opportunity-for-India.html,"[""known_state"", ""links""]",False,True,1,,,,,,2026-09-23T17:39:11Z,0,
https://takshashila.org.in/content/publications/assets/LEPF-Policy-Brief-AI-Assisted-FIR-Registration.pdf,pdf,pdf,304,not_modified,https://takshashila.org.in/content/publications/assets/LEPF-Policy-Brief-AI-Assisted-FIR-Registration.pdf,0,,,0,https://takshashila.org.in/content/publications/20251103-LEPF-Policy-Brief-AI-Assisted-FIR-Registration.html,"[""known_state"", ""links""]",False,True,1,,,,,,2026-09-23T17:39:11Z,0,
https://takshashila.org.in/content/publications/assets/20251219-Orbital-Entrenchment.pdf,pdf,pdf,304,not_modified,https://takshashila.org.in/content/publications/assets/20251219-Orbital-Entrenchment.pdf,0,,,0,https://takshashila.org.in/content/publications/20251219-Orbital-Entrenchment.html,"[""known_state"", ""links""]",False,True,1,,,,,,2026-09-23T17:39:11Z,0,
https://takshashila.org.in/content/publications/assets/20251030-china-new-military-forces.pdf,pdf,pdf,304,not_modified,https://takshashila.org.in/content/publications/assets/20251030-china-new-military-forces.pdf,0,,,0,https://takshashila.org.in/content/publications/20251028-china-new-military-forces.html,"[""known_state"", ""links""]",False,True,1,,,,,,2026-09-23T17:39:11Z,0,
https://takshashila.org.in/content/publications/assets/20251029-Building-Indias-Data-Centres.pdf,pdf,pdf,304,not_modified,https://takshashila.org.in/content/publications/assets/20251029-Building-Indias-Data-Centres.pdf,0,,,0,https://takshashila.org.in/content/publications/20251029-Building-Indias-Data-Centres.html,"[""known_state"", ""links""]",False,True,1,,,,,,2026-09-23T17:39:12Z,0,
https://takshashila.org.in/content/publications/assets/20251024-State-of-Indian-geospatial-portals.pdf,pdf,pdf,304,not_modified,https://takshashila.org.in/content/publications/assets/20251024-State-of-Indian-geospatial-portals.pdf,0,,,0,https://takshashila.org.in/content/publications/20251024-State-of-Indian-geospatial-portals.html,"[""known_state"", ""links""]",False,True,1,,,,,,2026-09-23T17:39:12Z,0,
https://takshashila.org.in/content/publications/assets/satellite-internet-explained.pdf,pdf,pdf,304,not_modified,https://takshashila.org.in/content/publications/assets/satellite-internet-explained.pdf,0,,,0,https://takshashila.org.in/content/publications/20250410-satellite-internet-explained.html,"[""known_state"", ""links""]",False,True,2,,,,,,2026-09-23T17:39:12Z,0,
https://takshashila.org.in/content/publications/assets/AI-Based-Facial-Recognition-Technology.pdf,pdf,pdf,304,not_modified,https://takshashila.org.in/content/publications/assets/AI-Based-Facial-Recognition-Technology.pdf,0,,,0,https://takshashila.org.in/content/publications/20251017-LEPF-Policy-Brief-AI-Based-Facial-Recognition-Technology-in-Operational-Policing.html,"[""known_state"", ""links""]",False,True,1,,,,,,2026-09-23T17:39:12Z,0,
https://takshashila.org.in/content/publications/assets/De-Dollarisation+Trends+Discussion+Document.pdf,pdf,pdf,304,not_modified,https://takshashila.org.in/content/publications/assets/De-Dollarisation+Trends+Discussion+Document.pdf,0,,,0,https://takshashila.org.in/content/publications/20240716-De-Dollarisation-Trends-Discussion-Document.html,"[""known_state"", ""links""]",False,True,2,,,,,,2026-09-23T17:39:12Z,0,
https://takshashila.org.in/content/publications/assets/Pak-Crypto-Implications.pdf,pdf,pdf,304,not_modified,https://takshashila.org.in/content/publications/assets/Pak-Crypto-Implications.pdf,0,,,0,https://takshashila.org.in/content/publications/20251015-Pak-Crypto-Implications.html,"[""known_state"", ""links""]",False,True,1,,,,,,2026-09-23T17:39:13Z,0,
https://takshashila.org.in/content/publications/assets/Geopolitics-of-Bengalurus-Yellow-Metro-Line.pdf,pdf,pdf,304,not_modified,https://takshashila.org.in/content/publications/assets/Geopolitics-of-Bengalurus-Yellow-Metro-Line.pdf,0,,,0,https://takshashila.org.in/content/publications/20250909-Geopolitics-of-Bengalurus-Yellow-Metro-Line.html,"[""known_state"", ""links""]",False,True,1,,,,,,2026-09-23T17:39:13Z,0,
https://takshashila.org.in/content/publications/assets/20250731-Recommended-DIGIPIN.pdf,pdf,pdf,304,not_modified,https://takshashila.org.in/content/publications/assets/20250731-Recommended-DIGIPIN.pdf,0,,,0,https://takshashila.org.in/content/publications/20250731-Recommended-DIGIPIN.html,"[""known_state"", ""links""]",False,True,1,,,,,,2026-09-23T17:39:13Z,0,
https://takshashila.org.in/content/publications/assets/India-Must-Look-Beyond-Main-Battle-Tanks.pdf,pdf,pdf,304,not_modified,https://takshashila.org.in/content/publications/assets/India-Must-Look-Beyond-Main-Battle-Tanks.pdf,0,,,0,https://takshashila.org.in/content/publications/20251013_Main_Battle_Tanks.html,"[""known_state"", ""links""]",False,True,1,,,,,,2026-09-23T17:39:14Z,0,
https://takshashila.org.in/content/publications/assets/20251014-Deciphering-the-Grey-Zone.pdf,pdf,pdf,304,not_modified,https://takshashila.org.in/content/publications/assets/20251014-Deciphering-the-Grey-Zone.pdf,0,,,0,https://takshashila.org.in/content/publications/20251014-Deciphering-the-Grey-Zone.html,"[""known_state"", ""links""]",False,True,1,,,,,,2026-09-23T17:39:14Z,0,
https://takshashila.org.in/content/publications/assets/A-Primer-On-Nuclear-Fusion.pdf,pdf,pdf,304,not_modified,https://takshashila.org.in/content/publications/assets/A-Primer-On-Nuclear-Fusion.pdf,0,,,0,https://takshashila.org.in/content/publications/20250819-A-Primer-On-Nuclear-Fusion.html,"[""known_state"", ""links""]",False,True,1,,,,,,2026-09-23T17:39:14Z,0,
https://takshashila.org.in/content/publications/assets/a-framework-to-assess-indias-economic-diplomacy.pdf,pdf,pdf,304,not_modified,https://takshashila.org.in/content/publications/assets/a-framework-to-assess-indias-economic-diplomacy.pdf,0,,,0,https://takshashila.org.in/content/publications/20250728-a-framework-to-assess-indias-economic-diplomacy.html,"[""known_state"", ""links""]",False,True,1,,,,,,2026-09-23T17:39:15Z,0,
https://takshashila.org.in/content/publications/assets/India's-Agricultural+Trade-Policies-and-Prospects.pdf,pdf,pdf,304,not_modified,https://takshashila.org.in/content/publications/assets/India's-Agricultural+Trade-Policies-and-Prospects.pdf,0,,,0,https://takshashila.org.in/content/publications/20250826-India's-Agricultural+Trade-Policies-and-Prospects.html,"[""known_state"", ""links""]",False,True,1,,,,,,2026-09-23T17:39:15Z,0,
https://takshashila.org.in/content/publications/assets/20MJ-FASTERs-Sep25-Discussion+Document.pdf,pdf,pdf,304,not_modified,https://takshashila.org.in/content/publications/assets/20MJ-FASTERs-Sep25-Discussion+Document.pdf,0,,,0,https://takshashila.org.in/content/publications/20250923-FASTER-Policy-Idea-for-job-creation.html,"[""known_state"", ""links""]",False,True,1,,,,,,2026-09-23T17:39:15Z,0,
https://takshashila.org.in/content/publications/assets/TDD-Information-warfare.pdf,pdf,pdf,304,not_modified,https://takshashila.org.in/content/publications/assets/TDD-Information-warfare.pdf,0,,,0,https://takshashila.org.in/content/publications/20250615-TDD-Information-warfare.html,"[""known_state"", ""links""]",False,True,1,,,,,,2026-09-23T17:39:15Z,0,
https://takshashila.org.in/content/publications/assets/pakistan-drone-ecosystem.pdf,pdf,pdf,304,not_modified,https://takshashila.org.in/content/publications/assets/pakistan-drone-ecosystem.pdf,0,,,0,https://takshashila.org.in/content/publications/20250626-pakistan-drone-ecosystem.html,"[""known_state"", ""links""]",False,True,1,,,,,,2026-09-23T17:39:15Z,0,
https://takshashila.org.in/content/publications/assets/Comments-On-Demand-For-Grants.pdf,pdf,pdf,304,not_modified,https://takshashila.org.in/content/publications/assets/Comments-On-Demand-For-Grants.pdf,0,,,0,https://takshashila.org.in/content/publications/20240406-Comments-On-Demand-For_Grants.html,"[""known_state"", ""links""]",False,True,1,,,,,,2026-09-23T17:39:16Z,0,
https://takshashila.org.in/content/publications/assets/decypher-journal-june-2025.pdf,pdf,pdf,304,not_modified,https://takshashila.org.in/content/publications/assets/decypher-journal-june-2025.pdf,0,,,0,https://takshashila.org.in/content/publications/20250617-Is-Space-the-Final-Frontier.html,"[""known_state"", ""links""]",False,True,1,,,,,,2026-09-23T17:39:16Z,0,
https://takshashila.org.in/content/publications/assets/TDFG-MoST-UB2025-26.pdf,pdf,pdf,304,not_modified,https://takshashila.org.in/content/publications/assets/TDFG-MoST-UB2025-26.pdf,0,,,0,https://takshashila.org.in/content/publications/20250524-DFG-MoST-UB2025-26.html,"[""known_state"", ""links""]",False,True,1,,,,,,2026-09-23T17:39:16Z,0,
https://takshashila.org.in/content/publications/assets/AI-Governance-Healthcare.pdf,pdf,pdf,304,not_modified,https://takshashila.org.in/content/publications/assets/AI-Governance-Healthcare.pdf,0,,,0,https://takshashila.org.in/content/publications/20250521-ai-governance-healthcare.html,"[""known_state"", ""links""]",False,True,1,,,,,,2026-09-23T17:39:16Z,0,
https://takshashila.org.in/content/publications/assets/20260105-China-Military-Exercises.pdf,pdf,pdf,304,not_modified,https://takshashila.org.in/content/publications/assets/20260105-China-Military-Exercises.pdf,0,,,0,https://takshashila.org.in/content/publications/20260105-China-Military-Exercises.html,"[""known_state"", ""links""]",False,True,1,,,,,,2026-09-23T17:39:17Z,0,
https://takshashila.org.in/content/publications/assets/Biotechnology-through-a-SamajSarkaarBazaar-lens.pdf,pdf,pdf,304,not_modified,https://takshashila.org.in/content/publications/assets/Biotechnology-through-a-SamajSarkaarBazaar-lens.pdf,0,,,0,https://takshashila.org.in/content/publications/20250503-Biotechnology-through-a-SamajSarkarBazaar-lens.html,"[""known_state"", ""links""]",False,True,1,,,,,,2026-09-23T17:39:17Z,0,
https://takshashila.org.in/content/publications/assets/Taming-the-Skies.pdf,pdf,pdf,304,not_modified,https://takshashila.org.in/content/publications/assets/Taming-the-Skies.pdf,0,,,0,https://takshashila.org.in/content/publications/20250612-Taming-the-Skies.html,"[""known_state"", ""links""]",False,True,1,,,,,,2026-09-23T17:39:17Z,0,
https://takshashila.org.in/content/publications/assets/chinas-local-governments.pdf,pdf,pdf,304,not_modified,https://takshashila.org.in/content/publications/assets/chinas-local-governments.pdf,0,,,0,https://takshashila.org.in/content/publications/20250514-chinas-local-governments.html,"[""known_state"", ""links""]",False,True,1,,,,,,2026-09-23T17:39:18Z,0,
https://takshashila.org.in/content/publications/assets/mediation-interference-chinese-views-india-pakistan.pdf,pdf,pdf,304,not_modified,https://takshashila.org.in/content/publications/assets/mediation-interference-chinese-views-india-pakistan.pdf,0,,,0,https://takshashila.org.in/content/publications/20250509-mediation-interference-chinese-views-india-pakistan.html,"[""known_state"", ""links""]",False,True,1,,,,,,2026-09-23T17:39:18Z,0,
https://takshashila.org.in/content/publications/assets/Revisiting-Arms-Control_Paradigms.pdf,pdf,pdf,304,not_modified,https://takshashila.org.in/content/publications/assets/Revisiting-Arms-Control_Paradigms.pdf,0,,,0,https://takshashila.org.in/content/publications/20250606-Revisiting-Arms-Control-Paradigms.html,"[""known_state"", ""links""]",False,True,1,,,,,,2026-09-23T17:39:18Z,0,
https://takshashila.org.in/content/publications/assets/20250416-state-of-ai-governance-2024.pdf,pdf,pdf,304,not_modified,https://takshashila.org.in/content/publications/assets/20250416-state-of-ai-governance-2024.pdf,0,,,0,https://takshashila.org.in/content/publications/20250416-state-of-ai-governance-2024.html,"[""known_state"", ""links""]",False,True,1,,,,,,2026-09-23T17:39:18Z,0,
https://takshashila.org.in/content/publications/assets/Narrative-Dominance-Information-Warfare-and-the-Freedom-to-Think.pdf,pdf,pdf,304,not_modified,https://takshashila.org.in/content/publications/assets/Narrative-Dominance-Information-Warfare-and-the-Freedom-to-Think.pdf,0,,,0,https://takshashila.org.in/content/publications/20240201-Narrative-Dominance-Information-Warfare-and-the-Freedom-to-Think.html,"[""known_state"", ""links""]",False,True,1,,,,,,2026-09-23T17:39:19Z,0,
https://takshashila.org.in/content/publications/assets/TDD-Securing-the-Electronic-Hardware-Supply-Chain.pdf,pdf,pdf,304,not_modified,https://takshashila.org.in/content/publications/assets/TDD-Securing-the-Electronic-Hardware-Supply-Chain.pdf,0,,,0,https://takshashila.org.in/content/publications/20250401-TDD-Securing-the-Electronic-Hardware-Supply-Chain.html,"[""known_state"", ""links""]",False,True,1,,,,,,2026-09-23T17:39:19Z,0,
https://takshashila.org.in/content/publications/assets/20250104-framework-for-governing-emerging-technologies.pdf,pdf,pdf,304,not_modified,https://takshashila.org.in/content/publications/assets/20250104-framework-for-governing-emerging-technologies.pdf,0,,,0,https://takshashila.org.in/content/publications/20250104-framework-for-governing-emerging-technologies.html,"[""known_state"", ""links""]",False,True,1,,,,,,2026-09-23T17:39:19Z,0,
https://takshashila.org.in/content/publications/assets/Unshackling-India-Cities.pdf,pdf,pdf,304,not_modified,https://takshashila.org.in/content/publications/assets/Unshackling-India-Cities.pdf,0,,,0,https://takshashila.org.in/content/publications/20250131-Unshackling-India's-Cities.html,"[""known_state"", ""links""]",False,True,1,,,,,,2026-09-23T17:39:19Z,0,
https://takshashila.org.in/content/publications/assets/Derisking-Indias-Trade-With-China.pdf,pdf,pdf,304,not_modified,https://takshashila.org.in/content/publications/assets/Derisking-Indias-Trade-With-China.pdf,0,,,0,https://takshashila.org.in/content/publications/20250101-Derisking-Indias-Trade-With-China.html,"[""known_state"", ""links""]",False,True,1,,,,,,2026-09-23T17:39:19Z,0,
https://takshashila.org.in/content/publications/assets/A-Survey-of-Military-AI-Technologies.pdf,pdf,pdf,304,not_modified,https://takshashila.org.in/content/publications/assets/A-Survey-of-Military-AI-Technologies.pdf,0,,,0,https://takshashila.org.in/content/publications/20241217-A-Survey-of-Military-AI-Technologies.html,"[""known_state"", ""links""]",False,True,1,,,,,,2026-09-23T17:39:20Z,0,
https://takshashila.org.in/content/publications/assets/Jet-Engines-and-Ecosystem-Primer.pdf,pdf,pdf,304,not_modified,https://takshashila.org.in/content/publications/assets/Jet-Engines-and-Ecosystem-Primer.pdf,0,,,0,https://takshashila.org.in/content/publications/20241218-jet-engines.html,"[""known_state"", ""links""]",False,True,1,,,,,,2026-09-23T17:39:20Z,0,
https://takshashila.org.in/content/publications/assets/20241208-india-australia-free-trade-agreement.pdf,pdf,pdf,304,not_modified,https://takshashila.org.in/content/publications/assets/20241208-india-australia-free-trade-agreement.pdf,0,,,0,https://takshashila.org.in/content/publications/20241208-india-australia-free-trade-agreement.html,"[""known_state"", ""links""]",False,True,1,,,,,,2026-09-23T17:39:20Z,0,
https://takshashila.org.in/content/publications/assets/Public-Survey-Technopolitik.pdf,pdf,pdf,304,not_modified,https://takshashila.org.in/content/publications/assets/Public-Survey-Technopolitik.pdf,0,,,0,https://takshashila.org.in/content/publications/20250426-Public-Survey-Technopolitik.html,"[""known_state"", ""links""]",False,True,1,,,,,,2026-09-23T17:39:20Z,0,
https://takshashila.org.in/content/publications/assets/20241217-assessing-nature-of-indias-critical-minerals.pdf,pdf,pdf,304,not_modified,https://takshashila.org.in/content/publications/assets/20241217-assessing-nature-of-indias-critical-minerals.pdf,0,,,0,https://takshashila.org.in/content/publications/20241217-assessing-nature-of-indias-critical-minerals.html,"[""known_state"", ""links""]",False,True,1,,,,,,2026-09-23T17:39:21Z,0,
https://takshashila.org.in/content/publications/assets/AI-Adoption.pdf,pdf,pdf,304,not_modified,https://takshashila.org.in/content/publications/assets/AI-Adoption.pdf,0,,,0,https://takshashila.org.in/content/publications/20241121-AI-Adoption.html,"[""known_state"", ""links""]",False,True,1,,,,,,2026-09-23T17:39:21Z,0,
https://takshashila.org.in/content/publications/assets/beyond-the-himalayas.pdf,pdf,pdf,304,not_modified,https://takshashila.org.in/content/publications/assets/beyond-the-himalayas.pdf,0,,,0,https://takshashila.org.in/content/publications/20250509-beyond-the-himalayas.html,"[""known_state"", ""links""]",False,True,1,,,,,,2026-09-23T17:39:21Z,0,
https://takshashila.org.in/content/publications/assets/Takshashila+Discussion+Doc+-+South+Korea+Industrial+Policy.pdf,pdf,pdf,304,not_modified,https://takshashila.org.in/content/publications/assets/Takshashila+Discussion+Doc+-+South+Korea+Industrial+Policy.pdf,0,,,0,https://takshashila.org.in/content/publications/20241110-indias-economic-future.html,"[""known_state"", ""links""]",False,True,1,,,,,,2026-09-23T17:39:21Z,0,
https://takshashila.org.in/content/publications/assets/chinas-two-front-conundrum.pdf,pdf,pdf,304,not_modified,https://takshashila.org.in/content/publications/assets/chinas-two-front-conundrum.pdf,0,,,0,https://takshashila.org.in/content/publications/20230322-chinas-two-front-conundrum.html,"[""known_state"", ""links""]",False,True,1,,,,,,2026-09-23T17:39:21Z,0,
https://takshashila.org.in/content/publications/assets/contours-modus-vivendi-china.pdf,pdf,pdf,304,not_modified,https://takshashila.org.in/content/publications/assets/contours-modus-vivendi-china.pdf,0,,,0,https://takshashila.org.in/content/publications/20241015-contours-modus-vivendi-china.html,"[""known_state"", ""links""]",False,True,1,,,,,,2026-09-23T17:39:22Z,0,
https://takshashila.org.in/content/publications/assets/chinese-analysts-global-south-leadership.pdf,pdf,pdf,304,not_modified,https://takshashila.org.in/content/publications/assets/chinese-analysts-global-south-leadership.pdf,0,,,0,https://takshashila.org.in/content/publications/20240922-chinese-analysts-global-south-leadership.html,"[""known_state"", ""links""]",False,True,1,,,,,,2026-09-23T17:39:22Z,0,
https://takshashila.org.in/content/publications/assets/environmental-cooperation.pdf,pdf,pdf,304,not_modified,https://takshashila.org.in/content/publications/assets/environmental-cooperation.pdf,0,,,0,https://takshashila.org.in/content/publications/20241023-environmental-cooperation.html,"[""known_state"", ""links""]",False,True,1,,,,,,2026-09-23T17:39:22Z,0,
https://takshashila.org.in/content/publications/assets/Ethical-Frameworks-for-Deployment-of-Synthetic-Biology.pdf,pdf,pdf,304,not_modified,https://takshashila.org.in/content/publications/assets/Ethical-Frameworks-for-Deployment-of-Synthetic-Biology.pdf,0,,,0,https://takshashila.org.in/content/publications/20250925-Ethical-Frameworks-for-Deployment-of-Synthetic-Biology.html,"[""known_state"", ""links""]",False,True,1,,,,,,2026-09-23T17:39:23Z,0,
https://takshashila.org.in/content/publications/assets/A-Primer-on-AI-Chips.pdf,pdf,pdf,304,not_modified,https://takshashila.org.in/content/publications/assets/A-Primer-on-AI-Chips.pdf,0,,,0,https://takshashila.org.in/content/publications/20241113-A-Primer-on-AI-Chips.html,"[""known_state"", ""links""]",False,True,1,,,,,,2026-09-23T17:39:23Z,0,
https://takshashila.org.in/content/publications/assets/Discussion+Doc+-+India's+Whey+Protein+Market-Demand+and+Supply+Conundrum.pdf,pdf,pdf,304,not_modified,https://takshashila.org.in/content/publications/assets/Discussion+Doc+-+India's+Whey+Protein+Market-Demand+and+Supply+Conundrum.pdf,0,,,0,https://takshashila.org.in/content/publications/20240731-Indias-Whey-Protein-Market.html,"[""known_state"", ""links""]",False,True,1,,,,,,2026-09-23T17:39:23Z,0,
https://takshashila.org.in/content/publications/assets/chinese-analysts-india-taiwan-relations.pdf,pdf,pdf,304,not_modified,https://takshashila.org.in/content/publications/assets/chinese-analysts-india-taiwan-relations.pdf,0,,,0,https://takshashila.org.in/content/publications/20240722-chinese-analysts-india-taiwan-relations.html,"[""known_state"", ""links""]",False,True,1,,,,,,2026-09-23T17:39:23Z,0,
https://takshashila.org.in/content/publications/assets/The-Geopolitics-of-Indian-Talent.pdf,pdf,pdf,304,not_modified,https://takshashila.org.in/content/publications/assets/The-Geopolitics-of-Indian-Talent.pdf,0,,,0,https://takshashila.org.in/content/publications/20240902-The-Geopolitics-of-Indian-Talent.html,"[""known_state"", ""links""]",False,True,1,,,,,,2026-09-23T17:39:24Z,0,
https://takshashila.org.in/content/publications/assets/Takshashila_June_Internal_Conference_Monograph.pdf,pdf,pdf,304,not_modified,https://takshashila.org.in/content/publications/assets/Takshashila_June_Internal_Conference_Monograph.pdf,0,,,0,https://takshashila.org.in/content/publications/20240802-Takshashila_June_Internal_Conference_Monograph.html,"[""known_state"", ""links""]",False,True,1,,,,,,2026-09-23T17:39:24Z,0,
https://takshashila.org.in/content/publications/assets/china-russia-power-asymmetry.pdf,pdf,pdf,304,not_modified,https://takshashila.org.in/content/publications/assets/china-russia-power-asymmetry.pdf,0,,,0,https://takshashila.org.in/content/publications/20240903-china-russia-power-asymmetry.html,"[""known_state"", ""links""]",False,True,1,,,,,,2026-09-23T17:39:24Z,0,
https://takshashila.org.in/content/publications/assets/Reimagining-Social-Security-for-21st-Century-India.pdf,pdf,pdf,304,not_modified,https://takshashila.org.in/content/publications/assets/Reimagining-Social-Security-for-21st-Century-India.pdf,0,,,0,https://takshashila.org.in/content/publications/20240725-Reimagining-Social-Security-for-21st-Century-India.html,"[""known_state"", ""links""]",False,True,1,,,,,,2026-09-23T17:39:24Z,0,
https://takshashila.org.in/content/publications/assets/Tensions-Between-Social-Media-and-Democracy.pdf,pdf,pdf,304,not_modified,https://takshashila.org.in/content/publications/assets/Tensions-Between-Social-Media-and-Democracy.pdf,0,,,0,https://takshashila.org.in/content/publications/20240710-Tensions-Between-Social-Media-and-Democracy.html,"[""known_state"", ""links""]",False,True,1,,,,,,2026-09-23T17:39:25Z,0,
https://takshashila.org.in/content/publications/assets/DFG-analysis.pdf,pdf,pdf,304,not_modified,https://takshashila.org.in/content/publications/assets/DFG-analysis.pdf,0,,,0,https://takshashila.org.in/content/publications/20240604-DFGS-%20by-Ministry-of-Science-and-Technology-in-the-Union-Budget.html,"[""known_state"", ""links""]",False,True,1,,,,,,2026-09-23T17:39:25Z,0,
https://takshashila.org.in/content/publications/assets/testimony-us-china-commission.pdf,pdf,pdf,304,not_modified,https://takshashila.org.in/content/publications/assets/testimony-us-china-commission.pdf,0,,,0,https://takshashila.org.in/content/publications/20240613-testimony-us-china-commission.html,"[""known_state"", ""links""]",False,True,1,,,,,,2026-09-23T17:39:25Z,0,
https://takshashila.org.in/content/publications/assets/Framework-for-identifying-critical-technologies.pdf,pdf,pdf,304,not_modified,https://takshashila.org.in/content/publications/assets/Framework-for-identifying-critical-technologies.pdf,0,,,0,https://takshashila.org.in/content/publications/20240520-Framework-for-identifying-critical-technologies.html,"[""known_state"", ""links""]",False,True,1,,,,,,2026-09-23T17:39:25Z,0,
https://takshashila.org.in/content/publications/assets/chinas-1+n-policy-framework.pdf,pdf,pdf,304,not_modified,https://takshashila.org.in/content/publications/assets/chinas-1+n-policy-framework.pdf,0,,,0,https://takshashila.org.in/content/publications/20240620-chinas-1+n-policy-framework.html,"[""known_state"", ""links""]",False,True,1,,,,,,2026-09-23T17:39:25Z,0,
https://takshashila.org.in/content/publications/assets/tensions-social-media-democracy.pdf,pdf,pdf,304,not_modified,https://takshashila.org.in/content/publications/assets/tensions-social-media-democracy.pdf,0,,,0,https://takshashila.org.in/content/publications/20240520-tensions-social-media-democracy.html,"[""known_state"", ""links""]",False,True,1,,,,,,2026-09-23T17:39:26Z,0,
https://takshashila.org.in/content/publications/assets/quad-cooperation-in-biofuels.pdf,pdf,pdf,304,not_modified,https://takshashila.org.in/content/publications/assets/quad-cooperation-in-biofuels.pdf,0,,,0,https://takshashila.org.in/content/publications/20240501-quad-cooperation-in-biofuels.html,"[""known_state"", ""links""]",False,True,1,,,,,,2026-09-23T17:39:26Z,0,
https://takshashila.org.in/content/publications/assets/Space-Reforms-in-India.pdf,pdf,pdf,304,not_modified,https://takshashila.org.in/content/publications/assets/Space-Reforms-in-India.pdf,0,,,0,https://takshashila.org.in/content/publications/20240710-Space-Reforms-in-India.html,"[""known_state"", ""links""]",False,True,1,,,,,,2026-09-23T17:39:26Z,0,
https://takshashila.org.in/content/publications/assets/Financial-Flows-of-the-Blue-Continent.pdf,pdf,pdf,304,not_modified,https://takshashila.org.in/content/publications/assets/Financial-Flows-of-the-Blue-Continent.pdf,0,,,0,https://takshashila.org.in/content/publications/20240416-Financial-Flows-of-the-Blue-Continent.html,"[""known_state"", ""links""]",False,True,1,,,,,,2026-09-23T17:39:27Z,0,
https://takshashila.org.in/content/publications/assets/A-Survey-of-Chip-Based-Hardware-Backdoors.pdf,pdf,pdf,304,not_modified,https://takshashila.org.in/content/publications/assets/A-Survey-of-Chip-Based-Hardware-Backdoors.pdf,0,,,0,https://takshashila.org.in/content/publications/2024059-A-Survey-of-Chip-Based-Hardware-Backdoors.html,"[""known_state"", ""links""]",False,True,1,,,,,,2026-09-23T17:39:27Z,0,
https://takshashila.org.in/content/publications/assets/India-Cannot-Afford-to-Ignore-Manufacturing.pdf,pdf,pdf,304,not_modified,https://takshashila.org.in/content/publications/assets/India-Cannot-Afford-to-Ignore-Manufacturing.pdf,0,,,0,https://takshashila.org.in/content/publications/20240416-India-Cannot-Afford-to-Ignore-Manufacturing.html,"[""known_state"", ""links""]",False,True,1,,,,,,2026-09-23T17:39:27Z,0,
https://takshashila.org.in/content/publications/assets/supply-chain-market-scale-india-china.pdf,pdf,pdf,304,not_modified,https://takshashila.org.in/content/publications/assets/supply-chain-market-scale-india-china.pdf,0,,,0,https://takshashila.org.in/content/publications/20240412-supply-chain-market-scale-india-china.html,"[""known_state"", ""links""]",False,True,1,,,,,,2026-09-23T17:39:27Z,0,
https://takshashila.org.in/content/publications/assets/politico-legal-toolkit-taiwan-straits-conflict.pdf,pdf,pdf,304,not_modified,https://takshashila.org.in/content/publications/assets/politico-legal-toolkit-taiwan-straits-conflict.pdf,0,,,0,https://takshashila.org.in/content/publications/20240215-politico-legal-toolkit-taiwan-straits-conflict.html,"[""known_state"", ""links""]",False,True,1,,,,,,2026-09-23T17:39:28Z,0,
https://takshashila.org.in/content/publications/assets/geoconsumerism-india-china-competition.pdf,pdf,pdf,304,not_modified,https://takshashila.org.in/content/publications/assets/geoconsumerism-india-china-competition.pdf,0,,,0,https://takshashila.org.in/content/publications/20240309-geoconsumerism-india-china-competition.html,"[""known_state"", ""links""]",False,True,1,,,,,,2026-09-23T17:39:28Z,0,
https://takshashila.org.in/content/publications/assets/building-support-for-taiwan.pdf,pdf,pdf,304,not_modified,https://takshashila.org.in/content/publications/assets/building-support-for-taiwan.pdf,0,,,0,https://takshashila.org.in/content/publications/20240213-building-support-for-taiwan.html,"[""known_state"", ""links""]",False,True,1,,,,,,2026-09-23T17:39:28Z,0,
https://takshashila.org.in/content/publications/assets/The-Lunar-Governance-Challenge.pdf,pdf,pdf,304,not_modified,https://takshashila.org.in/content/publications/assets/The-Lunar-Governance-Challenge.pdf,0,,,0,https://takshashila.org.in/content/publications/20240124-The-Lunar-Governance-Challenge.html,"[""known_state"", ""links""]",False,True,1,,,,,,2026-09-23T17:39:28Z,0,
https://takshashila.org.in/content/publications/assets/Assessing-the-Global-and-Local-Landscape-of-Critical-Technologies.pdf,pdf,pdf,304,not_modified,https://takshashila.org.in/content/publications/assets/Assessing-the-Global-and-Local-Landscape-of-Critical-Technologies.pdf,0,,,0,https://takshashila.org.in/content/publications/20240201-Assessing-the-Global-and-Local-Landscape-of-Critical-Technologies.html,"[""known_state"", ""links""]",False,True,1,,,,,,2026-09-23T17:39:29Z,0,
https://takshashila.org.in/content/publications/assets/pulse-of-the-people.pdf,pdf,pdf,304,not_modified,https://takshashila.org.in/content/publications/assets/pulse-of-the-people.pdf,0,,,0,https://takshashila.org.in/content/publications/20241217-pulse-of-the-people.html,"[""known_state"", ""links""]",False,True,1,,,,,,2026-09-23T17:39:29Z,0,
https://takshashila.org.in/content/publications/assets/the-quad-WIOR.pdf,pdf,pdf,304,not_modified,https://takshashila.org.in/content/publications/assets/the-quad-WIOR.pdf,0,,,0,https://takshashila.org.in/content/publications/20240110-the-quad-WIOR.html,"[""known_state"", ""links""]",False,True,1,,,,,,2026-09-23T17:39:29Z,0,
https://takshashila.org.in/content/publications/assets/The-Techno-Economic-Impact-of-the-Israel-Hamas-war.pdf,pdf,pdf,304,not_modified,https://takshashila.org.in/content/publications/assets/The-Techno-Economic-Impact-of-the-Israel-Hamas-war.pdf,0,,,0,https://takshashila.org.in/content/publications/20231206-The-Techno-Economic-Impact-of-the-Israel-Hamas-war.html,"[""known_state"", ""links""]",False,True,1,,,,,,2026-09-23T17:39:29Z,0,
https://takshashila.org.in/content/publications/assets/israel-hamas-war-china-diplomacy.pdf,pdf,pdf,304,not_modified,https://takshashila.org.in/content/publications/assets/israel-hamas-war-china-diplomacy.pdf,0,,,0,https://takshashila.org.in/content/publications/20231206-israel-hamas-war-china-diplomacy.html,"[""known_state"", ""links""]",False,True,1,,,,,,2026-09-23T17:39:30Z,0,
https://takshashila.org.in/content/publications/assets/chinas-guilded-age-book-review.pdf,pdf,pdf,304,not_modified,https://takshashila.org.in/content/publications/assets/chinas-guilded-age-book-review.pdf,0,,,0,https://takshashila.org.in/content/publications/20231204-chinas-guilded-age-book-review.html,"[""known_state"", ""links""]",False,True,1,,,,,,2026-09-23T17:39:30Z,0,
https://takshashila.org.in/content/publications/assets/AI-Impact-Governance.pdf,pdf,pdf,304,not_modified,https://takshashila.org.in/content/publications/assets/AI-Impact-Governance.pdf,0,,,0,https://takshashila.org.in/content/publications/20240311-AI-Impact-Governance.html,"[""known_state"", ""links""]",False,True,1,,,,,,2026-09-23T17:39:30Z,0,
https://takshashila.org.in/content/publications/assets/operations-PLA-WTC.pdf,pdf,pdf,304,not_modified,https://takshashila.org.in/content/publications/assets/operations-PLA-WTC.pdf,0,,,0,https://takshashila.org.in/content/publications/20240516-operations-PLA-WTC.html,"[""known_state"", ""links""]",False,True,1,,,,,,2026-09-23T17:39:30Z,0,
https://takshashila.org.in/content/publications/assets/wastewater-surveillance-for-disease-epidemiology.pdf,pdf,pdf,304,not_modified,https://takshashila.org.in/content/publications/assets/wastewater-surveillance-for-disease-epidemiology.pdf,0,,,0,https://takshashila.org.in/content/publications/20231204-wastewater-surveillance-for-disease-epidemiology.html,"[""known_state"", ""links""]",False,True,1,,,,,,2026-09-23T17:39:31Z,0,
https://takshashila.org.in/content/publications/assets/Strategies-for-Reaching-a-$300-Billion-Indian-Bioeconomy-by-2030.pdf,pdf,pdf,304,not_modified,https://takshashila.org.in/content/publications/assets/Strategies-for-Reaching-a-$300-Billion-Indian-Bioeconomy-by-2030.pdf,0,,,0,https://takshashila.org.in/content/publications/20240319-Strategies-for-Reaching-a-$300-Billion-Indian-Bioeconomy-by-2030.html,"[""known_state"", ""links""]",False,True,1,,,,,,2026-09-23T17:39:31Z,0,
https://takshashila.org.in/content/publications/assets/20231125-a-pathway-to-ai-governance.pdf,pdf,pdf,304,not_modified,https://takshashila.org.in/content/publications/assets/20231125-a-pathway-to-ai-governance.pdf,0,,,0,https://takshashila.org.in/content/publications/20231125-a-pathway-to-ai-governance.html,"[""known_state"", ""links""]",False,True,1,,,,,,2026-09-23T17:39:31Z,0,
https://takshashila.org.in/content/publications/assets/The-Quest-for-Supremacy-and-Sagacity-in-AI.pdf,pdf,pdf,304,not_modified,https://takshashila.org.in/content/publications/assets/The-Quest-for-Supremacy-and-Sagacity-in-AI.pdf,0,,,0,https://takshashila.org.in/content/publications/20231014-The-Quest-for-Supremacy-and-Sagacity-in-AI.html,"[""known_state"", ""links""]",False,True,1,,,,,,2026-09-23T17:39:31Z,0,
https://takshashila.org.in/content/publications/assets/Water-Surveillance.pdf,pdf,pdf,304,not_modified,https://takshashila.org.in/content/publications/assets/Water-Surveillance.pdf,0,,,0,https://takshashila.org.in/content/publications/20231204-Water-Surveillance.html,"[""known_state"", ""links""]",False,True,1,,,,,,2026-09-23T17:39:32Z,0,
https://takshashila.org.in/content/publications/assets/chinas-vision-new-world-order.pdf,pdf,pdf,304,not_modified,https://takshashila.org.in/content/publications/assets/chinas-vision-new-world-order.pdf,0,,,0,https://takshashila.org.in/content/publications/20230927-chinas-vision-new-world-order.html,"[""known_state"", ""links""]",False,True,1,,,,,,2026-09-23T17:39:32Z,0,
https://takshashila.org.in/content/publications/assets/Open-RAN-Challenges-and-Pathways-for-Adoption.pdf,pdf,pdf,304,not_modified,https://takshashila.org.in/content/publications/assets/Open-RAN-Challenges-and-Pathways-for-Adoption.pdf,0,,,0,https://takshashila.org.in/content/publications/20230904-Open-RAN-Challenges-and-Pathways-for-Adoption.html,"[""known_state"", ""links""]",False,True,1,,,,,,2026-09-23T17:39:32Z,0,
https://takshashila.org.in/content/publications/assets/Regulatory-Mechanism-for-Over-The-Top-Communication-Services-and-Selective-Banning-of-OTT-Services.pdf,pdf,pdf,304,not_modified,https://takshashila.org.in/content/publications/assets/Regulatory-Mechanism-for-Over-The-Top-Communication-Services-and-Selective-Banning-of-OTT-Services.pdf,0,,,0,https://takshashila.org.in/content/publications/20230904-Regulatory-Mechanism-for-Over-The-Top-Communication-Services-and-Selective-Banning-of-OTT-Services.html,"[""known_state"", ""links""]",False,True,1,,,,,,2026-09-23T17:39:33Z,0,
https://takshashila.org.in/content/publications/assets/latest-developments-chinese-economy.pdf,pdf,pdf,304,not_modified,https://takshashila.org.in/content/publications/assets/latest-developments-chinese-economy.pdf,0,,,0,https://takshashila.org.in/content/publications/20230830-latest-developments-chinese-economy.html,"[""known_state"", ""links""]",False,True,1,,,,,,2026-09-23T17:39:33Z,0,
https://takshashila.org.in/content/publications/assets/Amit+Kumar+Strategic+and+Critical+Vulnerabilities+.pdf,pdf,pdf,304,not_modified,https://takshashila.org.in/content/publications/assets/Amit+Kumar+Strategic+and+Critical+Vulnerabilities+.pdf,0,,,0,https://takshashila.org.in/content/publications/20230811-Defining-Strategic-and-Critical-Vulnerabilities.html,"[""known_state"", ""links""]",False,True,1,,,,,,2026-09-23T17:39:33Z,0,
https://takshashila.org.in/content/publications/assets/china-UAVs-drone-autonomy.pdf,pdf,pdf,304,not_modified,https://takshashila.org.in/content/publications/assets/china-UAVs-drone-autonomy.pdf,0,,,0,https://takshashila.org.in/content/publications/20230928-china-UAVs-drone-autonomy.html,"[""known_state"", ""links""]",False,True,1,,,,,,2026-09-23T17:39:33Z,0,
https://takshashila.org.in/content/publications/assets/mitigation-of-antimicrobial-resistance-amr-in-g20.pdf,pdf,pdf,304,not_modified,https://takshashila.org.in/content/publications/assets/mitigation-of-antimicrobial-resistance-amr-in-g20.pdf,0,,,0,https://takshashila.org.in/content/publications/20230811-mitigation-of-antimicrobial-resistance-amr-in-g20.html,"[""known_state"", ""links""]",False,True,1,,,,,,2026-09-23T17:39:33Z,0,
https://takshashila.org.in/content/publications/assets/Mitigation-of-Antimicrobial-Resistance-in-G20.pdf,pdf,pdf,304,not_modified,https://takshashila.org.in/content/publications/assets/Mitigation-of-Antimicrobial-Resistance-in-G20.pdf,0,,,0,https://takshashila.org.in/content/publications/20231108-Mitigation-of-Antimicrobial-Resistance-in-G20.html,"[""known_state"", ""links""]",False,True,1,,,,,,2026-09-23T17:39:33Z,0,
https://takshashila.org.in/content/publications/assets/Mitigation-of-Antimicrobial-resistance.pdf,pdf,pdf,304,not_modified,https://takshashila.org.in/content/publications/assets/Mitigation-of-Antimicrobial-resistance.pdf,0,,,0,https://takshashila.org.in/content/publications/20230809-Mitigation-of-Antimicrobial-resistance.html,"[""known_state"", ""links""]",False,True,1,,,,,,2026-09-23T17:39:34Z,0,
https://takshashila.org.in/content/publications/assets/Global-Distributed-Network-Of-Medical-Supplies.pdf,pdf,pdf,304,not_modified,https://takshashila.org.in/content/publications/assets/Global-Distributed-Network-Of-Medical-Supplies.pdf,0,,,0,https://takshashila.org.in/content/publications/20230708-Global-Distributed-Network-Of-Medical-Supplies.html,"[""known_state"", ""links""]",False,True,1,,,,,,2026-09-23T17:39:34Z,0,
https://takshashila.org.in/content/publications/assets/vulnerabilities-asymmetrical-trade-independence.pdf,pdf,pdf,304,not_modified,https://takshashila.org.in/content/publications/assets/vulnerabilities-asymmetrical-trade-independence.pdf,0,,,0,https://takshashila.org.in/content/publications/20230720-vulnerabilities-asymmetrical-trade-independence.html,"[""known_state"", ""links""]",False,True,2,,,,,,2026-09-23T17:39:35Z,0,
https://takshashila.org.in/content/publications/assets/Early-Warning-Disease-Outbreaks_Final-For-Upload.pdf,pdf,pdf,304,not_modified,https://takshashila.org.in/content/publications/assets/Early-Warning-Disease-Outbreaks_Final-For-Upload.pdf,0,,,0,https://takshashila.org.in/content/publications/20230708-Early-Warning-Disease-Outbreaks_Final-For-Upload.html,"[""known_state"", ""links""]",False,True,1,,,,,,2026-09-23T17:39:35Z,0,
https://takshashila.org.in/content/publications/assets/TPB-Sustaining-Outer-Space.pdf,pdf,pdf,304,not_modified,https://takshashila.org.in/content/publications/assets/TPB-Sustaining-Outer-Space.pdf,0,,,0,https://takshashila.org.in/content/publications/20230630-TPB-Sustaining-Outer-Space.html,"[""known_state"", ""links""]",False,True,1,,,,,,2026-09-23T17:39:35Z,0,
https://takshashila.org.in/content/publications/assets/New-Agenda-for-Peace.pdf,pdf,pdf,304,not_modified,https://takshashila.org.in/content/publications/assets/New-Agenda-for-Peace.pdf,0,,,0,https://takshashila.org.in/content/publications/20230608-New-Agenda-for-Peace.html,"[""known_state"", ""links""]",False,True,1,,,,,,2026-09-23T17:39:35Z,0,
https://takshashila.org.in/content/publications/assets/EDITED-TDD-Biotech-SWOT-V1-0.pdf,pdf,pdf,304,not_modified,https://takshashila.org.in/content/publications/assets/EDITED-TDD-Biotech-SWOT-V1-0.pdf,0,,,0,https://takshashila.org.in/content/publications/20230620-indias-biotechnology-ecosystem-swot-analysis.html,"[""known_state"", ""links""]",False,True,1,,,,,,2026-09-23T17:39:35Z,0,
https://takshashila.org.in/content/publications/assets/ITA-Trade-Policy-Discussion-Doc.pdf,pdf,pdf,304,not_modified,https://takshashila.org.in/content/publications/assets/ITA-Trade-Policy-Discussion-Doc.pdf,0,,,0,https://takshashila.org.in/content/publications/20230607-analysing-indias-position-on-the-information-technology-agreement.html,"[""known_state"", ""links""]",False,True,1,,,,,,2026-09-23T17:39:36Z,0,
https://takshashila.org.in/content/publications/assets/Biological-Weapons-Convention.pdf,pdf,pdf,304,not_modified,https://takshashila.org.in/content/publications/assets/Biological-Weapons-Convention.pdf,0,,,0,https://takshashila.org.in/content/publications/20230601-Biological-Weapons-Convention.html,"[""known_state"", ""links""]",False,True,1,,,,,,2026-09-23T17:39:36Z,0,
https://takshashila.org.in/content/publications/assets/CHINA-TAIWAN-TPP-MAY-2023-FINAL.pdf,pdf,pdf,304,not_modified,https://takshashila.org.in/content/publications/assets/CHINA-TAIWAN-TPP-MAY-2023-FINAL.pdf,0,,,0,https://takshashila.org.in/content/publications/20230526-the-china-taiwan-saga.html,"[""known_state"", ""links""]",False,True,1,,,,,,2026-09-23T17:39:37Z,0,
https://takshashila.org.in/content/publications/assets/An-Comparative-Study-of-State-Rules-Based-on-the-Biological-Diversity-Act-2002.pdf,pdf,pdf,304,not_modified,https://takshashila.org.in/content/publications/assets/An-Comparative-Study-of-State-Rules-Based-on-the-Biological-Diversity-Act-2002.pdf,0,,,0,https://takshashila.org.in/content/publications/20230516-An-Comparative-Study-of-State-Rules-Based-on-the-Biological-Diversity-Act-2002.pdf.html,"[""known_state"", ""links""]",False,True,1,,,,,,2026-09-23T17:39:37Z,0,
https://takshashila.org.in/content/publications/assets/India-US-Trade-Policy-Advisory-v-1-1.pdf,pdf,pdf,304,not_modified,https://takshashila.org.in/content/publications/assets/India-US-Trade-Policy-Advisory-v-1-1.pdf,0,,,0,https://takshashila.org.in/content/publications/20230515-time-to-launch-the-us-india-trade-relationship-into-another-orbit.html,"[""known_state"", ""links""]",False,True,1,,,,,,2026-09-23T17:39:37Z,0,
https://takshashila.org.in/content/publications/assets/T20_PolicyBrief_TF1_Data-Asymmetry-SupplyChain.pdf,pdf,pdf,304,not_modified,https://takshashila.org.in/content/publications/assets/T20_PolicyBrief_TF1_Data-Asymmetry-SupplyChain.pdf,0,,,0,https://takshashila.org.in/content/publications/20230513-T20_PolicyBrief_TF1_Data-Asymmetry-SupplyChain.html,"[""known_state"", ""links""]",False,True,1,,,,,,2026-09-23T17:39:37Z,0,
https://takshashila.org.in/content/publications/assets/The-Quad-should-Commit-to-a-Biomanufacturing-hub-in-India.pdf,pdf,pdf,304,not_modified,https://takshashila.org.in/content/publications/assets/The-Quad-should-Commit-to-a-Biomanufacturing-hub-in-India.pdf,0,,,0,https://takshashila.org.in/content/publications/20230508-quad-should-commit-to-bio-hub-in-india.html,"[""known_state"", ""links""]",False,True,1,,,,,,2026-09-23T17:39:37Z,0,
https://takshashila.org.in/content/publications/assets/DFG.pdf,pdf,pdf,304,not_modified,https://takshashila.org.in/content/publications/assets/DFG.pdf,0,,,0,https://takshashila.org.in/content/publications/20230419-DFG.html,"[""known_state"", ""links""]",False,True,1,,,,,,2026-09-23T17:39:37Z,0,
https://takshashila.org.in/content/publications/assets/Rebooting-AI-in-India.pdf,pdf,pdf,304,not_modified,https://takshashila.org.in/content/publications/assets/Rebooting-AI-in-India.pdf,0,,,0,https://takshashila.org.in/content/publications/20230314-rebooting-ai-in-india.html,"[""known_state"", ""links""]",False,True,1,,,,,,2026-09-23T17:39:38Z,0,
https://takshashila.org.in/content/publications/assets/G20-strengthening-research.pdf,pdf,pdf,304,not_modified,https://takshashila.org.in/content/publications/assets/G20-strengthening-research.pdf,0,,,0,https://takshashila.org.in/content/publications/20230303-G20-strengthening-research.html,"[""known_state"", ""links""]",False,True,1,,,,,,2026-09-23T17:39:38Z,0,
https://takshashila.org.in/content/publications/assets/Ease+of+Doing+Business+Discussion+Document.pdf,pdf,pdf,304,not_modified,https://takshashila.org.in/content/publications/assets/Ease+of+Doing+Business+Discussion+Document.pdf,0,,,0,https://takshashila.org.in/content/publications/20230504-Improving-Ease-of-Doing-Business.html,"[""known_state"", ""links""]",False,True,1,,,,,,2026-09-23T17:39:38Z,0,
https://takshashila.org.in/content/publications/assets/T20_PolicyBrief_TF3_ClimateRelocationInsurance+.pdf,pdf,pdf,304,not_modified,https://takshashila.org.in/content/publications/assets/T20_PolicyBrief_TF3_ClimateRelocationInsurance+.pdf,0,,,0,https://takshashila.org.in/content/publications/20230503-T20PB.html,"[""known_state"", ""links""]",False,True,1,,,,,,2026-09-23T17:39:38Z,0,
https://takshashila.org.in/content/publications/assets/Assessing-arguments-against-closer-India-US-Ties.pdf,pdf,pdf,304,not_modified,https://takshashila.org.in/content/publications/assets/Assessing-arguments-against-closer-India-US-Ties.pdf,0,,,0,https://takshashila.org.in/content/publications/20230417-Assessing-arguments-against-closer-India-US-Ties.html,"[""known_state"", ""links""]",False,True,1,,,,,,2026-09-23T17:39:39Z,0,
https://takshashila.org.in/content/publications/assets/Biotechnology-and-Geopolitics.pdf,pdf,pdf,304,not_modified,https://takshashila.org.in/content/publications/assets/Biotechnology-and-Geopolitics.pdf,0,,,0,https://takshashila.org.in/content/publications/20230213-Biotechnology-and-Geopolitics.html,"[""known_state"", ""links""]",False,True,1,,,,,,2026-09-23T17:39:39Z,0,
https://takshashila.org.in/content/publications/assets/High-Technology-Geopolitics-in-the-Post-Pandemic-World.pdf,pdf,pdf,304,not_modified,https://takshashila.org.in/content/publications/assets/High-Technology-Geopolitics-in-the-Post-Pandemic-World.pdf,0,,,0,https://takshashila.org.in/content/publications/20230210-High-Technology-Geopolitics-in-the-Post-Pandemic-World.html,"[""known_state"", ""links""]",False,True,1,,,,,,2026-09-23T17:39:39Z,0,
https://takshashila.org.in/content/publications/assets/TWP-Dominant+Economic+Narratives+in+the+Post.pdf,pdf,pdf,304,not_modified,https://takshashila.org.in/content/publications/assets/TWP-Dominant+Economic+Narratives+in+the+Post.pdf,0,,,0,https://takshashila.org.in/content/publications/20230210-Dominant-Economic-Narratives-in-the-Post-Pandemic-World.html,"[""known_state"", ""links""]",False,True,1,,,,,,2026-09-23T17:39:39Z,0,
https://takshashila.org.in/content/publications/assets/india-china-border-tactics-talks.pdf,pdf,pdf,304,not_modified,https://takshashila.org.in/content/publications/assets/india-china-border-tactics-talks.pdf,0,,,0,https://takshashila.org.in/content/publications/20230309-india-china-border-tactics-talks.html,"[""known_state"", ""links""]",False,True,1,,,,,,2026-09-23T17:39:40Z,0,
https://takshashila.org.in/content/publications/assets/great-power-competition-indo-pacific-WP.pdf,pdf,pdf,304,not_modified,https://takshashila.org.in/content/publications/assets/great-power-competition-indo-pacific-WP.pdf,0,,,0,https://takshashila.org.in/content/publications/20230210-great-power-competition-indo-pacific-WP.html,"[""known_state"", ""links""]",False,True,1,,,,,,2026-09-23T17:39:40Z,0,
https://takshashila.org.in/content/publications/assets/chinese-economy-birds-eye-view.pdf,pdf,pdf,304,not_modified,https://takshashila.org.in/content/publications/assets/chinese-economy-birds-eye-view.pdf,0,,,0,https://takshashila.org.in/content/publications/20230214-chinese-economy-birds-eye-view.html,"[""known_state"", ""links""]",False,True,1,,,,,,2026-09-23T17:39:40Z,0,
https://takshashila.org.in/content/publications/assets/WHO-Pandemic-Treaty.pdf,pdf,pdf,304,not_modified,https://takshashila.org.in/content/publications/assets/WHO-Pandemic-Treaty.pdf,0,,,0,https://takshashila.org.in/content/publications/20230208-WHO-Pandemic-Treaty.html,"[""known_state"", ""links""]",False,True,1,,,,,,2026-09-23T17:39:40Z,0,
https://takshashila.org.in/content/publications/assets/chinas-global-security-initiative.pdf,pdf,pdf,304,not_modified,https://takshashila.org.in/content/publications/assets/chinas-global-security-initiative.pdf,0,,,0,https://takshashila.org.in/content/publications/20230127-chinas-global-security-initiative.html,"[""known_state"", ""links""]",False,True,1,,,,,,2026-09-23T17:39:41Z,0,
https://takshashila.org.in/content/publications/assets/TSA-Heritable-gene-editing.pdf,pdf,pdf,304,not_modified,https://takshashila.org.in/content/publications/assets/TSA-Heritable-gene-editing.pdf,0,,,0,https://takshashila.org.in/content/publications/20230109-TSA-Heritable-gene-editing.html,"[""known_state"", ""links""]",False,True,1,,,,,,2026-09-23T17:39:41Z,0,
https://takshashila.org.in/content/publications/assets/Gene-Drives-and-Vector-Borne-Diseases.pdf,pdf,pdf,304,not_modified,https://takshashila.org.in/content/publications/assets/Gene-Drives-and-Vector-Borne-Diseases.pdf,0,,,0,https://takshashila.org.in/content/publications/20230209-gene-drives-and-vector-borne-diseases.html,"[""known_state"", ""links""]",False,True,1,,,,,,2026-09-23T17:39:41Z,0,
https://takshashila.org.in/content/publications/assets/TDD-Redressing-Orbital-Dangers-PRS-V-1-0-Document.pdf,pdf,pdf,304,not_modified,https://takshashila.org.in/content/publications/assets/TDD-Redressing-Orbital-Dangers-PRS-V-1-0-Document.pdf,0,,,0,https://takshashila.org.in/content/publications/20230126-approaches-to-advance-indias-interests-in-outer-space.html,"[""known_state"", ""links""]",False,True,1,,,,,,2026-09-23T17:39:41Z,0,
https://takshashila.org.in/content/publications/assets/open-tech-strategy-for-india.pdf,pdf,pdf,304,not_modified,https://takshashila.org.in/content/publications/assets/open-tech-strategy-for-india.pdf,0,,,0,https://takshashila.org.in/content/publications/20221223-open-tech-strategy-for-india.html,"[""known_state"", ""links""]",False,True,1,,,,,,2026-09-23T17:39:42Z,0,
https://takshashila.org.in/content/publications/assets/a-new-approach-to-nutrition-in-karnataka.pdf,pdf,pdf,304,not_modified,https://takshashila.org.in/content/publications/assets/a-new-approach-to-nutrition-in-karnataka.pdf,0,,,0,https://takshashila.org.in/content/publications/20221111-a-new-approach-to-nutrition-in-karnataka.html,"[""known_state"", ""links""]",False,True,1,,,,,,2026-09-23T17:39:42Z,0,
https://takshashila.org.in/content/publications/assets/An-Indian-Approach-to-Technology-Diplomacy.pdf,pdf,pdf,304,not_modified,https://takshashila.org.in/content/publications/assets/An-Indian-Approach-to-Technology-Diplomacy.pdf,0,,,0,https://takshashila.org.in/content/publications/20220918-An-Indian-Approach-to-Technology-Diplomacy.html,"[""known_state"", ""links""]",False,True,1,,,,,,2026-09-23T17:39:42Z,0,
https://takshashila.org.in/content/publications/assets/GP-ORF-Future-Warfare-and-Technology.pdf,pdf,pdf,304,not_modified,https://takshashila.org.in/content/publications/assets/GP-ORF-Future-Warfare-and-Technology.pdf,0,,,0,https://takshashila.org.in/content/publications/20221118-GP-ORF-Future-Warfare-and-Technology.pdf.html,"[""known_state"", ""links""]",False,True,1,,,,,,2026-09-23T17:39:42Z,0,
https://takshashila.org.in/content/publications/assets/TDS-AI-Hardware-Ecosystem-in-India.pdf,pdf,pdf,304,not_modified,https://takshashila.org.in/content/publications/assets/TDS-AI-Hardware-Ecosystem-in-India.pdf,0,,,0,https://takshashila.org.in/content/publications/20220926-TDS-AI-Hardware-Ecosystem-in-India.html,"[""known_state"", ""links""]",False,True,1,,,,,,2026-09-23T17:39:43Z,0,
https://takshashila.org.in/content/publications/assets/TCS+Sri+Lanka+Economic+Crisis+V1.2+30August2022.pdf,pdf,pdf,304,not_modified,https://takshashila.org.in/content/publications/assets/TCS+Sri+Lanka+Economic+Crisis+V1.2+30August2022.pdf,0,,,0,https://takshashila.org.in/content/publications/20220828-Sri-Lankas-Economic-Crisis.html,"[""known_state"", ""links""]",False,True,1,,,,,,2026-09-23T17:39:43Z,0,
https://takshashila.org.in/content/publications/assets/Takshashila-Techno-Strategic-Doctrine.pdf,pdf,pdf,304,not_modified,https://takshashila.org.in/content/publications/assets/Takshashila-Techno-Strategic-Doctrine.pdf,0,,,0,https://takshashila.org.in/content/publications/20220613-Takshashila-Techno-Strategic-Doctrine.html,"[""known_state"", ""links""]",False,True,2,,,,,,2026-09-23T17:39:43Z,0,
https://takshashila.org.in/content/publications/assets/Nutritional-Outcomes-in-Karnataka-Analysis-and-Recommendations.pdf,pdf,pdf,304,not_modified,https://takshashila.org.in/content/publications/assets/Nutritional-Outcomes-in-Karnataka-Analysis-and-Recommendations.pdf,0,,,0,https://takshashila.org.in/content/publications/20220705-Nutritional-Outcomes-in-Karnataka-Analysis-and-Recommendations.html,"[""known_state"", ""links""]",False,True,1,,,,,,2026-09-23T17:39:43Z,0,
https://takshashila.org.in/content/publications/assets/Restarting+the+Post-Pandemic+Indian+Economy+July+2022.pdf,pdf,pdf,304,not_modified,https://takshashila.org.in/content/publications/assets/Restarting+the+Post-Pandemic+Indian+Economy+July+2022.pdf,0,,,0,https://takshashila.org.in/content/publications/20220722-Restarting-the-Post-Pandemic-Indian-Economy.html,"[""known_state"", ""links""]",False,True,1,,,,,,2026-09-23T17:39:44Z,0,
https://takshashila.org.in/content/publications/assets/nutritional-outcomes-in-karnataka-analysis-and-recommendations.pdf,pdf,pdf,304,not_modified,https://takshashila.org.in/content/publications/assets/nutritional-outcomes-in-karnataka-analysis-and-recommendations.pdf,0,,,0,https://takshashila.org.in/content/publications/20220705-nutritional-outcomes-in-karnataka-analysis-and-recommendations.html,"[""known_state"", ""links""]",False,True,1,,,,,,2026-09-23T17:39:44Z,0,
https://takshashila.org.in/content/publications/assets/Estimating-Covid-Deaths-from-Insurance-Claims.pdf,pdf,pdf,304,not_modified,https://takshashila.org.in/content/publications/assets/Estimating-Covid-Deaths-from-Insurance-Claims.pdf,0,,,0,https://takshashila.org.in/content/publications/20220521-Estimating-Covid-Deaths-from-Insurance-Claims.html,"[""known_state"", ""links""]",False,True,1,,,,,,2026-09-23T17:39:44Z,0,
https://takshashila.org.in/content/publications/assets/estimating-the-impact-of-covid-19-in-india-from-life-insurance-claims.pdf,pdf,pdf,304,not_modified,https://takshashila.org.in/content/publications/assets/estimating-the-impact-of-covid-19-in-india-from-life-insurance-claims.pdf,0,,,0,https://takshashila.org.in/content/publications/20220521-estimating-the-impact-of-covid-19-in-india-from-life-insurance-claims.html,"[""known_state"", ""links""]",False,True,1,,,,,,2026-09-23T17:39:44Z,0,
https://takshashila.org.in/content/publications/assets/20MJ+Discussion+Document+v12-23May.pdf,pdf,pdf,304,not_modified,https://takshashila.org.in/content/publications/assets/20MJ+Discussion+Document+v12-23May.pdf,0,,,0,https://takshashila.org.in/content/publications/20220524-Addressing-the-Jobs-Crisis.html,"[""known_state"", ""links""]",False,True,1,,,,,,2026-09-23T17:39:45Z,0,
https://takshashila.org.in/content/publications/assets/USCC-testimony-china-zero-covid-policy.pdf,pdf,pdf,304,not_modified,https://takshashila.org.in/content/publications/assets/USCC-testimony-china-zero-covid-policy.pdf,0,,,0,https://takshashila.org.in/content/publications/20220812-USCC-testimony-china-zero-covid-policy.html,"[""known_state"", ""links""]",False,True,1,,,,,,2026-09-23T17:39:45Z,0,
https://takshashila.org.in/content/publications/assets/WLFPR+Discussion+Document.pdf,pdf,pdf,304,not_modified,https://takshashila.org.in/content/publications/assets/WLFPR+Discussion+Document.pdf,0,,,0,https://takshashila.org.in/content/publications/20221012-Womens-Labour-Force-Participation.html,"[""known_state"", ""links""]",False,True,1,,,,,,2026-09-23T17:39:46Z,0,
https://takshashila.org.in/content/publications/assets/ORF-Issue-Brief-Gene-Editing-and-the-Need-to-Reevaluate-Bioweapons.pdf,pdf,pdf,304,not_modified,https://takshashila.org.in/content/publications/assets/ORF-Issue-Brief-Gene-Editing-and-the-Need-to-Reevaluate-Bioweapons.pdf,0,,,0,https://takshashila.org.in/content/publications/20230106-ORF-Issue-Brief-Gene-Editing-and-the-Need-to-Reevaluate-Bioweapons.pdf.html,"[""known_state"", ""links""]",False,True,1,,,,,,2026-09-23T17:39:45Z,0,
https://takshashila.org.in/content/publications/assets/sri-lanka-russia-ukraine-war.pdf,pdf,pdf,304,not_modified,https://takshashila.org.in/content/publications/assets/sri-lanka-russia-ukraine-war.pdf,0,,,0,https://takshashila.org.in/content/publications/20220505-sri-lanka-russia-ukraine-war.html,"[""known_state"", ""links""]",False,True,1,,,,,,2026-09-23T17:39:46Z,0,
https://takshashila.org.in/content/publications/assets/Manur_India-Imports-1991.pdf,pdf,pdf,304,not_modified,https://takshashila.org.in/content/publications/assets/Manur_India-Imports-1991.pdf,0,,,0,https://takshashila.org.in/content/publications/20220516-Manur_India-Imports-1991.pdf.html,"[""known_state"", ""links""]",False,True,1,,,,,,2026-09-23T17:39:46Z,0,
https://takshashila.org.in/content/publications/assets/afghanistan-pakistan-relations-road-ahead.pdf,pdf,pdf,304,not_modified,https://takshashila.org.in/content/publications/assets/afghanistan-pakistan-relations-road-ahead.pdf,0,,,0,https://takshashila.org.in/content/publications/20220316-afghanistan-pakistan-relations-road-ahead.html,"[""known_state"", ""links""]",False,True,1,,,,,,2026-09-23T17:39:46Z,0,
https://takshashila.org.in/content/publications/assets/Harnessing+trade+policies+to+build+Indias+semiconductor+industry+-+Hinrich+Foundation+-+Takshashila+Institution+-+May+2022+RV.pdf,pdf,pdf,304,not_modified,https://takshashila.org.in/content/publications/assets/Harnessing+trade+policies+to+build+Indias+semiconductor+industry+-+Hinrich+Foundation+-+Takshashila+Institution+-+May+2022+RV.pdf,0,,,0,https://takshashila.org.in/content/publications/20220530-Harnessing%20Trade%20Policy%20to%20Build%20Indias-Semiconductor-Industry.html,"[""known_state"", ""links""]",False,True,1,,,,,,2026-09-23T17:39:46Z,0,
https://takshashila.org.in/content/publications/assets/Harnessing-trade-policies-to-build-Indias-semiconductor-industry.pdf,pdf,pdf,304,not_modified,https://takshashila.org.in/content/publications/assets/Harnessing-trade-policies-to-build-Indias-semiconductor-industry.pdf,0,,,0,https://takshashila.org.in/content/publications/20220503-Harnessing-trade-policies-to-build-Indias-semiconductor-industry.html,"[""known_state"", ""links""]",False,True,1,,,,,,2026-09-23T17:39:47Z,0,
https://takshashila.org.in/content/publications/assets/De-Dollarising-V1.0.pdf,pdf,pdf,304,not_modified,https://takshashila.org.in/content/publications/assets/De-Dollarising-V1.0.pdf,0,,,0,https://takshashila.org.in/content/publications/20220315-De-Dollarising-V1.0.pdf.html,"[""known_state"", ""links""]",False,True,1,,,,,,2026-09-23T17:39:47Z,0,
https://takshashila.org.in/content/publications/assets/The-Semiconductor-Question-in-the-Russia-Ukraine-Conflict.pdf,pdf,pdf,304,not_modified,https://takshashila.org.in/content/publications/assets/The-Semiconductor-Question-in-the-Russia-Ukraine-Conflict.pdf,0,,,0,https://takshashila.org.in/content/publications/20220324-The-Semiconductor-Question-in-the-Russia-Ukraine-Conflict.html,"[""known_state"", ""links""]",False,True,1,,,,,,2026-09-23T17:39:47Z,0,
https://takshashila.org.in/content/publications/assets/chinese-perceptions-interests-amid-ukraine-conflict.pdf,pdf,pdf,304,not_modified,https://takshashila.org.in/content/publications/assets/chinese-perceptions-interests-amid-ukraine-conflict.pdf,0,,,0,https://takshashila.org.in/content/publications/20220225-chinese-perceptions-interests-amid-ukraine-conflict.html,"[""known_state"", ""links""]",False,True,1,,,,,,2026-09-23T17:39:47Z,0,
https://takshashila.org.in/content/publications/assets/Space-Stations-Promises-and-Challenges.pdf,pdf,pdf,304,not_modified,https://takshashila.org.in/content/publications/assets/Space-Stations-Promises-and-Challenges.pdf,0,,,0,https://takshashila.org.in/content/publications/20220218-Space-Stations-Promises-and-Challenges.html,"[""known_state"", ""links""]",False,True,1,,,,,,2026-09-23T17:39:48Z,0,
https://takshashila.org.in/content/publications/assets/TIP-Quad-and-Biotech.pdf,pdf,pdf,304,not_modified,https://takshashila.org.in/content/publications/assets/TIP-Quad-and-Biotech.pdf,0,,,0,https://takshashila.org.in/content/publications/20220127-TIP-Quad-and-Biotech.html,"[""known_state"", ""links""]",False,True,1,,,,,,2026-09-23T17:39:48Z,0,
https://takshashila.org.in/content/publications/assets/The-New-Bioweapons-Peril.pdf,pdf,pdf,304,not_modified,https://takshashila.org.in/content/publications/assets/The-New-Bioweapons-Peril.pdf,0,,,0,https://takshashila.org.in/content/publications/20220114-The-New-Bioweapons-Peril.html,"[""known_state"", ""links""]",False,True,1,,,,,,2026-09-23T17:39:48Z,0,
https://takshashila.org.in/content/publications/assets/russia-ukraine-tensions-risk-india.pdf,pdf,pdf,304,not_modified,https://takshashila.org.in/content/publications/assets/russia-ukraine-tensions-risk-india.pdf,0,,,0,https://takshashila.org.in/content/publications/20211231-russia-ukraine-tensions-risk-india.html,"[""known_state"", ""links""]",False,True,1,,,,,,2026-09-23T17:39:48Z,0,
https://takshashila.org.in/content/publications/assets/TACKLING-NEW-COVID-19-VARIANTS.pdf,pdf,pdf,304,not_modified,https://takshashila.org.in/content/publications/assets/TACKLING-NEW-COVID-19-VARIANTS.pdf,0,,,0,https://takshashila.org.in/content/publications/20211207-TACKLING-NEW-COVID-19-VARIANTS.html,"[""known_state"", ""links""]",False,True,1,,,,,,2026-09-23T17:39:49Z,0,
https://takshashila.org.in/content/publications/assets/Governance-of-DCNs-II-Opportunities-and-Benefits-20211217-TDD-v1.pdf,pdf,pdf,304,not_modified,https://takshashila.org.in/content/publications/assets/Governance-of-DCNs-II-Opportunities-and-Benefits-20211217-TDD-v1.pdf,0,,,0,https://takshashila.org.in/content/publications/20211217-governance-of-dcns-II-opportunities-and-benefits.html,"[""known_state"", ""links""]",False,True,1,,,,,,2026-09-23T17:39:49Z,0,
https://takshashila.org.in/content/publications/assets/The-US-No-First-Use-V1.0-1.pdf,pdf,pdf,304,not_modified,https://takshashila.org.in/content/publications/assets/The-US-No-First-Use-V1.0-1.pdf,0,,,0,https://takshashila.org.in/content/publications/20211111-the-us-and-no-first-use.html,"[""known_state"", ""links""]",False,True,1,,,,,,2026-09-23T17:39:49Z,0,
https://takshashila.org.in/content/publications/assets/chinas-technical-standardisation-framework.pdf,pdf,pdf,304,not_modified,https://takshashila.org.in/content/publications/assets/chinas-technical-standardisation-framework.pdf,0,,,0,https://takshashila.org.in/content/publications/20220117-chinas-technical-standardisation-framework.html,"[""known_state"", ""links""]",False,True,1,,,,,,2026-09-23T17:39:50Z,0,
https://takshashila.org.in/content/publications/assets/India-Russia-Space-Cooperation-A-Way-Forward.pdf,pdf,pdf,304,not_modified,https://takshashila.org.in/content/publications/assets/India-Russia-Space-Cooperation-A-Way-Forward.pdf,0,,,0,https://takshashila.org.in/content/publications/20211013-India-Russia-Space-Cooperation-A-Way-Forward.html,"[""known_state"", ""links""]",False,True,1,,,,,,2026-09-23T17:39:50Z,0,
https://takshashila.org.in/content/publications/assets/Vaccine-Diplomacy-framework-for-India.pdf,pdf,pdf,304,not_modified,https://takshashila.org.in/content/publications/assets/Vaccine-Diplomacy-framework-for-India.pdf,0,,,0,https://takshashila.org.in/content/publications/20211108-Vaccine-Diplomacy-framework-for-India.html,"[""known_state"", ""links""]",False,True,1,,,,,,2026-09-23T17:39:50Z,0,
https://takshashila.org.in/content/publications/assets/civilian-military-developments-tibet.pdf,pdf,pdf,304,not_modified,https://takshashila.org.in/content/publications/assets/civilian-military-developments-tibet.pdf,0,,,0,https://takshashila.org.in/content/publications/20211206-civilian-military-developments-tibet.html,"[""known_state"", ""links""]",False,True,1,,,,,,2026-09-23T17:39:50Z,0,
https://takshashila.org.in/content/publications/assets/Indias-path-to-Power.pdf,pdf,pdf,304,not_modified,https://takshashila.org.in/content/publications/assets/Indias-path-to-Power.pdf,0,,,0,https://takshashila.org.in/content/publications/20211002-Indias-Path-to-Power.html,"[""known_state"", ""links""]",False,True,1,,,,,,2026-09-23T17:39:50Z,0,
https://takshashila.org.in/content/publications/assets/Taliban's-Afghanistan-Takeover.pdf,pdf,pdf,304,not_modified,https://takshashila.org.in/content/publications/assets/Taliban's-Afghanistan-Takeover.pdf,0,,,0,https://takshashila.org.in/content/publications/20211001-Taliban's-Afghanistan-Takeover.html,"[""known_state"", ""links""]",False,True,1,,,,,,2026-09-23T17:39:51Z,0,
https://takshashila.org.in/content/publications/assets/Shaping-Narratives-Through-Selective-Use-of-Numbers-A-COVID-19-Case-Study.pdf,pdf,pdf,304,not_modified,https://takshashila.org.in/content/publications/assets/Shaping-Narratives-Through-Selective-Use-of-Numbers-A-COVID-19-Case-Study.pdf,0,,,0,https://takshashila.org.in/content/publications/20210910-Shaping-Narratives-Through-Selective-Use-of-Numbers-A-COVID-19-Case-Study.html,"[""known_state"", ""links""]",False,True,1,,,,,,2026-09-23T17:39:51Z,0,
https://takshashila.org.in/content/publications/assets/TDD-Quantum-Tech-AG-SB-V1.pdf,pdf,pdf,304,not_modified,https://takshashila.org.in/content/publications/assets/TDD-Quantum-Tech-AG-SB-V1.pdf,0,,,0,https://takshashila.org.in/content/publications/20220203-building-indias-quantum-ecosystem.html,"[""known_state"", ""links""]",False,True,1,,,,,,2026-09-23T17:39:51Z,0,
https://takshashila.org.in/content/publications/assets/Space-as-a-Geopolitical-Environment.pdf,pdf,pdf,304,not_modified,https://takshashila.org.in/content/publications/assets/Space-as-a-Geopolitical-Environment.pdf,0,,,0,https://takshashila.org.in/content/publications/20210902-space-as-a-geospatial-environment.html,"[""known_state"", ""links""]",False,True,1,,,,,,2026-09-23T17:39:51Z,0,
https://takshashila.org.in/content/publications/assets/TDD-The-Geopolitics-of-Standards-AG-V1-1.pdf,pdf,pdf,304,not_modified,https://takshashila.org.in/content/publications/assets/TDD-The-Geopolitics-of-Standards-AG-V1-1.pdf,0,,,0,https://takshashila.org.in/content/publications/20211021-navigating-geopolitics-of-international-technical-standards-for-india.html,"[""known_state"", ""links""]",False,True,1,,,,,,2026-09-23T17:39:51Z,0,
https://takshashila.org.in/content/publications/assets/Indias-Path-to-Power-Hindi.pdf,pdf,pdf,304,not_modified,https://takshashila.org.in/content/publications/assets/Indias-Path-to-Power-Hindi.pdf,0,,,0,https://takshashila.org.in/content/publications/20211002-Indias-Path-to-Power.html,"[""known_state"", ""links""]",False,True,1,,,,,,2026-09-23T17:39:52Z,0,
https://takshashila.org.in/content/publications/assets/India-and-the-Artemis-Accords.pdf,pdf,pdf,304,not_modified,https://takshashila.org.in/content/publications/assets/India-and-the-Artemis-Accords.pdf,0,,,0,https://takshashila.org.in/content/publications/20210729-India-and-the-Artemis-Accords.html,"[""known_state"", ""links""]",False,True,2,,,,,,2026-09-23T17:39:52Z,0,
https://takshashila.org.in/content/publications/assets/TWP-Governance-of-DCNs-1-Harms-Categorisation.pdf,pdf,pdf,304,not_modified,https://takshashila.org.in/content/publications/assets/TWP-Governance-of-DCNs-1-Harms-Categorisation.pdf,0,,,0,https://takshashila.org.in/content/publications/20210726-TWP-Governance-of-DCNs-1-Harms-Categorisation.html,"[""known_state"", ""links""]",False,True,1,,,,,,2026-09-23T17:39:52Z,0,
https://takshashila.org.in/content/publications/assets/how-indians-view-the-world.pdf,pdf,pdf,304,not_modified,https://takshashila.org.in/content/publications/assets/how-indians-view-the-world.pdf,0,,,0,https://takshashila.org.in/content/publications/20220222-how-indians-view-the-world.html,"[""known_state"", ""links""]",False,True,1,,,,,,2026-09-23T17:39:53Z,0,
https://takshashila.org.in/content/publications/assets/Policy-Guide-for-Vaccine-Mandates-AG-SNV1.pdf,pdf,pdf,304,not_modified,https://takshashila.org.in/content/publications/assets/Policy-Guide-for-Vaccine-Mandates-AG-SNV1.pdf,0,,,0,https://takshashila.org.in/content/publications/20210831-Policy-Guide-for-Vaccine-Mandates-AG.html,"[""known_state"", ""links""]",False,True,1,,,,,,2026-09-23T17:39:53Z,0,
https://takshashila.org.in/content/publications/assets/A-Review-of-Roles-ITBP-and-Indian-Coast-Guard.pdf,pdf,pdf,304,not_modified,https://takshashila.org.in/content/publications/assets/A-Review-of-Roles-ITBP-and-Indian-Coast-Guard.pdf,0,,,0,https://takshashila.org.in/content/publications/20210706-A-Review-of-Roles-ITBP-and-Indian-Coast-Guard.html,"[""known_state"", ""links""]",False,True,1,,,,,,2026-09-23T17:39:53Z,0,
https://takshashila.org.in/content/publications/assets/TDD-National-Epidemic-Intelligence-Service-for-India.pdf,pdf,pdf,304,not_modified,https://takshashila.org.in/content/publications/assets/TDD-National-Epidemic-Intelligence-Service-for-India.pdf,0,,,0,https://takshashila.org.in/content/publications/20210819-TDD-National-Epidemic-Intelligence-Service-for-India.html,"[""known_state"", ""links""]",False,True,1,,,,,,2026-09-23T17:39:53Z,0,
https://takshashila.org.in/content/publications/assets/Emerging-Paradigms-of-National-Security-Threats-Responses.pdf,pdf,pdf,304,not_modified,https://takshashila.org.in/content/publications/assets/Emerging-Paradigms-of-National-Security-Threats-Responses.pdf,0,,,0,https://takshashila.org.in/content/publications/20210716-Emerging-Paradigms-of-National-Security-Threats-Responses.html,"[""known_state"", ""links""]",False,True,1,,,,,,2026-09-23T17:39:53Z,0,
https://takshashila.org.in/content/publications/assets/The-Longmarch-5b-Incidents.pdf,pdf,pdf,304,not_modified,https://takshashila.org.in/content/publications/assets/The-Longmarch-5b-Incidents.pdf,0,,,0,https://takshashila.org.in/content/publications/20210524-The-Longmarch-5b-Incidents.html,"[""known_state"", ""links""]",False,True,1,,,,,,2026-09-23T17:39:54Z,0,
https://takshashila.org.in/content/publications/assets/TIB-Biobanking-policies-in-India.pdf,pdf,pdf,304,not_modified,https://takshashila.org.in/content/publications/assets/TIB-Biobanking-policies-in-India.pdf,0,,,0,https://takshashila.org.in/content/publications/20210915-TIB-Biobanking-policies-in-India.html,"[""known_state"", ""links""]",False,True,1,,,,,,2026-09-23T17:39:54Z,0,
https://takshashila.org.in/content/publications/assets/Managed-Reopening-After-Lockdown.pdf,pdf,pdf,304,not_modified,https://takshashila.org.in/content/publications/assets/Managed-Reopening-After-Lockdown.pdf,0,,,0,https://takshashila.org.in/content/publications/20210614-Managed-Reopening-After-Lockdown.html,"[""known_state"", ""links""]",False,True,1,,,,,,2026-09-23T17:39:54Z,0,
https://takshashila.org.in/content/publications/assets/NP_IPPR.pdf,pdf,pdf,304,not_modified,https://takshashila.org.in/content/publications/assets/NP_IPPR.pdf,0,,,0,https://takshashila.org.in/content/publications/20210702-NP_IPPR.html,"[""known_state"", ""links""]",False,True,1,,,,,,2026-09-23T17:39:55Z,0,
https://takshashila.org.in/content/publications/assets/Takshashila-Space-Doctrine.pdf,pdf,pdf,304,not_modified,https://takshashila.org.in/content/publications/assets/Takshashila-Space-Doctrine.pdf,0,,,0,https://takshashila.org.in/content/publications/20210316-a-space-doctrine-for-india.html,"[""known_state"", ""links""]",False,True,1,,,,,,2026-09-23T17:39:55Z,0,
https://takshashila.org.in/content/publications/assets/Biden-Evolving-Indo-Pacific-Policy.pdf,pdf,pdf,304,not_modified,https://takshashila.org.in/content/publications/assets/Biden-Evolving-Indo-Pacific-Policy.pdf,0,,,0,https://takshashila.org.in/content/publications/20210430-Biden-Evolving-Indo-Pacific-Policy.html,"[""known_state"", ""links""]",False,True,1,,,,,,2026-09-23T17:39:55Z,0,
https://takshashila.org.in/content/publications/assets/Takshashila-Space-Doctrine-Explained.pdf,pdf,pdf,304,not_modified,https://takshashila.org.in/content/publications/assets/Takshashila-Space-Doctrine-Explained.pdf,0,,,0,https://takshashila.org.in/content/publications/20210316-a-space-doctrine-for-india.html,"[""known_state"", ""links""]",False,True,1,,,,,,2026-09-23T17:39:55Z,0,
https://takshashila.org.in/content/publications/assets/Seeking-a-Seat-at-the-Table-India-Turns-to-the-Arctic.pdf,pdf,pdf,304,not_modified,https://takshashila.org.in/content/publications/assets/Seeking-a-Seat-at-the-Table-India-Turns-to-the-Arctic.pdf,0,,,0,https://takshashila.org.in/content/publications/20210301-Seeking-a-Seat-at-the-Table-India-Turns-to-the-Arctic.html,"[""known_state"", ""links""]",False,True,1,,,,,,2026-09-23T17:39:56Z,0,
https://takshashila.org.in/content/publications/assets/Recommendations-on-Demand-for-Grants-V1-0-.pdf,pdf,pdf,304,not_modified,https://takshashila.org.in/content/publications/assets/Recommendations-on-Demand-for-Grants-V1-0-.pdf,0,,,0,https://takshashila.org.in/content/publications/20210311-comments-to-parliamentary-standing-committee-on-science-and-technology-environment-forests-and-climate-change-on-demand-for-grants-dfgs-in-the-budget-for-fy-2021-22.html,"[""known_state"", ""links""]",False,True,1,,,,,,2026-09-23T17:39:56Z,0,
https://takshashila.org.in/content/publications/assets/Chinas-Nuclear-Ambiguity-and-its-Impact-on-India.pdf,pdf,pdf,304,not_modified,https://takshashila.org.in/content/publications/assets/Chinas-Nuclear-Ambiguity-and-its-Impact-on-India.pdf,0,,,0,https://takshashila.org.in/content/publications/20210407-Chinas-Nuclear-Ambiguity-and-its-Impact-on-India.html,"[""known_state"", ""links""]",False,True,1,,,,,,2026-09-23T17:39:56Z,0,
https://takshashila.org.in/content/publications/assets/A-Rare-Earths-Strategy-For-India-TBP_AK_v1.0.pdf,pdf,pdf,304,not_modified,https://takshashila.org.in/content/publications/assets/A-Rare-Earths-Strategy-For-India-TBP_AK_v1.0.pdf,0,,,0,https://takshashila.org.in/content/publications/20210228-a-rare-earths-strategy-for-india.html,"[""known_state"", ""links""]",False,True,1,,,,,,2026-09-23T17:39:56Z,0,
https://takshashila.org.in/content/publications/assets/Indias-Opportunity-to-Displace-China-in-Global-Supply-Chains_TDD_V1.0-2.pdf,pdf,pdf,304,not_modified,https://takshashila.org.in/content/publications/assets/Indias-Opportunity-to-Displace-China-in-Global-Supply-Chains_TDD_V1.0-2.pdf,0,,,0,https://takshashila.org.in/content/publications/20210113-Indias-Opportunity-to-Displace-China-in-Global-Supply-Chains_TDD_V1.0-2.html,"[""known_state"", ""links""]",False,True,1,,,,,,2026-09-23T17:39:56Z,0,
https://takshashila.org.in/content/publications/assets/IPR-India-Theatre-Expansion.pdf,pdf,pdf,304,not_modified,https://takshashila.org.in/content/publications/assets/IPR-India-Theatre-Expansion.pdf,0,,,0,https://takshashila.org.in/content/publications/20210111-IPR-India-Theatre-Expansion.html,"[""known_state"", ""links""]",False,True,1,,,,,,2026-09-23T17:39:57Z,0,
https://takshashila.org.in/content/publications/assets/TDS-A-Strategy-to-Make-India-a-Biotech-Leader-by-2025.pdf,pdf,pdf,304,not_modified,https://takshashila.org.in/content/publications/assets/TDS-A-Strategy-to-Make-India-a-Biotech-Leader-by-2025.pdf,0,,,0,https://takshashila.org.in/content/publications/20201117-TDS-A-Strategy-to-Make-India-a-Biotech-Leader-by-2025.html,"[""known_state"", ""links""]",False,True,1,,,,,,2026-09-23T17:39:57Z,0,
https://takshashila.org.in/content/publications/assets/Analysis-of-Serosurveys-in-India.pdf,pdf,pdf,304,not_modified,https://takshashila.org.in/content/publications/assets/Analysis-of-Serosurveys-in-India.pdf,0,,,0,https://takshashila.org.in/content/publications/20201106-Analysis-of-Serosurveys-in-India.html,"[""known_state"", ""links""]",False,True,1,,,,,,2026-09-23T17:39:57Z,0,
https://takshashila.org.in/content/publications/assets/A-COVID-19-Vaccine-Deployment-Strategy-For-India.pdf,pdf,pdf,304,not_modified,https://takshashila.org.in/content/publications/assets/A-COVID-19-Vaccine-Deployment-Strategy-For-India.pdf,0,,,0,https://takshashila.org.in/content/publications/20201105-A-COVID-19-Vaccine-Deployment-Strategy-For-India.html,"[""known_state"", ""links""]",False,True,1,,,,,,2026-09-23T17:39:58Z,0,
https://takshashila.org.in/content/publications/assets/Constraining-the-Pakistani-Military-Jihadi-Complex-In-a-Post-COVID-World.pdf,pdf,pdf,304,not_modified,https://takshashila.org.in/content/publications/assets/Constraining-the-Pakistani-Military-Jihadi-Complex-In-a-Post-COVID-World.pdf,0,,,0,https://takshashila.org.in/content/publications/20201005-Constraining-the-Pakistani-Military-Jihadi-Complex-In-a-Post-COVID-World.html,"[""known_state"", ""links""]",False,True,1,,,,,,2026-09-23T17:39:58Z,0,
https://takshashila.org.in/content/publications/assets/v1-1-Submarine-Cables.pdf,pdf,pdf,304,not_modified,https://takshashila.org.in/content/publications/assets/v1-1-Submarine-Cables.pdf,0,,,0,https://takshashila.org.in/content/publications/20201022-submarine-cables.html,"[""known_state"", ""links""]",False,True,1,,,,,,2026-09-23T17:39:58Z,0,
https://takshashila.org.in/content/publications/assets/TDD-Ethical-Guidelines-for-Clinical-Trials-and-Research-in-India.pdf,pdf,pdf,304,not_modified,https://takshashila.org.in/content/publications/assets/TDD-Ethical-Guidelines-for-Clinical-Trials-and-Research-in-India.pdf,0,,,0,https://takshashila.org.in/content/publications/20201001-TDD-Ethical-Guidelines-for-Clinical-Trials-and-Research-in-India.html,"[""known_state"", ""links""]",False,True,1,,,,,,2026-09-23T17:39:59Z,0,
https://takshashila.org.in/content/publications/assets/5G-Huawei-Geopolitics-An-Indian-Roadmap.pdf,pdf,pdf,304,not_modified,https://takshashila.org.in/content/publications/assets/5G-Huawei-Geopolitics-An-Indian-Roadmap.pdf,0,,,0,https://takshashila.org.in/content/publications/20200920-5G-Huawei-Geopolitics-An-Indian-Roadmap.html,"[""known_state"", ""links""]",False,True,1,,,,,,2026-09-23T17:39:59Z,0,
https://takshashila.org.in/content/publications/assets/States-Migrant-Workers-and-the-Pandemic.pdf,pdf,pdf,304,not_modified,https://takshashila.org.in/content/publications/assets/States-Migrant-Workers-and-the-Pandemic.pdf,0,,,0,https://takshashila.org.in/content/publications/20200919-States-Migrant-Workers-and-the-Pandemic.html,"[""known_state"", ""links""]",False,True,1,,,,,,2026-09-23T17:39:59Z,0,
https://takshashila.org.in/content/publications/assets/Supplementing-Policing-Capacity-for-COVID-19-Duties.pdf,pdf,pdf,304,not_modified,https://takshashila.org.in/content/publications/assets/Supplementing-Policing-Capacity-for-COVID-19-Duties.pdf,0,,,0,https://takshashila.org.in/content/publications/20200903-Supplementing-Policing-Capacity-for-COVID-19-Duties.html,"[""known_state"", ""links""]",False,True,1,,,,,,2026-09-23T17:39:59Z,0,
https://takshashila.org.in/content/publications/assets/COVID-19-Vaccine-Strategy-for-India_TDD_SN-et-al_04092020.pdf,pdf,pdf,304,not_modified,https://takshashila.org.in/content/publications/assets/COVID-19-Vaccine-Strategy-for-India_TDD_SN-et-al_04092020.pdf,0,,,0,https://takshashila.org.in/content/publications/20200904-COVID-19-Vaccine-Deployment-Strategy-for-India.html,"[""known_state"", ""links""]",False,True,1,,,,,,2026-09-23T17:39:59Z,0,
https://takshashila.org.in/content/publications/assets/China-India-Doklam-in-2020.pdf,pdf,pdf,304,not_modified,https://takshashila.org.in/content/publications/assets/China-India-Doklam-in-2020.pdf,0,,,0,https://takshashila.org.in/content/publications/20210104-China-India-Doklam-in-2020.html,"[""known_state"", ""links""]",False,True,1,,,,,,2026-09-23T17:40:00Z,0,
https://takshashila.org.in/content/publications/assets/Indian-Approach-to-Navigate-China-Rise.pdf,pdf,pdf,304,not_modified,https://takshashila.org.in/content/publications/assets/Indian-Approach-to-Navigate-China-Rise.pdf,0,,,0,https://takshashila.org.in/content/publications/20200928-Indian-Approach-to-Navigate-China-Rise.html,"[""known_state"", ""links""]",False,True,1,,,,,,2026-09-23T17:40:00Z,0,
https://takshashila.org.in/content/publications/assets/The-China-Challenge.pdf,pdf,pdf,304,not_modified,https://takshashila.org.in/content/publications/assets/The-China-Challenge.pdf,0,,,0,https://takshashila.org.in/content/publications/20201231-The-China-Challenge.html,"[""known_state"", ""links""]",False,True,1,,,,,,2026-09-23T17:40:00Z,0,
https://takshashila.org.in/content/publications/assets/Military-Resource-Allocation-Framework.pdf,pdf,pdf,304,not_modified,https://takshashila.org.in/content/publications/assets/Military-Resource-Allocation-Framework.pdf,0,,,0,https://takshashila.org.in/content/publications/20200731-Military-Resource-Allocation-Framework.html,"[""known_state"", ""links""]",False,True,1,,,,,,2026-09-23T17:40:00Z,0,
https://takshashila.org.in/content/publications/assets/Takshashila-Discussion-Document-Reimagining-India's-Public-Health-Governance-System.pdf,pdf,pdf,304,not_modified,https://takshashila.org.in/content/publications/assets/Takshashila-Discussion-Document-Reimagining-India's-Public-Health-Governance-System.pdf,0,,,0,https://takshashila.org.in/content/publications/2020819-Takshashila-Discussion%20Document-Reimagining-India's-Public-Health-Governance-System.html,"[""known_state"", ""links""]",False,True,1,,,,,,2026-09-23T17:40:01Z,0,
https://takshashila.org.in/content/publications/assets/India-Semiconductor-Ecosystem-TDS-Aug21.pdf,pdf,pdf,304,not_modified,https://takshashila.org.in/content/publications/assets/India-Semiconductor-Ecosystem-TDS-Aug21.pdf,0,,,0,https://takshashila.org.in/content/publications/20210809-indias-semiconductor-ecosystem-swot-analysis.html,"[""known_state"", ""links""]",False,True,1,,,,,,2026-09-23T17:40:01Z,0,
https://takshashila.org.in/content/publications/assets/COVID-19-Testing-strategy-for-India.pdf,pdf,pdf,304,not_modified,https://takshashila.org.in/content/publications/assets/COVID-19-Testing-strategy-for-India.pdf,0,,,0,https://takshashila.org.in/content/publications/20200709-COVID-19-Testing-strategy-for-India.html,"[""known_state"", ""links""]",False,True,1,,,,,,2026-09-23T17:40:01Z,0,
https://takshashila.org.in/content/publications/assets/COVID-Lessons-from-the-Second-World-War-18-June-Takshashila-Institution-v1.0.pdf,pdf,pdf,304,not_modified,https://takshashila.org.in/content/publications/assets/COVID-Lessons-from-the-Second-World-War-18-June-Takshashila-Institution-v1.0.pdf,0,,,0,https://takshashila.org.in/content/publications/20200618-COVID-Lessons-from-the-Second-World-War-18-June-Takshashila-Institution-v1.0.html,"[""known_state"", ""links""]",False,True,1,,,,,,2026-09-23T17:40:01Z,0,
https://takshashila.org.in/content/publications/assets/National-Security-Plan-for-COVID19.pdf,pdf,pdf,304,not_modified,https://takshashila.org.in/content/publications/assets/National-Security-Plan-for-COVID19.pdf,0,,,0,https://takshashila.org.in/content/publications/20200616-National-Security-Plan-for-COVID19.html,"[""known_state"", ""links""]",False,True,1,,,,,,2026-09-23T17:40:01Z,0,
https://takshashila.org.in/content/publications/assets/Analysing-Digital-Platforms-Response-to-COVID-19-Information-Disorder.pdf,pdf,pdf,304,not_modified,https://takshashila.org.in/content/publications/assets/Analysing-Digital-Platforms-Response-to-COVID-19-Information-Disorder.pdf,0,,,0,https://takshashila.org.in/content/publications/20200626-Analysing-Digital-Platforms-Response-to-COVID-19-Information-Disorder.html,"[""known_state"", ""links""]",False,True,1,,,,,,2026-09-23T17:40:02Z,0,
https://takshashila.org.in/content/publications/assets/Takshashila-Policy-Advisory-COVID-19-Reopening-Schools-in-India.pdf,pdf,pdf,304,not_modified,https://takshashila.org.in/content/publications/assets/Takshashila-Policy-Advisory-COVID-19-Reopening-Schools-in-India.pdf,0,,,0,https://takshashila.org.in/content/publications/20200605-Takshashila-Policy-Advisory-COVID-19-Reopening-Schools-in-India.html,"[""known_state"", ""links""]",False,True,1,,,,,,2026-09-23T17:40:02Z,0,
https://takshashila.org.in/content/publications/assets/Pooled-testing-for-the-Policymaker.pdf,pdf,pdf,304,not_modified,https://takshashila.org.in/content/publications/assets/Pooled-testing-for-the-Policymaker.pdf,0,,,0,https://takshashila.org.in/content/publications/20200609-Pooled-testing-for-the-Policymaker.html,"[""known_state"", ""links""]",False,True,1,,,,,,2026-09-23T17:40:02Z,0,
https://takshashila.org.in/content/publications/assets/India-Theatre-Command-System-Prakash-Menon-Mar21-Takshashila.pdf,pdf,pdf,304,not_modified,https://takshashila.org.in/content/publications/assets/India-Theatre-Command-System-Prakash-Menon-Mar21-Takshashila.pdf,0,,,0,https://takshashila.org.in/content/publications/20200612-indias-theatre-command-system.html,"[""known_state"", ""links""]",False,True,1,,,,,,2026-09-23T17:40:03Z,0,
https://takshashila.org.in/content/publications/assets/A-Rare-Earths-Strategy-for-India-TDD-AK-AP-NR-v1.0.pdf,pdf,pdf,304,not_modified,https://takshashila.org.in/content/publications/assets/A-Rare-Earths-Strategy-for-India-TDD-AK-AP-NR-v1.0.pdf,0,,,0,https://takshashila.org.in/content/publications/20201224-a-rare-earths-strategy-for-india.html,"[""known_state"", ""links""]",False,True,1,,,,,,2026-09-23T17:40:03Z,0,
https://takshashila.org.in/content/publications/assets/TDS-Technological-Interventions-for-COVID-19-Management-An-Analysis.pdf,pdf,pdf,304,not_modified,https://takshashila.org.in/content/publications/assets/TDS-Technological-Interventions-for-COVID-19-Management-An-Analysis.pdf,0,,,0,https://takshashila.org.in/content/publications/20200522-TDS-Technological-Interventions-for-COVID-19-Management-An-Analysis.html,"[""known_state"", ""links""]",False,True,1,,,,,,2026-09-23T17:40:03Z,0,
https://takshashila.org.in/content/publications/assets/Takshashila-Strategic-Assessment-India-COVID-19-and-West-Asia.pdf,pdf,pdf,304,not_modified,https://takshashila.org.in/content/publications/assets/Takshashila-Strategic-Assessment-India-COVID-19-and-West-Asia.pdf,0,,,0,https://takshashila.org.in/content/publications/20200609-Takshashila-Strategic-Assessment-India-COVID-19-and-West-Asia.html,"[""known_state"", ""links""]",False,True,1,,,,,,2026-09-23T17:40:03Z,0,
https://takshashila.org.in/content/publications/assets/Recommended-Draft-Space-Activities-Regulation-Bill.pdf,pdf,pdf,304,not_modified,https://takshashila.org.in/content/publications/assets/Recommended-Draft-Space-Activities-Regulation-Bill.pdf,0,,,0,https://takshashila.org.in/content/publications/20200521-Recommended-Draft-Space-Activities-Regulation-Bill.html,"[""known_state"", ""links""]",False,True,1,,,,,,2026-09-23T17:40:04Z,0,
https://takshashila.org.in/content/publications/assets/TDS-A-Pathway-for-Post-Pandemic-Economic-Reconstruction-AM-SP-AK-V1-2.pdf,pdf,pdf,304,not_modified,https://takshashila.org.in/content/publications/assets/TDS-A-Pathway-for-Post-Pandemic-Economic-Reconstruction-AM-SP-AK-V1-2.pdf,0,,,0,https://takshashila.org.in/content/publications/20200527-a-pathway-for-post-pandemic-economic-reconstruction.html,"[""known_state"", ""links""]",False,True,1,,,,,,2026-09-23T17:40:04Z,0,
https://takshashila.org.in/content/publications/assets/TDD-Attracting-Large-Investments-in-the-Post-COVID-19-World-SK-SP-18thMay-v1.0.pdf,pdf,pdf,304,not_modified,https://takshashila.org.in/content/publications/assets/TDD-Attracting-Large-Investments-in-the-Post-COVID-19-World-SK-SP-18thMay-v1.0.pdf,0,,,0,https://takshashila.org.in/content/publications/20200518-TDD-Attracting-Large-Investments-in-the-Post-COVID-19-World-SK-SP-18thMay-v1.0.html,"[""known_state"", ""links""]",False,True,1,,,,,,2026-09-23T17:40:04Z,0,
https://takshashila.org.in/content/publications/assets/China-Maritime-Coercion-in-COVID-19.pdf,pdf,pdf,304,not_modified,https://takshashila.org.in/content/publications/assets/China-Maritime-Coercion-in-COVID-19.pdf,0,,,0,https://takshashila.org.in/content/publications/20200603-China-Maritime-Coercion-in-COVID-19.html,"[""known_state"", ""links""]",False,True,1,,,,,,2026-09-23T17:40:04Z,0,
https://takshashila.org.in/content/publications/assets/TDS-Gene-Drives-Risk-Assessment.pdf,pdf,pdf,304,not_modified,https://takshashila.org.in/content/publications/assets/TDS-Gene-Drives-Risk-Assessment.pdf,0,,,0,https://takshashila.org.in/content/publications/20200522-TDS-Gene-Drives-Risk-Assessment.html,"[""known_state"", ""links""]",False,True,1,,,,,,2026-09-23T17:40:05Z,0,
https://takshashila.org.in/content/publications/assets/Takshashila-How-to-improve-testing-for-COVID-19_V1.0.pdf,pdf,pdf,304,not_modified,https://takshashila.org.in/content/publications/assets/Takshashila-How-to-improve-testing-for-COVID-19_V1.0.pdf,0,,,0,https://takshashila.org.in/content/publications/20200515-Takshashila-How-to-improve-testing-for-COVID-19_V1.0.html,"[""known_state"", ""links""]",False,True,1,,,,,,2026-09-23T17:40:05Z,0,
https://takshashila.org.in/content/publications/assets/The-Doklam-Imbroglio-July-2020-Update.pdf,pdf,pdf,304,not_modified,https://takshashila.org.in/content/publications/assets/The-Doklam-Imbroglio-July-2020-Update.pdf,0,,,0,https://takshashila.org.in/content/publications/20200716-The-Doklam-Imbroglio-July-2020-Update.html,"[""known_state"", ""links""]",False,True,1,,,,,,2026-09-23T17:40:05Z,0,
https://takshashila.org.in/content/publications/assets/China-Foreign-Policy-in-the-Post-Covid-World-Order.pdf,pdf,pdf,304,not_modified,https://takshashila.org.in/content/publications/assets/China-Foreign-Policy-in-the-Post-Covid-World-Order.pdf,0,,,0,https://takshashila.org.in/content/publications/20200429-China-Foreign-Policy-in-the-Post-Covid-World-Order.html,"[""known_state"", ""links""]",False,True,1,,,,,,2026-09-23T17:40:05Z,0,
https://takshashila.org.in/content/publications/assets/India-post-Covid-World-Order.pdf,pdf,pdf,304,not_modified,https://takshashila.org.in/content/publications/assets/India-post-Covid-World-Order.pdf,0,,,0,https://takshashila.org.in/content/publications/20200507-India-post-Covid-World-Order.html,"[""known_state"", ""links""]",False,True,1,,,,,,2026-09-23T17:40:06Z,0,
https://takshashila.org.in/content/publications/assets/Takshashila-COVID-19-Healthcare-Measures-to-Tackle-a-Second-Wave-in-India.pdf,pdf,pdf,304,not_modified,https://takshashila.org.in/content/publications/assets/Takshashila-COVID-19-Healthcare-Measures-to-Tackle-a-Second-Wave-in-India.pdf,0,,,0,https://takshashila.org.in/content/publications/20200518-Takshashila-COVID-19-Healthcare-Measures-to-Tackle-a-Second-Wave-in-India.html,"[""known_state"", ""links""]",False,True,1,,,,,,2026-09-23T17:40:06Z,0,
https://takshashila.org.in/content/publications/assets/TSA-Impact-of-Covid-19-on-PLA-SD-MK-April-30-2020-V-1.0.pdf,pdf,pdf,304,not_modified,https://takshashila.org.in/content/publications/assets/TSA-Impact-of-Covid-19-on-PLA-SD-MK-April-30-2020-V-1.0.pdf,0,,,0,https://takshashila.org.in/content/publications/20200430-Impact-of-Covid-19-on-PLA.html,"[""known_state"", ""links""]",False,True,1,,,,,,2026-09-23T17:40:06Z,0,
https://takshashila.org.in/content/publications/assets/TSA-Pakistan-Covid19.pdf,pdf,pdf,304,not_modified,https://takshashila.org.in/content/publications/assets/TSA-Pakistan-Covid19.pdf,0,,,0,https://takshashila.org.in/content/publications/20200328-TSA-Pakistan-Covid19.html,"[""known_state"", ""links""]",False,True,1,,,,,,2026-09-23T17:40:06Z,0,
https://takshashila.org.in/content/publications/assets/TDD-Measures-for-India-to-tackle-biowarfare-threats.pdf,pdf,pdf,304,not_modified,https://takshashila.org.in/content/publications/assets/TDD-Measures-for-India-to-tackle-biowarfare-threats.pdf,0,,,0,https://takshashila.org.in/content/publications/20191423-TDD-Measures-for-India-to-tackle-biowarfare-threats.html,"[""known_state"", ""links""]",False,True,1,,,,,,2026-09-23T17:40:07Z,0,
https://takshashila.org.in/content/publications/assets/India-and-the-Saudi-Russia-Oil-Price-War.pdf,pdf,pdf,304,not_modified,https://takshashila.org.in/content/publications/assets/India-and-the-Saudi-Russia-Oil-Price-War.pdf,0,,,0,https://takshashila.org.in/content/publications/20200409-India-and-the-Saudi-Russia-Oil-Price-War.html,"[""known_state"", ""links""]",False,True,1,,,,,,2026-09-23T17:40:07Z,0,
https://takshashila.org.in/content/publications/assets/TPA-National-Reopening-V1.0.pdf,pdf,pdf,304,not_modified,https://takshashila.org.in/content/publications/assets/TPA-National-Reopening-V1.0.pdf,0,,,0,https://takshashila.org.in/content/publications/20200418-TPA-National-Reopening-V1.0.pdf.html,"[""known_state"", ""links""]",False,True,1,,,,,,2026-09-23T17:40:07Z,0,
https://takshashila.org.in/content/publications/assets/TDD-Networked-Protests-State-Responses-The-Case-of-Hong-Kong.pdf,pdf,pdf,304,not_modified,https://takshashila.org.in/content/publications/assets/TDD-Networked-Protests-State-Responses-The-Case-of-Hong-Kong.pdf,0,,,0,https://takshashila.org.in/content/publications/20200414-TDD-Networked-Protests-State-Responses-The-Case-of-Hong-Kong.html,"[""known_state"", ""links""]",False,True,1,,,,,,2026-09-23T17:40:07Z,0,
https://takshashila.org.in/content/publications/assets/An-Indian-Approach-Towards-Strategic-Petroleum-Reserves.pdf,pdf,pdf,304,not_modified,https://takshashila.org.in/content/publications/assets/An-Indian-Approach-Towards-Strategic-Petroleum-Reserves.pdf,0,,,0,https://takshashila.org.in/content/publications/20200317-An-Indian-Approach-Towards-Strategic-Petroleum-Reserves.html,"[""known_state"", ""links""]",False,True,1,,,,,,2026-09-23T17:40:08Z,0,
https://takshashila.org.in/content/publications/assets/Governing-Tech-Platforms-in-India.pdf,pdf,pdf,304,not_modified,https://takshashila.org.in/content/publications/assets/Governing-Tech-Platforms-in-India.pdf,0,,,0,https://takshashila.org.in/content/publications/20200207-Governing-Tech-Platforms-in-India.html,"[""known_state"", ""links""]",False,True,1,,,,,,2026-09-23T17:40:08Z,0,
https://takshashila.org.in/content/publications/assets/A-Framework-for-Enabling-Predictive-Genomics-to-Improve-Public-Health-in-India.pdf,pdf,pdf,304,not_modified,https://takshashila.org.in/content/publications/assets/A-Framework-for-Enabling-Predictive-Genomics-to-Improve-Public-Health-in-India.pdf,0,,,0,https://takshashila.org.in/content/publications/20200319-A-Framework-for-Enabling-Predictive-Genomics-to-Improve-Public-Health-in-India.html,"[""known_state"", ""links""]",False,True,1,,,,,,2026-09-23T17:40:08Z,0,
https://takshashila.org.in/content/publications/assets/PRC-Influence-on-Taiwan-Polity.pdf,pdf,pdf,304,not_modified,https://takshashila.org.in/content/publications/assets/PRC-Influence-on-Taiwan-Polity.pdf,0,,,0,https://takshashila.org.in/content/publications/20200108-PRC-Influence-on-Taiwan-Polity.html,"[""known_state"", ""links""]",False,True,1,,,,,,2026-09-23T17:40:09Z,0,
https://takshashila.org.in/content/publications/assets/TWP-Central-Transfers-on-Health-PK-DK-PS-AC-2018-03.pdf,pdf,pdf,304,not_modified,https://takshashila.org.in/content/publications/assets/TWP-Central-Transfers-on-Health-PK-DK-PS-AC-2018-03.pdf,0,,,0,https://takshashila.org.in/content/publications/20200317-TDD_SPRBackground_AM_RS_NR_V2_2020-02.html,"[""known_state"", ""links""]",False,True,2,,,,,,2026-09-23T17:40:09Z,0,
https://takshashila.org.in/content/publications/assets/Putting-India-on-the-road-to-becoming-an-AI-superpower.pdf,pdf,pdf,304,not_modified,https://takshashila.org.in/content/publications/assets/Putting-India-on-the-road-to-becoming-an-AI-superpower.pdf,0,,,0,https://takshashila.org.in/content/publications/20190915-Putting-India-on-the-road-to-becoming-an-AI-superpower.html,"[""known_state"", ""links""]",False,True,1,,,,,,2026-09-23T17:40:09Z,0,
https://takshashila.org.in/content/publications/assets/The-New-Space-Policy-2020.pdf,pdf,pdf,304,not_modified,https://takshashila.org.in/content/publications/assets/The-New-Space-Policy-2020.pdf,0,,,0,https://takshashila.org.in/content/publications/20200108-The-New-Space-Policy-2020.html,"[""known_state"", ""links""]",False,True,1,,,,,,2026-09-23T17:40:09Z,0,
https://takshashila.org.in/content/publications/assets/Modi-Xi-Informal-Summit.pdf,pdf,pdf,304,not_modified,https://takshashila.org.in/content/publications/assets/Modi-Xi-Informal-Summit.pdf,0,,,0,https://takshashila.org.in/content/publications/20191007-Modi-Xi-Informal-Summit.html,"[""known_state"", ""links""]",False,True,1,,,,,,2026-09-23T17:40:09Z,0,
https://takshashila.org.in/content/publications/assets/Space-power-and-Space-Warfare.pdf,pdf,pdf,304,not_modified,https://takshashila.org.in/content/publications/assets/Space-power-and-Space-Warfare.pdf,0,,,0,https://takshashila.org.in/content/publications/20191211-Space-power-and-Space-Warfare.html,"[""known_state"", ""links""]",False,True,1,,,,,,2026-09-23T17:40:10Z,0,
https://takshashila.org.in/content/publications/assets/TRP-Shaping-the-Military-Instrument.pdf,pdf,pdf,304,not_modified,https://takshashila.org.in/content/publications/assets/TRP-Shaping-the-Military-Instrument.pdf,0,,,0,https://takshashila.org.in/content/publications/20190726-TRP-Shaping-the-Military-Instrument.html,"[""known_state"", ""links""]",False,True,1,,,,,,2026-09-23T17:40:10Z,0,
https://takshashila.org.in/content/publications/assets/Takshashila-Doctrine-Document-National-Security.pdf,pdf,pdf,304,not_modified,https://takshashila.org.in/content/publications/assets/Takshashila-Doctrine-Document-National-Security.pdf,0,,,0,https://takshashila.org.in/pages/research-areas/strategic-studies.html,"[""known_state"", ""links""]",False,True,2,,,,,,2026-09-23T17:40:10Z,0,
https://takshashila.org.in/content/publications/assets/TDD-Kashmir-The-Way-Forward.pdf,pdf,pdf,304,not_modified,https://takshashila.org.in/content/publications/assets/TDD-Kashmir-The-Way-Forward.pdf,0,,,0,https://takshashila.org.in/content/publications/20190814-TDD-Kashmir-The-Way-Forward.html,"[""known_state"", ""links""]",False,True,1,,,,,,2026-09-23T17:40:11Z,0,
https://takshashila.org.in/content/publications/assets/TDD-Global-Nuclear-First-Use-GPM-AR-KK-2019-03.pdf,pdf,pdf,304,not_modified,https://takshashila.org.in/content/publications/assets/TDD-Global-Nuclear-First-Use-GPM-AR-KK-2019-03.pdf,0,,,0,https://takshashila.org.in/content/publications/20190621-nuclear-first-use-a-critique.html,"[""known_state"", ""links""]",False,True,1,,,,,,2026-09-23T17:40:11Z,0,
https://takshashila.org.in/content/publications/assets/TDS-The-Kra-Canal-What-Does-It-Mean-For-India.pdf,pdf,pdf,304,not_modified,https://takshashila.org.in/content/publications/assets/TDS-The-Kra-Canal-What-Does-It-Mean-For-India.pdf,0,,,0,https://takshashila.org.in/content/publications/20190409-TDS-The-Kra-Canal-What-Does-It-Mean-For-India.html,"[""known_state"", ""links""]",False,True,1,,,,,,2026-09-23T17:40:11Z,0,
https://takshashila.org.in/content/publications/assets/TDD-Managing-the-HR-Challenge.pdf,pdf,pdf,304,not_modified,https://takshashila.org.in/content/publications/assets/TDD-Managing-the-HR-Challenge.pdf,0,,,0,https://takshashila.org.in/content/publications/20190117-TDD-Managing-the-HR-Challenge.html,"[""known_state"", ""links""]",False,True,1,,,,,,2026-09-23T17:40:11Z,0,
https://takshashila.org.in/content/publications/assets/Takshashila-Doctrine-Document-National-Security-Explained.pdf,pdf,pdf,304,not_modified,https://takshashila.org.in/content/publications/assets/Takshashila-Doctrine-Document-National-Security-Explained.pdf,0,,,0,https://takshashila.org.in/content/publications/20190603-a-national-security-doctrine-for-india.html,"[""known_state"", ""links""]",False,True,1,,,,,,2026-09-23T17:40:11Z,0,
https://takshashila.org.in/content/publications/assets/Xi-Military-Reforms.pdf,pdf,pdf,304,not_modified,https://takshashila.org.in/content/publications/assets/Xi-Military-Reforms.pdf,0,,,0,https://takshashila.org.in/content/publications/20200309-Xi-Military-Reforms.html,"[""known_state"", ""links""]",False,True,1,,,,,,2026-09-23T17:40:12Z,0,
https://takshashila.org.in/content/publications/assets/TWP-Central-Transfers-on-Health.pdf,pdf,pdf,304,not_modified,https://takshashila.org.in/content/publications/assets/TWP-Central-Transfers-on-Health.pdf,0,,,0,https://takshashila.org.in/content/publications/20181219-TWP-Central-Transfers-on-Health.html,"[""known_state"", ""links""]",False,True,1,,,,,,2026-09-23T17:40:12Z,0,
https://takshashila.org.in/content/publications/assets/TBLP-Justice-Srikrishna-Committee-Documents-on-Data-Protection.pdf,pdf,pdf,304,not_modified,https://takshashila.org.in/content/publications/assets/TBLP-Justice-Srikrishna-Committee-Documents-on-Data-Protection.pdf,0,,,0,https://takshashila.org.in/content/publications/20180829-TBLP-Justice-Srikrishna-Committee-Documents-on-Data-Protection.html,"[""known_state"", ""links""]",False,True,1,,,,,,2026-09-23T17:40:12Z,0,
https://takshashila.org.in/content/publications/assets/TPA-Comments-to-the-Draft-Personal-Data-Protection-Bill.pdf,pdf,pdf,304,not_modified,https://takshashila.org.in/content/publications/assets/TPA-Comments-to-the-Draft-Personal-Data-Protection-Bill.pdf,0,,,0,https://takshashila.org.in/content/publications/20181012-TPA-Comments-to-the-Draft-Personal-Data-Protection-Bill.html,"[""known_state"", ""links""]",False,True,1,,,,,,2026-09-23T17:40:12Z,0,
https://takshashila.org.in/content/publications/assets/TRP-Regulating-Platforms-AM-2018-01.pdf,pdf,pdf,304,not_modified,https://takshashila.org.in/content/publications/assets/TRP-Regulating-Platforms-AM-2018-01.pdf,0,,,0,https://takshashila.org.in/content/publications/20180801-regulating-multi-sided-platforms-challenges-in-the-indian-context.html,"[""known_state"", ""links""]",False,True,1,,,,,,2026-09-23T17:40:13Z,0,
https://takshashila.org.in/content/publications/assets/Chinas-Quest-for-AI-Leadership.pdf,pdf,pdf,304,not_modified,https://takshashila.org.in/content/publications/assets/Chinas-Quest-for-AI-Leadership.pdf,0,,,0,https://takshashila.org.in/content/publications/20181001-Chinas-Quest-for-AI-Leadership.html,"[""known_state"", ""links""]",False,True,1,,,,,,2026-09-23T17:40:13Z,0,
https://takshashila.org.in/content/publications/assets/TDD-Mobilised-Violence-MC-AP-DJ-2018-03.pdf,pdf,pdf,304,not_modified,https://takshashila.org.in/content/publications/assets/TDD-Mobilised-Violence-MC-AP-DJ-2018-03.pdf,0,,,0,https://takshashila.org.in/content/publications/20181204-TDD-Mobilised-Violence-MC-AP-DJ-2018-03.html,"[""known_state"", ""links""]",False,True,1,,,,,,2026-09-23T17:40:13Z,0,
https://takshashila.org.in/content/publications/assets/TSA-Impact-of-Pashtun-Tahafuz-Movement.pdf,pdf,pdf,304,not_modified,https://takshashila.org.in/content/publications/assets/TSA-Impact-of-Pashtun-Tahafuz-Movement.pdf,0,,,0,https://takshashila.org.in/content/publications/20180620-TSA-Impact-of-Pashtun-Tahafuz-Movement.html,"[""known_state"", ""links""]",False,True,1,,,,,,2026-09-23T17:40:13Z,0,
https://takshashila.org.in/content/publications/assets/TSA-Political-Developments-in-Sri-Lanka.pdf,pdf,pdf,304,not_modified,https://takshashila.org.in/content/publications/assets/TSA-Political-Developments-in-Sri-Lanka.pdf,0,,,0,https://takshashila.org.in/content/publications/20180410-TSA-Political-Developments-in-Sri-Lanka.html,"[""known_state"", ""links""]",False,True,1,,,,,,2026-09-23T17:40:14Z,0,
https://takshashila.org.in/content/publications/assets/TDS-Assessing-Chinas-Engagement-in-the-Indian-Subcontinent.pdf,pdf,pdf,304,not_modified,https://takshashila.org.in/content/publications/assets/TDS-Assessing-Chinas-Engagement-in-the-Indian-Subcontinent.pdf,0,,,0,https://takshashila.org.in/content/publications/20180510-TDS-Assessing-Chinas-Engagement-in-the-Indian-Subcontinent.html,"[""known_state"", ""links""]",False,True,1,,,,,,2026-09-23T17:40:14Z,0,
https://takshashila.org.in/content/publications/assets/TDD-Indias-Strategies-New-World-Order-AK-PK-AM-2018-02.pdf,pdf,pdf,304,not_modified,https://takshashila.org.in/content/publications/assets/TDD-Indias-Strategies-New-World-Order-AK-PK-AM-2018-02.pdf,0,,,0,https://takshashila.org.in/content/publications/20180709-TDD-Indias-Strategies-New-World-Order-AK-PK-AM-2018-02.html,"[""known_state"", ""links""]",False,True,1,,,,,,2026-09-23T17:40:14Z,0,
https://takshashila.org.in/content/publications/assets/TSA-India-Bhutan-Relationships.pdf,pdf,pdf,304,not_modified,https://takshashila.org.in/content/publications/assets/TSA-India-Bhutan-Relationships.pdf,0,,,0,https://takshashila.org.in/content/publications/20180507-TSA-India-Bhutan-Relationships.html,"[""known_state"", ""links""]",False,True,1,,,,,,2026-09-23T17:40:15Z,0,
https://takshashila.org.in/content/publications/assets/TDS-Indias-China-Reset-An-Assessment.pdf,pdf,pdf,304,not_modified,https://takshashila.org.in/content/publications/assets/TDS-Indias-China-Reset-An-Assessment.pdf,0,,,0,https://takshashila.org.in/content/publications/20180427-TDS-Indias-China-Reset-An-Assessment.html,"[""known_state"", ""links""]",False,True,1,,,,,,2026-09-23T17:40:15Z,0,
https://takshashila.org.in/content/publications/assets/A-Qualitative-and-Quantitative-Analysis-of-Public-Health-Expenditure-in-India.pdf,pdf,pdf,304,not_modified,https://takshashila.org.in/content/publications/assets/A-Qualitative-and-Quantitative-Analysis-of-Public-Health-Expenditure-in-India.pdf,0,,,0,https://takshashila.org.in/content/publications/20180705-A-Qualitative-and-Quantitative-Analysis-of-Public-Health-Expenditure-in-India.html,"[""known_state"", ""links""]",False,True,1,,,,,,2026-09-23T17:40:15Z,0,
https://takshashila.org.in/content/publications/assets/TDD-Indias-Strategies-New-World-Order.pdf,pdf,pdf,304,not_modified,https://takshashila.org.in/content/publications/assets/TDD-Indias-Strategies-New-World-Order.pdf,0,,,0,https://takshashila.org.in/content/publications/20180709-TDD-Indias-Strategies-New-World-Order.html,"[""known_state"", ""links""]",False,True,1,,,,,,2026-09-23T17:40:15Z,0,
https://takshashila.org.in/content/publications/assets/10021-TBLP-A-Framework-for-Governing-Human-Gene-Editing-in-India.pdf,pdf,pdf,304,not_modified,https://takshashila.org.in/content/publications/assets/10021-TBLP-A-Framework-for-Governing-Human-Gene-Editing-in-India.pdf,0,,,0,https://takshashila.org.in/content/publications/20171231-framework-for-governing-human-gene-editing-in-india.html,"[""known_state"", ""links""]",False,True,1,,,,,,2026-09-23T17:40:15Z,0,
https://takshashila.org.in/content/publications/assets/TWP-Differentiating-Unintended-Consequences-From-Unanticipated-Ones-A-Policy-Framework-VKS-PK-2017-02.pdf,pdf,pdf,304,not_modified,https://takshashila.org.in/content/publications/assets/TWP-Differentiating-Unintended-Consequences-From-Unanticipated-Ones-A-Policy-Framework-VKS-PK-2017-02.pdf,0,,,0,https://takshashila.org.in/content/publications/20171219-TWP-Differentiating-Unintended-Consequences-From-Unanticipated-Ones-A-Policy-Framework-VKS-PK-2017-02.html,"[""known_state"", ""links""]",False,True,1,,,,,,2026-09-23T17:40:16Z,0,
https://takshashila.org.in/content/publications/assets/The-Hostage-Handover-in-Pakistan.pdf,pdf,pdf,304,not_modified,https://takshashila.org.in/content/publications/assets/The-Hostage-Handover-in-Pakistan.pdf,0,,,0,https://takshashila.org.in/content/publications/20171017-The-Hostage-Handover-in-Pakistan.html,"[""known_state"", ""links""]",False,True,1,,,,,,2026-09-23T17:40:16Z,0,
https://takshashila.org.in/content/publications/assets/TPP-Governing-Gene-Editing.pdf,pdf,pdf,304,not_modified,https://takshashila.org.in/content/publications/assets/TPP-Governing-Gene-Editing.pdf,0,,,0,https://takshashila.org.in/content/publications/20170923-TPP-Governing-Gene-Editing.html,"[""known_state"", ""links""]",False,True,1,,,,,,2026-09-23T17:40:16Z,0,
https://takshashila.org.in/content/publications/assets/Charting-a-New-Framework-for-Data-Protection-in-India.pdf,pdf,pdf,304,not_modified,https://takshashila.org.in/content/publications/assets/Charting-a-New-Framework-for-Data-Protection-in-India.pdf,0,,,0,https://takshashila.org.in/content/publications/20171011-Charting-a-New-Framework-for-Data-Protection-in-India.html,"[""known_state"", ""links""]",False,True,1,,,,,,2026-09-23T17:40:16Z,0,
https://takshashila.org.in/content/publications/assets/TDC-The-other-Pakistan.pdf,pdf,pdf,304,not_modified,https://takshashila.org.in/content/publications/assets/TDC-The-other-Pakistan.pdf,0,,,0,https://takshashila.org.in/content/publications/20170917-TDC-The-other-Pakistan.html,"[""known_state"", ""links""]",False,True,1,,,,,,2026-09-23T17:40:17Z,0,
https://takshashila.org.in/content/publications/assets/Climate-Change-and-National-Security.pdf,pdf,pdf,304,not_modified,https://takshashila.org.in/content/publications/assets/Climate-Change-and-National-Security.pdf,0,,,0,https://takshashila.org.in/content/publications/20170208-Climate-Change-and-National-Security.html,"[""known_state"", ""links""]",False,True,1,,,,,,2026-09-23T17:40:17Z,0,
https://takshashila.org.in/content/publications/assets/TPA-Data-Protection-Framework-for-India.pdf,pdf,pdf,304,not_modified,https://takshashila.org.in/content/publications/assets/TPA-Data-Protection-Framework-for-India.pdf,0,,,0,https://takshashila.org.in/content/publications/20180221-TPA-Data-Protection-Framework-for-India.html,"[""known_state"", ""links""]",False,True,1,,,,,,2026-09-23T17:40:18Z,0,
https://takshashila.org.in/content/publications/assets/TDD-Beyond-Consent-Data-Protection.pdf,pdf,pdf,304,not_modified,https://takshashila.org.in/content/publications/assets/TDD-Beyond-Consent-Data-Protection.pdf,0,,,0,https://takshashila.org.in/content/publications/20170728-TDD-Beyond-Consent-Data-Protection.html,"[""known_state"", ""links""]",False,True,1,,,,,,2026-09-23T17:40:17Z,0,
https://takshashila.org.in/content/publications/assets/Individual-Liberty-vs-Public-Security-in-a-RNS.pdf,pdf,pdf,304,not_modified,https://takshashila.org.in/content/publications/assets/Individual-Liberty-vs-Public-Security-in-a-RNS.pdf,0,,,0,https://takshashila.org.in/content/publications/20170117-Individual-Liberty-vs-Public-Security-in-a-RNS.html,"[""known_state"", ""links""]",False,True,1,,,,,,2026-09-23T17:40:18Z,0,
https://takshashila.org.in/content/publications/assets/ClimateChange-NationalSecurity.pdf,pdf,pdf,304,not_modified,https://takshashila.org.in/content/publications/assets/ClimateChange-NationalSecurity.pdf,0,,,0,https://takshashila.org.in/content/publications/20170208-ClimateChange-NationalSecurity.html,"[""known_state"", ""links""]",False,True,1,,,,,,2026-09-23T17:40:18Z,0,
https://takshashila.org.in/content/publications/assets/Kaveri-Water-Management_Nidhi-Gupta.pdf,pdf,pdf,304,not_modified,https://takshashila.org.in/content/publications/assets/Kaveri-Water-Management_Nidhi-Gupta.pdf,0,,,0,https://takshashila.org.in/content/publications/20170612-Kaveri-Water-Management_Nidhi-Gupta.html,"[""known_state"", ""links""]",False,True,1,,,,,,2026-09-23T17:40:18Z,0,
https://takshashila.org.in/content/publications/assets/The-India-Pakistan-conflict-escalation-framework.pdf,pdf,pdf,304,not_modified,https://takshashila.org.in/content/publications/assets/The-India-Pakistan-conflict-escalation-framework.pdf,0,,,0,https://takshashila.org.in/content/publications/20170614-The-India-Pakistan-conflict-escalation-framework.html,"[""known_state"", ""links""]",False,True,1,,,,,,2026-09-23T17:40:18Z,0,
https://takshashila.org.in/content/publications/assets/Diaspora-Evacuation-Roundtable.pdf,pdf,pdf,304,not_modified,https://takshashila.org.in/content/publications/assets/Diaspora-Evacuation-Roundtable.pdf,0,,,0,https://takshashila.org.in/content/publications/20161202-Diaspora-Evacuation-Roundtable.html,"[""known_state"", ""links""]",False,True,1,,,,,,2026-09-23T17:40:19Z,0,
https://takshashila.org.in/content/publications/assets/TBLP-The-Role-of-Airpower-in-India's-National-Security.pdf,pdf,pdf,304,not_modified,https://takshashila.org.in/content/publications/assets/TBLP-The-Role-of-Airpower-in-India's-National-Security.pdf,0,,,0,https://takshashila.org.in/content/publications/20161129-TBLP-The-Role-of-Airpower-in-India's-National-Security.html,"[""known_state"", ""links""]",False,True,1,,,,,,2026-09-23T17:40:19Z,0,
https://takshashila.org.in/content/publications/assets/Analysing-India-Post-Uri-Through-a-Conflict-Escalation-Framework.pdf,pdf,pdf,304,not_modified,https://takshashila.org.in/content/publications/assets/Analysing-India-Post-Uri-Through-a-Conflict-Escalation-Framework.pdf,0,,,0,https://takshashila.org.in/content/publications/20161201-Analysing-India-Post-Uri-Through-a-Conflict-Escalation-Framework.html,"[""known_state"", ""links""]",False,True,1,,,,,,2026-09-23T17:40:19Z,0,
https://takshashila.org.in/content/publications/assets/TDD-Unaccounted-Income-AM-MV-2016-05-29-Nov1.pdf.pdf,pdf,pdf,304,not_modified,https://takshashila.org.in/content/publications/assets/TDD-Unaccounted-Income-AM-MV-2016-05-29-Nov1.pdf.pdf,0,,,0,https://takshashila.org.in/content/publications/20161130-TDD-Unaccounted-Income-AM-MV-2016-05-29-Nov1.html,"[""known_state"", ""links""]",False,True,1,,,,,,2026-09-23T17:40:20Z,0,
https://takshashila.org.in/content/publications/assets/TDD-Defamation-Reform-MC-MV-2016-03.pdf,pdf,pdf,304,not_modified,https://takshashila.org.in/content/publications/assets/TDD-Defamation-Reform-MC-MV-2016-03.pdf,0,,,0,https://takshashila.org.in/content/publications/20161126-TDD-Defamation-Reform-MC-MV-2016-03.html,"[""known_state"", ""links""]",False,True,1,,,,,,2026-09-23T17:40:20Z,0,
https://takshashila.org.in/content/publications/assets/Slidedoc-Currency-Reform-Analysis.pdf,pdf,pdf,304,not_modified,https://takshashila.org.in/content/publications/assets/Slidedoc-Currency-Reform-Analysis.pdf,0,,,0,https://takshashila.org.in/content/publications/20161123-Slidedoc-Currency-Reform-Analysis.html,"[""known_state"", ""links""]",False,True,1,,,,,,2026-09-23T17:40:20Z,0,
https://takshashila.org.in/content/publications/assets/Quality-of-Service-Based-Differential-Pricing-for-Data-Services.pdf,pdf,pdf,304,not_modified,https://takshashila.org.in/content/publications/assets/Quality-of-Service-Based-Differential-Pricing-for-Data-Services.pdf,0,,,0,https://takshashila.org.in/content/publications/20190801-Quality-of-Service-Based-Differential-Pricing-for-Data-Services.html,"[""known_state"", ""links""]",False,True,1,,,,,,2026-09-23T17:40:20Z,0,
https://takshashila.org.in/content/publications/assets/TPB-2016-02-SG-Pune-Parking.pdf,pdf,pdf,304,not_modified,https://takshashila.org.in/content/publications/assets/TPB-2016-02-SG-Pune-Parking.pdf,0,,,0,https://takshashila.org.in/content/publications/20160609-TPA-Privatising-Film-Certification-MC-AA-SP-SG-2016-03.html,"[""known_state"", ""links""]",False,True,2,,,,,,2026-09-23T17:40:20Z,0,
https://takshashila.org.in/content/publications/assets/TBLP-Reviewing-India's-Coastal-Security-Architecture.pdf,pdf,pdf,304,not_modified,https://takshashila.org.in/content/publications/assets/TBLP-Reviewing-India's-Coastal-Security-Architecture.pdf,0,,,0,https://takshashila.org.in/content/publications/20161007-TBLP-Reviewing-India's-Coastal-Security-Architecture.html,"[""known_state"", ""links""]",False,True,1,,,,,,2026-09-23T17:40:20Z,0,
https://takshashila.org.in/content/publications/assets/TDD-Economic-Social-Policy-Asher-2015-03.pdf,pdf,pdf,304,not_modified,https://takshashila.org.in/content/publications/assets/TDD-Economic-Social-Policy-Asher-2015-03.pdf,0,,,0,https://takshashila.org.in/content/publications/20150813-TDD-Economic-Social-Policy-Asher-2015-03.html,"[""known_state"", ""links""]",False,True,1,,,,,,2026-09-23T17:40:21Z,0,
https://takshashila.org.in/content/publications/assets/US-containment-of-China's-influence.pdf,pdf,pdf,304,not_modified,https://takshashila.org.in/content/publications/assets/US-containment-of-China's-influence.pdf,0,,,0,https://takshashila.org.in/content/publications/20150824-US-containment-of-China's-influence.html,"[""known_state"", ""links""]",False,True,1,,,,,,2026-09-23T17:40:21Z,0,
https://takshashila.org.in/content/publications/assets/TCS-PFI-UK-SS-MA-2015-02.pdf,pdf,pdf,304,not_modified,https://takshashila.org.in/content/publications/assets/TCS-PFI-UK-SS-MA-2015-02.pdf,0,,,0,https://takshashila.org.in/content/publications/20151129-TCS-PFI-UK-SS-MA-2015-02.pdf.html,"[""known_state"", ""links""]",False,True,1,,,,,,2026-09-23T17:40:21Z,0,
https://takshashila.org.in/content/publications/assets/TCS-Metronet-Implications-India-MA-2015-01.pdf,pdf,pdf,304,not_modified,https://takshashila.org.in/content/publications/assets/TCS-Metronet-Implications-India-MA-2015-01.pdf,0,,,0,https://takshashila.org.in/content/publications/20150826-TCS-Metronet-Implications-India-MA-2015-01.html,"[""known_state"", ""links""]",False,True,1,,,,,,2026-09-23T17:40:22Z,0,
https://takshashila.org.in/content/publications/assets/ICT-Governance-Agenda-For-BRICS.pdf,pdf,pdf,304,not_modified,https://takshashila.org.in/content/publications/assets/ICT-Governance-Agenda-For-BRICS.pdf,0,,,0,https://takshashila.org.in/content/publications/20150531-ICT-Governance-Agenda-For-BRICS.html,"[""known_state"", ""links""]",False,True,1,,,,,,2026-09-23T17:40:22Z,0,
https://takshashila.org.in/content/publications/assets/The-Eightfold-Path-to-Indias-Nuclear-Fuel-Supply-Security.pdf,pdf,pdf,304,not_modified,https://takshashila.org.in/content/publications/assets/The-Eightfold-Path-to-Indias-Nuclear-Fuel-Supply-Security.pdf,0,,,0,https://takshashila.org.in/content/publications/20150520-The-Eightfold-Path-to-Indias-Nuclear-Fuel-Supply-Security.html,"[""known_state"", ""links""]",False,True,1,,,,,,2026-09-23T17:40:22Z,0,
https://takshashila.org.in/content/publications/assets/India-Pakistan-conflict-escalation-framework.pdf,pdf,pdf,304,not_modified,https://takshashila.org.in/content/publications/assets/India-Pakistan-conflict-escalation-framework.pdf,0,,,0,https://takshashila.org.in/content/publications/20150726-India-Pakistan-conflict-escalation-framework.html,"[""known_state"", ""links""]",False,True,1,,,,,,2026-09-23T17:40:22Z,0,
https://takshashila.org.in/content/publications/assets/Reforming-Public-Procurement-Legislation-in-India.pdf,pdf,pdf,304,not_modified,https://takshashila.org.in/content/publications/assets/Reforming-Public-Procurement-Legislation-in-India.pdf,0,,,0,https://takshashila.org.in/content/publications/20150417-Reforming-Public-Procurement-Legislation-in-India.html,"[""known_state"", ""links""]",False,True,1,,,,,,2026-09-23T17:40:23Z,0,
https://takshashila.org.in/content/publications/assets/Politics-of-Radically-Networked-Societies.pdf,pdf,pdf,304,not_modified,https://takshashila.org.in/content/publications/assets/Politics-of-Radically-Networked-Societies.pdf,0,,,0,https://takshashila.org.in/content/publications/20150401-Politics-of-Radically-Networked-Societies.html,"[""known_state"", ""links""]",False,True,1,,,,,,2026-09-23T17:40:23Z,0,
https://takshashila.org.in/content/publications/assets/India-Iran-Mapping-the-future.pdf,pdf,pdf,304,not_modified,https://takshashila.org.in/content/publications/assets/India-Iran-Mapping-the-future.pdf,0,,,0,https://takshashila.org.in/content/publications/20150713-India-Iran-Mapping-the-future.html,"[""known_state"", ""links""]",False,True,1,,,,,,2026-09-23T17:40:23Z,0,
https://takshashila.org.in/content/publications/assets/TPA-2014-07-Helping-Karnataka-Industries-Reach-New-Heights.pdf,pdf,pdf,304,not_modified,https://takshashila.org.in/content/publications/assets/TPA-2014-07-Helping-Karnataka-Industries-Reach-New-Heights.pdf,0,,,0,https://takshashila.org.in/content/publications/20140729-Helping-Karnataka-Industries-Reach-New-Heights.html,"[""known_state"", ""links""]",False,True,1,,,,,,2026-09-23T17:40:23Z,0,
https://takshashila.org.in/content/publications/assets/Reforming-ONGC-Videsh-for-India's-Energy-Security.pdf,pdf,pdf,304,not_modified,https://takshashila.org.in/content/publications/assets/Reforming-ONGC-Videsh-for-India's-Energy-Security.pdf,0,,,0,https://takshashila.org.in/content/publications/20141029-Reforming-ONGC-Videsh-for-India's-Energy-Security.html,"[""known_state"", ""links""]",False,True,1,,,,,,2026-09-23T17:40:24Z,0,
https://takshashila.org.in/content/publications/assets/Fiscal-Consolidation-is-Key-to-Economic-Growth.pdf,pdf,pdf,304,not_modified,https://takshashila.org.in/content/publications/assets/Fiscal-Consolidation-is-Key-to-Economic-Growth.pdf,0,,,0,https://takshashila.org.in/content/publications/20140707-Fiscal-Consolidation-is-Key-to-Economic-Growth.html,"[""known_state"", ""links""]",False,True,1,,,,,,2026-09-23T17:40:24Z,0,
https://takshashila.org.in/content/publications/assets/China-Economic-Outlook-in-2015.pdf,pdf,pdf,304,not_modified,https://takshashila.org.in/content/publications/assets/China-Economic-Outlook-in-2015.pdf,0,,,0,https://takshashila.org.in/content/publications/20141027-China-Economic-Outlook-in-2015.html,"[""known_state"", ""links""]",False,True,1,,,,,,2026-09-23T17:40:24Z,0,
https://takshashila.org.in/content/publications/assets/TDD-Chinas-Economic-Outlook-in-2015.pdf,pdf,pdf,304,not_modified,https://takshashila.org.in/content/publications/assets/TDD-Chinas-Economic-Outlook-in-2015.pdf,0,,,0,https://takshashila.org.in/content/publications/20141027-TDD-Chinas-Economic-Outlook-in-2015.html,"[""known_state"", ""links""]",False,True,1,,,,,,2026-09-23T17:40:24Z,0,
https://takshashila.org.in/content/publications/assets/TDD-FiscalConsolidationKeytoGrowth-MVN-July2014.pdf,pdf,pdf,304,not_modified,https://takshashila.org.in/content/publications/assets/TDD-FiscalConsolidationKeytoGrowth-MVN-July2014.pdf,0,,,0,https://takshashila.org.in/content/publications/20140707-Fiscal-Consolidation.html,"[""known_state"", ""links""]",False,True,1,,,,,,2026-09-23T17:40:25Z,0,
https://takshashila.org.in/content/publications/assets/India-and-International-Norms.pdf,pdf,pdf,304,not_modified,https://takshashila.org.in/content/publications/assets/India-and-International-Norms.pdf,0,,,0,https://takshashila.org.in/content/publications/20230801-India-and-International-Norms.html,"[""known_state"", ""links""]",False,True,1,,,,,,2026-09-23T17:40:25Z,0,
https://takshashila.org.in/content/publications/assets/TPA-InclusiveResearch-Feb2013-2-2.pdf,pdf,pdf,304,not_modified,https://takshashila.org.in/content/publications/assets/TPA-InclusiveResearch-Feb2013-2-2.pdf,0,,,0,https://takshashila.org.in/content/publications/20130213-Making-Publicly-funded-Research-Accessible-to-the%20Public.html,"[""known_state"", ""links""]",False,True,1,,,,,,2026-09-23T17:40:25Z,0,
https://takshashila.org.in/content/publications/assets/TPB-Labour-Market-Flexibility-Hemal-Shah-2014-S01.pdf,pdf,pdf,304,not_modified,https://takshashila.org.in/content/publications/assets/TPB-Labour-Market-Flexibility-Hemal-Shah-2014-S01.pdf,0,,,0,https://takshashila.org.in/content/publications/20140312-Making-Indias-Labour-Market-More-Flexible.html,"[""known_state"", ""links""]",False,True,1,,,,,,2026-09-23T17:40:25Z,0,
https://takshashila.org.in/content/publications/assets/TDD-Resolving-Indo-Bangladesh-Maritime-Dispute.pdf,pdf,pdf,304,not_modified,https://takshashila.org.in/content/publications/assets/TDD-Resolving-Indo-Bangladesh-Maritime-Dispute.pdf,0,,,0,https://takshashila.org.in/content/publications/20140629-TDD-Resolving-Indo-Bangladesh-Maritime-Dispute.html,"[""known_state"", ""links""]",False,True,1,,,,,,2026-09-23T17:40:26Z,0,
https://takshashila.org.in/content/blogs/assets/AWC-2026.pdf,pdf,pdf,304,not_modified,https://takshashila.org.in/content/blogs/assets/AWC-2026.pdf,0,,,0,https://takshashila.org.in/content/blogs/20260406-Constitution-National-Power.html,"[""known_state"", ""links""]",False,True,1,,,,,,2026-09-23T17:40:26Z,0,
https://takshashila.org.in/content/publications/assets/TPR-labour-reforms-hemal-shah-2013-S01.pdf,pdf,pdf,304,not_modified,https://takshashila.org.in/content/publications/assets/TPR-labour-reforms-hemal-shah-2013-S01.pdf,0,,,0,https://takshashila.org.in/content/publications/20130801-On-Labour-Law-Reforms-in-India.html,"[""known_state"", ""links""]",False,True,1,,,,,,2026-09-23T17:40:26Z,0,
https://takshashila.org.in/content/blogs/assets/Siliconpolitik-2025-MIJSC.pdf,pdf,pdf,304,not_modified,https://takshashila.org.in/content/blogs/assets/Siliconpolitik-2025-MIJSC.pdf,0,,,0,https://takshashila.org.in/content/blogs/20260109-challenges-opportunities-for-india-japan-semiconductor-collaboration.html,"[""known_state"", ""links""]",False,True,1,,,,,,2026-09-23T17:40:27Z,0,
https://takshashila.org.in/content/blogs/assets/TDD-Managing-the-HR-Challenge-AA-SM-PK-2019-New.pdf,pdf,pdf,304,not_modified,https://takshashila.org.in/content/blogs/assets/TDD-Managing-the-HR-Challenge-AA-SM-PK-2019-New.pdf,0,,,0,https://takshashila.org.in/content/blogs/building-indias-state-capacity.html,"[""known_state"", ""links""]",False,True,1,,,,,,2026-09-23T17:40:27Z,0,
https://takshashila.org.in/content/publications/assets/cleantech-evaluation-framework-22062026.pdf,pdf,pdf,304,not_modified,https://takshashila.org.in/content/publications/assets/cleantech-evaluation-framework-22062026.pdf,0,,,0,https://takshashila.org.in/content/publications/cleantech-evaluation-framework-22062026.html,"[""known_state"", ""links""]",False,True,1,,,,,,2026-09-23T17:40:27Z,0,
https://takshashila.org.in/content/blogs/assets/Neev-Academy-Session.pdf,pdf,pdf,304,not_modified,https://takshashila.org.in/content/blogs/assets/Neev-Academy-Session.pdf,0,,,0,https://takshashila.org.in/content/blogs/20260208-Neev-Strengthening-Indian-Republic.html,"[""known_state"", ""links""]",False,True,1,,,,,,2026-09-23T17:40:27Z,0,
https://takshashila.org.in/content/blogs/assets/Critical-Minerals-Asia-Centre.pdf,pdf,pdf,304,not_modified,https://takshashila.org.in/content/blogs/assets/Critical-Minerals-Asia-Centre.pdf,0,,,0,https://takshashila.org.in/content/blogs/20260115-Geopolitics-Critical-Minerals.html,"[""known_state"", ""links""]",False,True,1,,,,,,2026-09-23T17:40:27Z,0,
https://takshashila.org.in/content/publications/assets/policy-advisory-draft-regulations-ai-courts.pdf,pdf,pdf,304,not_modified,https://takshashila.org.in/content/publications/assets/policy-advisory-draft-regulations-ai-courts.pdf,0,,,0,https://takshashila.org.in/content/publications/policy-advisory-draft-regulations-ai-courts.html,"[""known_state"", ""links""]",False,True,1,,,,,,2026-09-23T17:40:28Z,0,
https://takshashila.org.in/content/blogs/assets/TDD-Human-Capital-Investment-GPM-PK-Sept-2019-06.pdf,pdf,pdf,304,not_modified,https://takshashila.org.in/content/blogs/assets/TDD-Human-Capital-Investment-GPM-PK-Sept-2019-06.pdf,0,,,0,https://takshashila.org.in/content/blogs/building-indias-state-capacity.html,"[""known_state"", ""links""]",False,True,1,,,,,,2026-09-23T17:40:28Z,0,
https://takshashila.org.in/content/publications/assets/ChinaArms-20062026.pdf,pdf,pdf,304,not_modified,https://takshashila.org.in/content/publications/assets/ChinaArms-20062026.pdf,0,,,0,https://takshashila.org.in/content/publications/ChinaArms-20062026.html,"[""known_state"", ""links""]",False,True,1,,,,,,2026-09-23T17:40:28Z,0,
https://takshashila.org.in/pages/research-areas/assets/TDD-Chinas-Global-Security-Initiative-MKR-V1.0.pdf,pdf,pdf,304,not_modified,https://takshashila.org.in/pages/research-areas/assets/TDD-Chinas-Global-Security-Initiative-MKR-V1.0.pdf,0,,,0,https://takshashila.org.in/pages/research-areas/indo-pacific-studies.html,"[""known_state"", ""links""]",False,True,1,,,,,,2026-09-23T17:40:28Z,0,
https://takshashila.org.in/content/publications/assets/20260907-india-has-leverage-against-the-us-and-china.pdf,pdf,pdf,304,not_modified,https://takshashila.org.in/content/publications/assets/20260907-india-has-leverage-against-the-us-and-china.pdf,0,,,0,https://takshashila.org.in/content/publications/20260907-india-has-leverage-against-the-us-and-china.html,"[""known_state"", ""links""]",False,True,1,,,,,,2026-09-23T17:40:28Z,0,
https://takshashila.org.in/content/publications/assets/20260708-ai-investment-cycle.pdf,pdf,pdf,304,not_modified,https://takshashila.org.in/content/publications/assets/20260708-ai-investment-cycle.pdf,0,,,0,https://takshashila.org.in/content/publications/20260708-ai-investment-cycle.html,"[""known_state"", ""links""]",False,True,1,,,,,,2026-09-23T17:40:29Z,0,
https://takshashila.org.in/content/publications/assets/20260724-the-war-of-disruption-anil.pdf,pdf,pdf,304,not_modified,https://takshashila.org.in/content/publications/assets/20260724-the-war-of-disruption-anil.pdf,0,,,0,https://takshashila.org.in/content/publications/20260724-the-war-of-disruption.html,"[""known_state"", ""links""]",False,True,1,,,,,,2026-09-23T17:40:29Z,0,
https://takshashila.org.in/content/publications/assets/20260807-why-is-china-giving-away-its-ai-models.pdf,pdf,pdf,304,not_modified,https://takshashila.org.in/content/publications/assets/20260807-why-is-china-giving-away-its-ai-models.pdf,0,,,0,https://takshashila.org.in/content/publications/20260807-why-is-china-giving-away-its-ai-models.html,"[""known_state"", ""links""]",False,True,1,,,,,,2026-09-23T17:40:30Z,0,
https://takshashila.org.in/content/publications/assets/china-economic-warfare-20260905.pdf,pdf,pdf,304,not_modified,https://takshashila.org.in/content/publications/assets/china-economic-warfare-20260905.pdf,0,,,0,https://takshashila.org.in/content/publications/20260905-china-economic-warfare.html,"[""known_state"", ""links""]",False,True,1,,,,,,2026-09-23T17:40:30Z,0,
https://takshashila.org.in/content/publications/assets/20260720-subsea-cable-governance.pdf,pdf,pdf,304,not_modified,https://takshashila.org.in/content/publications/assets/20260720-subsea-cable-governance.pdf,0,,,0,https://takshashila.org.in/content/publications/20260720-subsea-cable-governance.html,"[""known_state"", ""links""]",False,True,1,,,,,,2026-09-23T17:40:30Z,0,
https://takshashila.org.in/content/publications/assets/20260722-accelerating-tactical-drone-procurement-for.pdf,pdf,pdf,304,not_modified,https://takshashila.org.in/content/publications/assets/20260722-accelerating-tactical-drone-procurement-for.pdf,0,,,0,https://takshashila.org.in/content/publications/20260722-accelerating-tactical-drone-procurement-for.html,"[""known_state"", ""links""]",False,True,1,,,,,,2026-09-23T17:40:30Z,0,
https://takshashila.org.in/content/books/assets/beyond-the-himalayas.pdf,pdf,pdf,304,not_modified,https://takshashila.org.in/content/books/assets/beyond-the-himalayas.pdf,0,,,0,https://takshashila.org.in/content/books/beyond-the-himalayas.html,"[""known_state"", ""links""]",False,True,1,,,,,,2026-09-23T17:40:31Z,0,
https://takshashila.org.in/content/publications/assets/20260709-China-Japan-Escalation.pdf,pdf,pdf,304,not_modified,https://takshashila.org.in/content/publications/assets/20260709-China-Japan-Escalation.pdf,0,,,0,https://takshashila.org.in/content/publications/20260709-China-Japan-Escalation.html,"[""known_state"", ""links""]",False,True,1,,,,,,2026-09-23T17:40:31Z,0,
https://takshashila.org.in/content/publications/assets/20260911-shanti-policy-advisory.pdf,pdf,pdf,304,not_modified,https://takshashila.org.in/content/publications/assets/20260911-shanti-policy-advisory.pdf,0,,,0,https://takshashila.org.in/content/publications/20260911-shanti-policy-advisory.html,"[""known_state"", ""links""]",False,True,1,,,,,,2026-09-23T17:40:31Z,0,
https://takshashila.org.in/content/publications/assets/China-Taiwan-2027-20260903.pdf,pdf,pdf,304,not_modified,https://takshashila.org.in/content/publications/assets/China-Taiwan-2027-20260903.pdf,0,,,0,https://takshashila.org.in/content/publications/China-Taiwan-2027-20260903.html,"[""known_state"", ""links""]",False,True,1,,,,,,2026-09-23T17:40:31Z,0,
https://takshashila.org.in/content/publications/assets/20260811-swot-analysis-of-pakistans-mediation-in-west.pdf,pdf,pdf,304,not_modified,https://takshashila.org.in/content/publications/assets/20260811-swot-analysis-of-pakistans-mediation-in-west.pdf,0,,,0,https://takshashila.org.in/content/publications/20260811-swot-analysis-of-pakistans-mediation-in-west.html,"[""known_state"", ""links""]",False,True,1,,,,,,2026-09-23T17:40:31Z,0,
https://takshashila.org.in/content/publications/assets/20260905-the-partner-system-repriced.pdf,pdf,pdf,304,not_modified,https://takshashila.org.in/content/publications/assets/20260905-the-partner-system-repriced.pdf,0,,,0,https://takshashila.org.in/content/publications/20260905-the-partner-system-repriced.html,"[""known_state"", ""links""]",False,True,1,,,,,,2026-09-23T17:40:31Z,0,
https://takshashila.org.in/content/publications/assets/20260803-Bioeconomy-Strategy-2026.pdf,pdf,pdf,304,not_modified,https://takshashila.org.in/content/publications/assets/20260803-Bioeconomy-Strategy-2026.pdf,0,,,0,https://takshashila.org.in/content/publications/20260803-bioeconomy-strategy-2026.html,"[""known_state"", ""links""]",False,True,1,,,,,,2026-09-23T17:40:32Z,0,
https://takshashila.org.in/content/publications/assets/Sustaining-Outer%20Space-An-SSA-Data-Sharing-Arrangement-for-the-G20.pdf,pdf,pdf,304,not_modified,https://takshashila.org.in/content/publications/assets/Sustaining-Outer%20Space-An-SSA-Data-Sharing-Arrangement-for-the-G20.pdf,0,,,0,https://takshashila.org.in/content/publications/20230630-Sustaining-Outer-Space-An-SSA-Data-Sharing-Arrangement-for-the-G20.html,"[""known_state"", ""links""]",False,True,1,,,,,,2026-09-23T17:40:32Z,0,
https://takshashila.org.in/content/publications/assets/%20A-Case-for-India-Taiwan-Collaboration-on-Semiconductors.pdf,pdf,pdf,304,not_modified,https://takshashila.org.in/content/publications/assets/%20A-Case-for-India-Taiwan-Collaboration-on-Semiconductors.pdf,0,,,0,https://takshashila.org.in/content/publications/20220503-A-Case-for-India-Taiwan-Collaboration-on-Semiconductors.html,"[""known_state"", ""links""]",False,True,1,,,,,,2026-09-23T17:40:32Z,0,
https://takshashila.org.in/content/publications/assets/India's%20Theatre%20Expansion-Use-of-Sea-Power-to-Balance-China's-Rise.pdf,pdf,pdf,304,not_modified,https://takshashila.org.in/content/publications/assets/India's%20Theatre%20Expansion-Use-of-Sea-Power-to-Balance-China's-Rise.pdf,0,,,0,https://takshashila.org.in/content/publications/20210111-Indias-Theatre-Expansion-Use-of-Sea-Power-to-Balance-Chinas-Rise.html,"[""known_state"", ""links""]",False,True,1,,,,,,2026-09-23T17:40:33Z,0,
https://takshashila.org.in/content/publications/assets/%20Privacy-Security-and-Ownership-of-Data-in-the-Telecom-Sector.pdf,pdf,pdf,304,not_modified,https://takshashila.org.in/content/publications/assets/%20Privacy-Security-and-Ownership-of-Data-in-the-Telecom-Sector.pdf,0,,,0,https://takshashila.org.in/content/publications/20171018-Privacy-Security-and-Ownership-of-Data-in-the-Telecom-Sector.html,"[""known_state"", ""links""]",False,True,1,,,,,,2026-09-23T17:40:33Z,0,
https://takshashila.org.in/content/publications/assets/Capacity%20Analysis-for-Evacuation-of-Indian-Diaspora.pdf,pdf,pdf,304,not_modified,https://takshashila.org.in/content/publications/assets/Capacity%20Analysis-for-Evacuation-of-Indian-Diaspora.pdf,0,,,0,https://takshashila.org.in/content/publications/20160810-Capacity%20Analysis-for-Evacuation-of-Indian-Diaspora.html,"[""known_state"", ""links""]",False,True,1,,,,,,2026-09-23T17:40:33Z,0,
https://takshashila.org.in/content/publications/assets/%20A-Global-Climate-Change-Relocation-Insurance-Framework.pdf,pdf,pdf,304,not_modified,https://takshashila.org.in/content/publications/assets/%20A-Global-Climate-Change-Relocation-Insurance-Framework.pdf,0,,,0,https://takshashila.org.in/content/publications/20151210-A-Global-Climate-Change-Relocation-Insurance-Framework.html,"[""known_state"", ""links""]",False,True,1,,,,,,2026-09-23T17:40:33Z,0,
https://takshashila.org.in/content/publications/assets/Re-energising-India%E2%80%99s-biotech-ecosystem.pdf,pdf,pdf,304,not_modified,https://takshashila.org.in/content/publications/assets/Re-energising-India%E2%80%99s-biotech-ecosystem.pdf,0,,,0,https://takshashila.org.in/content/publications/20230201-Re-energising-India%E2%80%99s-biotech-ecosystem.html,"[""known_state"", ""links""]",False,True,1,,,,,,2026-09-23T17:40:34Z,0,
https://takshashila.org.in/content/publications/assets/How-States%20-Negotiated-in-the-UN%E2%80%99s-OEWG-on-Space-Threats.pdf,pdf,pdf,304,not_modified,https://takshashila.org.in/content/publications/assets/How-States%20-Negotiated-in-the-UN%E2%80%99s-OEWG-on-Space-Threats.pdf,0,,,0,https://takshashila.org.in/content/publications/20220606-How-States%20-Negotiated-in-the-UN%E2%80%99s-OEWG-on-Space-Threats.html,"[""known_state"", ""links""]",False,True,1,,,,,,2026-09-23T17:40:34Z,0,
https://takshashila.org.in/content/publications/assets/Economic-Implications-of-WhatsApp%E2%80%99s-Lawsuit-against-the-Government-of-India.pdf,pdf,pdf,304,not_modified,https://takshashila.org.in/content/publications/assets/Economic-Implications-of-WhatsApp%E2%80%99s-Lawsuit-against-the-Government-of-India.pdf,0,,,0,https://takshashila.org.in/content/publications/20210602-Economic-Implications-of-WhatsApp%E2%80%99s-Lawsuit-against-the-Government-of-India.html,"[""known_state"", ""links""]",False,True,1,,,,,,2026-09-23T17:40:34Z,0,
https://takshashila.org.in/content/publications/assets/The-case-of-the-farmers%E2%80%99-protests-in-India.pdf,pdf,pdf,304,not_modified,https://takshashila.org.in/content/publications/assets/The-case-of-the-farmers%E2%80%99-protests-in-India.pdf,0,,,0,https://takshashila.org.in/content/publications/20210508-The-case-of-the-farmers%E2%80%99-protests-in-India.html,"[""known_state"", ""links""]",False,True,1,,,,,,2026-09-23T17:40:34Z,0,
https://takshashila.org.in/content/publications/assets/Sustained-Dialogue-Process-as-India%E2%80%99s-Pakistan-Policy.pdf,pdf,pdf,304,not_modified,https://takshashila.org.in/content/publications/assets/Sustained-Dialogue-Process-as-India%E2%80%99s-Pakistan-Policy.pdf,0,,,0,https://takshashila.org.in/content/publications/20160109-Sustained-Dialogue-Process-as-India%E2%80%99s-Pakistan-Policy.html,"[""known_state"", ""links""]",False,True,1,,,,,,2026-09-23T17:40:34Z,0,
https://takshashila.org.in/content/publications/assets/India%E2%80%99s-Policy-towards-Myanmar.pdf,pdf,pdf,304,not_modified,https://takshashila.org.in/content/publications/assets/India%E2%80%99s-Policy-towards-Myanmar.pdf,0,,,0,https://takshashila.org.in/content/publications/20160218-India%E2%80%99s-Policy-towards-Myanmar.html,"[""known_state"", ""links""]",False,True,1,,,,,,2026-09-23T17:40:35Z,0,
https://takshashila.org.in/content/publications/assets/TDD-Human-Capital-Investment-Model-for-India%E2%80%99s-National-Security-System.pdf,pdf,pdf,304,not_modified,https://takshashila.org.in/content/publications/assets/TDD-Human-Capital-Investment-Model-for-India%E2%80%99s-National-Security-System.pdf,0,,,0,https://takshashila.org.in/content/publications/20190924-TDD-Human-Capital-Investment-Model-for-India%E2%80%99s-National-Security-System.html,"[""known_state"", ""links""]",False,True,1,,,,,,2026-09-23T17:40:35Z,0,
https://takshashila.org.in/content/publications/assets/Risks-to-India%E2%80%99s-national-security-from-tensions-along-the-Iran-Pakistan-border.pdf,pdf,pdf,304,not_modified,https://takshashila.org.in/content/publications/assets/Risks-to-India%E2%80%99s-national-security-from-tensions-along-the-Iran-Pakistan-border.pdf,0,,,0,https://takshashila.org.in/content/publications/20141113-Risks-to-India%E2%80%99s-national-security-from-tensions-along-the-Iran-Pakistan-border.html,"[""known_state"", ""links""]",False,True,1,,,,,,2026-09-23T17:40:39Z,0,
https://takshashila.org.in/content/publications/assets/Non-state-Threats-to-India%E2%80%99s-Maritime-Security.pdf,pdf,pdf,304,not_modified,https://takshashila.org.in/content/publications/assets/Non-state-Threats-to-India%E2%80%99s-Maritime-Security.pdf,0,,,0,https://takshashila.org.in/content/publications/20121101-Non-state-Threats-to-India%E2%80%99s-Maritime-Security.html,"[""known_state"", ""links""]",False,True,1,,,,,,2026-09-23T17:40:39Z,0,
https://takshashila.org.in/content/publications/assets/A-Survey-of-India%E2%80%99s-Energy-Prospects-in-the-Middle-East-Region.pdf,pdf,pdf,304,not_modified,https://takshashila.org.in/content/publications/assets/A-Survey-of-India%E2%80%99s-Energy-Prospects-in-the-Middle-East-Region.pdf,0,,,0,https://takshashila.org.in/content/publications/20141120-A-Survey-of-India%E2%80%99s-Energy-Prospects-in-the-Middle-East-Region.html,"[""known_state"", ""links""]",False,True,1,,,,,,2026-09-23T17:40:39Z,0,
https://takshashila.org.in/content/publications/assets/Examining-the-Opportunities-and-Challenges-for-India%E2%80%99s-Human-Spaceflight-Programme.pdf,pdf,pdf,304,not_modified,https://takshashila.org.in/content/publications/assets/Examining-the-Opportunities-and-Challenges-for-India%E2%80%99s-Human-Spaceflight-Programme.pdf,0,,,0,https://takshashila.org.in/content/publications/20221104-Examining-the-Opportunities-and-Challenges-for-India%E2%80%99s-Human-Spaceflight-Programme.html,"[""known_state"", ""links""]",False,True,1,,,,,,2026-09-23T17:40:39Z,0,
https://takshashila.org.in/content/publications/assets/A-Background-to-India%E2%80%99s-Position-in-the-Advanced-Computing-Age.pdf,pdf,pdf,304,not_modified,https://takshashila.org.in/content/publications/assets/A-Background-to-India%E2%80%99s-Position-in-the-Advanced-Computing-Age.pdf,0,,,0,https://takshashila.org.in/content/publications/20220415-A-Background-to-India%E2%80%99s-Position-in-the-Advanced-Computing-Age.html,"[""known_state"", ""links""]",False,True,1,,,,,,2026-09-23T17:40:42Z,0,
https://takshashila.org.in/content/publications/assets/India%E2%80%99s-Central-Monitoring-System-Rohan-Joshi.pdf,pdf,pdf,304,not_modified,https://takshashila.org.in/content/publications/assets/India%E2%80%99s-Central-Monitoring-System-Rohan-Joshi.pdf,0,,,0,https://takshashila.org.in/content/publications/20130710-Indias-Central-Monitoring-System.html,"[""known_state"", ""links""]",False,True,1,,,,,,2026-09-23T17:40:40Z,0,
https://takshashila.org.in/content/fellowships/assets/NASC-2025-26-Research-Proposal-Questions.pdf,pdf,pdf,304,not_modified,https://takshashila.org.in/content/fellowships/assets/NASC-2025-26-Research-Proposal-Questions.pdf,0,,,0,,"[""known_state""]",False,False,0,,,,,,2026-09-23T17:40:40Z,0,
https://takshashila.org.in/content/fellowships/assets/NAST-2025-26-Research-Questions.pdf,pdf,pdf,304,not_modified,https://takshashila.org.in/content/fellowships/assets/NAST-2025-26-Research-Questions.pdf,0,,,0,,"[""known_state""]",False,False,0,,,,,,2026-09-23T17:40:40Z,0,
https://takshashila.org.in/content/publications/assets/indo-pacific-studies-1.pdf,pdf,pdf,304,not_modified,https://takshashila.org.in/content/publications/assets/indo-pacific-studies-1.pdf,0,,,0,,"[""known_state""]",False,False,0,,,,,,2026-09-23T17:40:39Z,0,
https://takshashila.org.in/all-writing.xml,page,page,,,,0,,,0,https://takshashila.org.in/,"[""links""]",False,True,200,,,,,,,0,
https://takshashila.org.in/pages/blogs/index.xml,page,listing,,,,0,,,0,https://takshashila.org.in/pages/blogs/,"[""links""]",False,True,1,,,,,,,0,
https://takshashila.org.in/content/team/west-asia-desk.html,page,person,404,gone,https://takshashila.org.in/content/team/west-asia-desk.html,0,http,HTTP 404,0,https://takshashila.org.in/content/trackers/westasianwar/bulletins/archive/2026-07-24.html,"[""links""]",False,True,42,1,,,,,2026-09-23T17:38:08Z,0,
https://takshashila.org.in/content/team/bhumika@takshashila.org.in,page,person,404,gone,https://takshashila.org.in/content/team/bhumika@takshashila.org.in,0,http,HTTP 404,0,https://takshashila.org.in/content/team/bhumika-sevkani.html,"[""links""]",False,True,1,1,,,,,2026-09-23T17:38:08Z,0,
https://takshashila.org.in/content/team/william-pitts.html,page,person,404,gone,https://takshashila.org.in/content/team/william-pitts.html,0,http,HTTP 404,0,https://takshashila.org.in/content/publications/US-Trade-Deals-13052026.html,"[""links""]",False,True,2,1,,,,,2026-09-23T17:38:09Z,0,
https://takshashila.org.in/content/publications/assets/a-pathway-to-ai-governance.pdf,pdf,pdf,404,gone,https://takshashila.org.in/content/publications/assets/a-pathway-to-ai-governance.pdf,0,http,HTTP 404,0,https://takshashila.org.in/content/publications/20260402-India%E2%80%99s-West%20Asian-Diplomacy.html,"[""links""]",False,True,1,,,,,,2026-09-23T17:40:40Z,0,
https://takshashila.org.in/content/team/devleena-bhattacharjee.html,page,person,404,gone,https://takshashila.org.in/content/team/devleena-bhattacharjee.html,0,http,HTTP 404,0,https://takshashila.org.in/content/publications/20260401-India-seaweed-opportunity.html,"[""links""]",False,True,1,1,,,,,2026-09-23T17:38:08Z,0,
https://takshashila.org.in/research/de-dollarisation-discussion-doc,page,page,404,gone,https://takshashila.org.in/research/de-dollarisation-discussion-doc,0,http,HTTP 404,0,https://takshashila.org.in/content/publications/20260322-Beyond-Dollar.html,"[""links""]",False,True,1,1,,,,,2026-09-23T17:38:08Z,0,
https://takshashila.org.in/content/team/swathi-kalyani.html,page,person,404,gone,https://takshashila.org.in/content/team/swathi-kalyani.html,0,http,HTTP 404,0,https://takshashila.org.in/content/publications/20251209-geospatial-governance-global.html,"[""links""]",False,True,8,1,,,,,2026-09-23T17:38:09Z,0,
https://takshashila.org.in/content/team/satya-sahu.html,page,person,404,gone,https://takshashila.org.in/content/team/satya-sahu.html,0,http,HTTP 404,0,https://takshashila.org.in/content/publications/20251013_Main_Battle_Tanks.html,"[""links""]",False,True,2,1,,,,,2026-09-23T17:38:09Z,0,
https://takshashila.org.in/content/publications/www.ft.com/content/c3ff0433-1736-4146-ab6b-cf9344108d54,page,publication,404,gone,https://takshashila.org.in/content/publications/www.ft.com/content/c3ff0433-1736-4146-ab6b-cf9344108d54,0,http,HTTP 404,0,https://takshashila.org.in/content/publications/20250909-Geopolitics-of-Bengalurus-Yellow-Metro-Line.html,"[""links""]",False,True,1,1,,,,,2026-09-23T17:38:09Z,0,
https://takshashila.org.in/content/team/kannan.html,page,person,404,gone,https://takshashila.org.in/content/team/kannan.html,0,http,HTTP 404,0,https://takshashila.org.in/content/publications/20250923-FASTER-Policy-Idea-for-job-creation.html,"[""links""]",False,True,1,1,,,,,2026-09-23T17:38:10Z,0,
https://takshashila.org.in/content/team/col-vikrant-s-shinde.html,page,person,404,gone,https://takshashila.org.in/content/team/col-vikrant-s-shinde.html,0,http,HTTP 404,0,https://takshashila.org.in/content/publications/20250612-Taming-the-Skies.html,"[""links""]",False,True,4,1,,,,,2026-09-23T17:38:10Z,0,
https://takshashila.org.in/content/publications/assests/20250410-skys-the-limit.pdf,pdf,pdf,404,gone,https://takshashila.org.in/content/publications/assests/20250410-skys-the-limit.pdf,0,http,HTTP 404,0,https://takshashila.org.in/content/publications/20250410-skys-the-limit.html,"[""links""]",False,True,1,,,,,,2026-09-23T17:40:40Z,0,
https://takshashila.org.in/content/team/miheer-karandikar.html,page,person,404,gone,https://takshashila.org.in/content/team/miheer-karandikar.html,0,http,HTTP 404,0,https://takshashila.org.in/content/publications/20250131-Unshackling-India's-Cities.html,"[""links""]",False,True,3,1,,,,,2026-09-23T17:38:10Z,0,
https://takshashila.org.in/content/publications/20241224-delimitation-in-jk.pdf,pdf,pdf,404,gone,https://takshashila.org.in/content/publications/20241224-delimitation-in-jk.pdf,0,http,HTTP 404,0,https://takshashila.org.in/content/publications/20241224-delimitation-in-jk.html,"[""links""]",False,True,1,,,,,,2026-09-23T17:40:40Z,0,
https://takshashila.org.in/content/team/vikrant-s-shinde.html,page,person,404,gone,https://takshashila.org.in/content/team/vikrant-s-shinde.html,0,http,HTTP 404,0,https://takshashila.org.in/content/publications/20241224-delimitation-in-jk.html,"[""links""]",False,True,2,1,,,,,2026-09-23T17:38:10Z,0,
https://takshashila.org.in/content/publications/20241217-survey-of-military-ai-technologies.pdf,pdf,pdf,404,gone,https://takshashila.org.in/content/publications/20241217-survey-of-military-ai-technologies.pdf,0,http,HTTP 404,0,https://takshashila.org.in/content/publications/20241217-survey-of-military-ai-technologies.html,"[""links""]",False,True,1,,,,,,2026-09-23T17:40:40Z,0,
https://takshashila.org.in/content/team/rakshith-shetty.html,page,person,404,gone,https://takshashila.org.in/content/team/rakshith-shetty.html,0,http,HTTP 404,0,https://takshashila.org.in/content/publications/20241217-assessing-nature-of-indias-critical-minerals.html,"[""links""]",False,True,4,1,,,,,2026-09-23T17:38:10Z,0,
https://takshashila.org.in/content/publications/ashwinprasadrao.com,page,publication,404,gone,https://takshashila.org.in/content/publications/ashwinprasadrao.com,0,http,HTTP 404,0,https://takshashila.org.in/content/publications/20241113-A-Primer-on-AI-Chips.html,"[""links""]",False,True,3,1,,,,,2026-09-23T17:38:11Z,0,
https://takshashila.org.in/content/team/dr-y.-nithiyanandam.html,page,person,404,gone,https://takshashila.org.in/content/team/dr-y.-nithiyanandam.html,0,http,HTTP 404,0,https://takshashila.org.in/content/publications/20241023-environmental-cooperation.html,"[""links""]",False,True,1,1,,,,,2026-09-23T17:38:12Z,0,
https://takshashila.org.in/content/team/arindam-gowami.html,page,person,404,gone,https://takshashila.org.in/content/team/arindam-gowami.html,0,http,HTTP 404,0,https://takshashila.org.in/content/publications/20240725-Reimagining-Social-Security-for-21st-Century-India.html,"[""links""]",False,True,2,1,,,,,2026-09-23T17:38:11Z,0,
https://takshashila.org.in/content/publications/assets/What-Should-India's-Critical-Technology-Policy-Look-Like?.pdf=,page,publication,404,gone,https://takshashila.org.in/content/publications/assets/What-Should-India's-Critical-Technology-Policy-Look-Like?.pdf=,0,http,HTTP 404,0,https://takshashila.org.in/content/publications/20240710-What-Should-India's-Critical-Technology-Policy-Look-Like.html,"[""links""]",False,True,1,1,,,,,2026-09-23T17:38:12Z,0,
https://takshashila.org.in/content/publications/Comments-On-Demand-For-Grants.pdf,pdf,pdf,404,gone,https://takshashila.org.in/content/publications/Comments-On-Demand-For-Grants.pdf,0,http,HTTP 404,0,https://takshashila.org.in/content/publications/20240604-Comments-On-Demand-For-Grants.html,"[""links""]",False,True,1,,,,,,2026-09-23T17:40:40Z,0,
https://takshashila.org.in/content/team/bharat-sharma.html,page,person,404,gone,https://takshashila.org.in/content/team/bharat-sharma.html,0,http,HTTP 404,0,https://takshashila.org.in/content/publications/20240520-tensions-social-media-democracy.html,"[""links""]",False,True,6,1,,,,,2026-09-23T17:38:13Z,0,
https://takshashila.org.in/content/team/kingshuk-saha.html,page,person,404,gone,https://takshashila.org.in/content/team/kingshuk-saha.html,0,http,HTTP 404,0,https://takshashila.org.in/content/publications/20240110-the-quad-WIOR.html,"[""links""]",False,True,1,1,,,,,2026-09-23T17:38:12Z,0,
https://takshashila.org.in/content/publications/takshashila.org.in/research/takshashila-slidedoc-chinas-approach-to-military-unmanned-aerial-vehicles-and-drone-autonomy,page,publication,404,gone,https://takshashila.org.in/content/publications/takshashila.org.in/research/takshashila-slidedoc-chinas-approach-to-military-unmanned-aerial-vehicles-and-drone-autonomy,0,http,HTTP 404,0,https://takshashila.org.in/content/publications/20230928-china-UAVs-drone-autonomy.html,"[""links""]",False,True,1,1,,,,,2026-09-23T17:38:12Z,0,
https://takshashila.org.in/research/issue-brief-quad-agenda-semiconductors-biotechnology-and-space,page,page,404,gone,https://takshashila.org.in/research/issue-brief-quad-agenda-semiconductors-biotechnology-and-space,0,http,HTTP 404,0,https://takshashila.org.in/content/publications/20230921-what-is-quad-doing-indo-pacific.html,"[""links""]",False,True,1,1,,,,,2026-09-23T17:38:13Z,0,
https://takshashila.org.in/content/team/aniket-shevade.html,page,person,404,gone,https://takshashila.org.in/content/team/aniket-shevade.html,0,http,HTTP 404,0,https://takshashila.org.in/content/publications/20230811-mitigation-of-antimicrobial-resistance-amr-in-g20.html,"[""links""]",False,True,2,1,,,,,2026-09-23T17:38:13Z,0,
https://takshashila.org.in/content/team/shrikrishna-upadhyaya.html,page,person,404,gone,https://takshashila.org.in/content/team/shrikrishna-upadhyaya.html,0,http,HTTP 404,0,https://takshashila.org.in/content/publications/20230810-Structuring-Integrated-Theatre-Commands-for-India.html,"[""links""]",False,True,14,1,,,,,2026-09-23T17:38:13Z,0,
https://takshashila.org.in/research/takshashila-discussion-document-indias-theatre-command-system-a-proposal,page,page,404,gone,https://takshashila.org.in/research/takshashila-discussion-document-indias-theatre-command-system-a-proposal,0,http,HTTP 404,0,https://takshashila.org.in/content/publications/20230810-Structuring-Integrated-Theatre-Commands-for-India.html,"[""links""]",False,True,1,1,,,,,2026-09-23T17:38:13Z,0,
https://takshashila.org.in/content/team/pranav-r-satyanath.html,page,person,404,gone,https://takshashila.org.in/content/team/pranav-r-satyanath.html,0,http,HTTP 404,0,https://takshashila.org.in/content/publications/20230630-TPB-Sustaining-Outer-Space.html,"[""links""]",False,True,8,1,,,,,2026-09-23T17:38:14Z,0,
https://takshashila.org.in/content/team/daniel-pavlich.html,page,person,404,gone,https://takshashila.org.in/content/team/daniel-pavlich.html,0,http,HTTP 404,0,https://takshashila.org.in/content/publications/20230508-quad-should-commit-to-bio-hub-in-india.html,"[""links""]",False,True,2,1,,,,,2026-09-23T17:38:14Z,0,
https://takshashila.org.in/content/team/dirk-van-der-kley.html,page,person,404,gone,https://takshashila.org.in/content/team/dirk-van-der-kley.html,0,http,HTTP 404,0,https://takshashila.org.in/content/publications/20230508-quad-should-commit-to-bio-hub-in-india.html,"[""links""]",False,True,2,1,,,,,2026-09-23T17:38:14Z,0,
https://takshashila.org.in/content/team/srikrishna-upadhyaya.html,page,person,404,gone,https://takshashila.org.in/content/team/srikrishna-upadhyaya.html,0,http,HTTP 404,0,https://takshashila.org.in/content/publications/20230224-One-year-of-Russia-Ukraine%20War.html,"[""links""]",False,True,5,1,,,,,2026-09-23T17:38:15Z,0,
https://takshashila.org.in/content/team/-shambhav-naik.html,page,person,404,gone,https://takshashila.org.in/content/team/-shambhav-naik.html,0,http,HTTP 404,0,https://takshashila.org.in/content/publications/20230213-Biotechnology-and-Geopolitics.html,"[""links""]",False,True,1,1,,,,,2026-09-23T17:38:15Z,0,
https://takshashila.org.in/content/team/shrikrishna-upadhayaya.html,page,person,404,gone,https://takshashila.org.in/content/team/shrikrishna-upadhayaya.html,0,http,HTTP 404,0,https://takshashila.org.in/content/publications/20230131-The-Rare-Earth-Elements-Opportunity-for-India.html,"[""links""]",False,True,1,1,,,,,2026-09-23T17:38:15Z,0,
https://takshashila.org.in/research/book-chapter-neither-guns-nor-butter-the-inconvenient-truth-of-indias-defence-financing,page,page,404,gone,https://takshashila.org.in/research/book-chapter-neither-guns-nor-butter-the-inconvenient-truth-of-indias-defence-financing,0,http,HTTP 404,0,https://takshashila.org.in/content/publications/20221230-indias-options-against-chinese-aggression.html,"[""links""]",False,True,1,1,,,,,2026-09-23T17:38:15Z,0,
https://takshashila.org.in/research/takshashila-discussion-document-an-indian-approach-to-navigate-chinas-rise-2,page,page,404,gone,https://takshashila.org.in/research/takshashila-discussion-document-an-indian-approach-to-navigate-chinas-rise-2,0,http,HTTP 404,0,https://takshashila.org.in/content/publications/20221230-indias-options-against-chinese-aggression.html,"[""links""]",False,True,1,1,,,,,2026-09-23T17:38:16Z,0,
https://takshashila.org.in/research/takshashila-discussion-slidedoc-assessing-chinas-engagement-in-the-indian-subcontinent,page,page,404,gone,https://takshashila.org.in/research/takshashila-discussion-slidedoc-assessing-chinas-engagement-in-the-indian-subcontinent,0,http,HTTP 404,0,https://takshashila.org.in/content/publications/20221230-indias-options-against-chinese-aggression.html,"[""links""]",False,True,1,1,,,,,2026-09-23T17:38:16Z,0,
https://takshashila.org.in/research/takshashila-discussion-slidedoc-chinas-maritime-coercion-amid-the-covid-19-pandemic,page,page,404,gone,https://takshashila.org.in/research/takshashila-discussion-slidedoc-chinas-maritime-coercion-amid-the-covid-19-pandemic,0,http,HTTP 404,0,https://takshashila.org.in/content/publications/20221230-indias-options-against-chinese-aggression.html,"[""links""]",False,True,1,1,,,,,2026-09-23T17:38:16Z,0,
https://takshashila.org.in/research/takshashila-discussion-slidedoc-indias-china-reset-an-assessment,page,page,404,gone,https://takshashila.org.in/research/takshashila-discussion-slidedoc-indias-china-reset-an-assessment,0,http,HTTP 404,0,https://takshashila.org.in/content/publications/20221230-indias-options-against-chinese-aggression.html,"[""links""]",False,True,1,1,,,,,2026-09-23T17:38:16Z,0,
https://takshashila.org.in/research/xis-military-reforms-and-furthering-chinas-national-security-objectives,page,page,404,gone,https://takshashila.org.in/research/xis-military-reforms-and-furthering-chinas-national-security-objectives,0,http,HTTP 404,0,https://takshashila.org.in/content/publications/20221230-indias-options-against-chinese-aggression.html,"[""links""]",False,True,1,1,,,,,2026-09-23T17:38:16Z,0,
https://takshashila.org.in/content/team/harshit-kukreja.html,page,person,404,gone,https://takshashila.org.in/content/team/harshit-kukreja.html,0,http,HTTP 404,0,https://takshashila.org.in/content/publications/20221130-chinas-zero-covid-policy-protests.html,"[""links""]",False,True,13,1,,,,,2026-09-23T17:38:17Z,0,
https://takshashila.org.in/research/testimony-before-ussc-on-chinas-zero-covid-policy?rq=%22zero-covid%22,page,page,404,gone,https://takshashila.org.in/research/testimony-before-ussc-on-chinas-zero-covid-policy?rq=%22zero-covid%22,0,http,HTTP 404,0,https://takshashila.org.in/content/publications/20221130-chinas-zero-covid-policy-protests.html,"[""links""]",False,True,1,1,,,,,2026-09-23T17:38:17Z,0,
https://takshashila.org.in/content/publications/images/Neither-Guns-nor-Butter-1.png,page,publication,,,,0,,,0,https://takshashila.org.in/content/publications/20221107-Neither-Guns-nor-Butter.html,"[""links""]",False,True,1,,,,,,,0,
https://takshashila.org.in/content/publications/images/Neither-Guns-nor-Butter-2.png,page,publication,,,,0,,,0,https://takshashila.org.in/content/publications/20221107-Neither-Guns-nor-Butter.html,"[""links""]",False,True,1,,,,,,,0,
https://takshashila.org.in/content/publications/images/Neither-Guns-nor-Butter-3.png,page,publication,,,,0,,,0,https://takshashila.org.in/content/publications/20221107-Neither-Guns-nor-Butter.html,"[""links""]",False,True,1,,,,,,,0,
https://takshashila.org.in/content/publications/images/Neither-Guns-nor-Butter-4.png,page,publication,,,,0,,,0,https://takshashila.org.in/content/publications/20221107-Neither-Guns-nor-Butter.html,"[""links""]",False,True,1,,,,,,,0,
https://takshashila.org.in/content/publications/images/Neither-Guns-nor-Butter-5.png,page,publication,,,,0,,,0,https://takshashila.org.in/content/publications/20221107-Neither-Guns-nor-Butter.html,"[""links""]",False,True,1,,,,,,,0,
https://takshashila.org.in/content/team/dr-harshit-kukreja.html,page,person,404,gone,https://takshashila.org.in/content/team/dr-harshit-kukreja.html,0,http,HTTP 404,0,https://takshashila.org.in/content/publications/20221003-Comments-on-the-Draft-Drugs-Medical-Devices-And-Cosmetics-Bill-2022.html,"[""links""]",False,True,1,1,,,,,2026-09-23T17:38:17Z,0,
https://takshashila.org.in/content/team/anup-rajput.html,page,person,404,gone,https://takshashila.org.in/content/team/anup-rajput.html,0,http,HTTP 404,0,https://takshashila.org.in/content/publications/20220926-TDS-AI-Hardware-Ecosystem-in-India.html,"[""links""]",False,True,2,1,,,,,2026-09-23T17:38:18Z,0,
https://takshashila.org.in/content/team/samparna-tripathy.html,page,person,404,gone,https://takshashila.org.in/content/team/samparna-tripathy.html,0,http,HTTP 404,0,https://takshashila.org.in/content/publications/20220926-TDS-AI-Hardware-Ecosystem-in-India.html,"[""links""]",False,True,2,1,,,,,2026-09-23T17:38:18Z,0,
https://takshashila.org.in/content/team/aarushi-kataria.html,page,person,404,gone,https://takshashila.org.in/content/team/aarushi-kataria.html,0,http,HTTP 404,0,https://takshashila.org.in/content/publications/20220828-Sri-Lankas-Economic-Crisis.html,"[""links""]",False,True,3,1,,,,,2026-09-23T17:38:18Z,0,
https://takshashila.org.in/research/a-case-for-india-taiwan-collaboration-on-semiconductors,page,page,404,gone,https://takshashila.org.in/research/a-case-for-india-taiwan-collaboration-on-semiconductors,0,http,HTTP 404,0,https://takshashila.org.in/content/publications/20220817-indias-options-china-taiwan-tensions.html,"[""links""]",False,True,1,1,,,,,2026-09-23T17:38:18Z,0,
https://takshashila.org.in/research/what-china-taiwan-tensions-mean-for-india,page,page,404,gone,https://takshashila.org.in/research/what-china-taiwan-tensions-mean-for-india,0,http,HTTP 404,0,https://takshashila.org.in/content/publications/20220817-indias-options-china-taiwan-tensions.html,"[""links""]",False,True,1,1,,,,,2026-09-23T17:38:18Z,0,
https://takshashila.org.in/research/takshashila-hudson-blue-paper-china-challenge,page,page,404,gone,https://takshashila.org.in/research/takshashila-hudson-blue-paper-china-challenge,0,http,HTTP 404,0,https://takshashila.org.in/content/publications/20220722-India-US-Relationship-from-Strength-to-Strength.html,"[""links""]",False,True,1,1,,,,,2026-09-23T17:38:19Z,0,
https://takshashila.org.in/research/the-case-for-an-india-us-partnership-in-cyber-security,page,page,404,gone,https://takshashila.org.in/research/the-case-for-an-india-us-partnership-in-cyber-security,0,http,HTTP 404,0,https://takshashila.org.in/content/publications/20220722-India-US-Relationship-from-Strength-to-Strength.html,"[""links""]",False,True,1,1,,,,,2026-09-23T17:38:19Z,0,
https://takshashila.org.in/videos/takshashila-hudson-panel-75-years-of-india-us-partnership-wednesday-19th-october-2022,page,page,404,gone,https://takshashila.org.in/videos/takshashila-hudson-panel-75-years-of-india-us-partnership-wednesday-19th-october-2022,0,http,HTTP 404,0,https://takshashila.org.in/content/publications/20220722-India-US-Relationship-from-Strength-to-Strength.html,"[""links""]",False,True,1,1,,,,,2026-09-23T17:38:19Z,0,
https://takshashila.org.in/content/publications/assets/The-Role-of-Semiconductors-in-Military-and-Defence-Technology.pdf,pdf,pdf,404,gone,https://takshashila.org.in/content/publications/assets/The-Role-of-Semiconductors-in-Military-and-Defence-Technology.pdf,0,http,HTTP 404,0,https://takshashila.org.in/content/publications/20220615-The-Role-of-Semiconductors-in-Military-and-Defence-Technology.html,"[""links""]",False,True,1,,,,,,2026-09-23T17:40:41Z,0,
https://takshashila.org.in/content/team/shekhar-sathe.html,page,person,404,gone,https://takshashila.org.in/content/team/shekhar-sathe.html,0,http,HTTP 404,0,https://takshashila.org.in/content/publications/20220521-estimating-the-impact-of-covid-19-in-india-from-life-insurance-claims.html,"[""links""]",False,True,2,1,,,,,2026-09-23T17:38:19Z,0,
https://takshashila.org.in/content/team/shrey-khanna.html,page,person,404,gone,https://takshashila.org.in/content/team/shrey-khanna.html,0,http,HTTP 404,0,https://takshashila.org.in/content/publications/20220316-afghanistan-pakistan-relations-road-ahead.html,"[""links""]",False,True,4,1,,,,,2026-09-23T17:38:20Z,0,
https://takshashila.org.in/content/team/aneesh-jaganath.html,page,person,404,gone,https://takshashila.org.in/content/team/aneesh-jaganath.html,0,http,HTTP 404,0,https://takshashila.org.in/content/publications/20220222-how-indians-view-the-world.html,"[""links""]",False,True,1,1,,,,,2026-09-23T17:38:20Z,0,
https://takshashila.org.in/content/team/ruturaj-gowaikar.html,page,person,404,gone,https://takshashila.org.in/content/team/ruturaj-gowaikar.html,0,http,HTTP 404,0,https://takshashila.org.in/content/publications/20220222-how-indians-view-the-world.html,"[""links""]",False,True,6,1,,,,,2026-09-23T17:38:20Z,0,
https://takshashila.org.in/content/publications/assets/Policy-advisory+on+Demand+for+grants+Union+Budget+FY22-23.pdf,pdf,pdf,404,gone,https://takshashila.org.in/content/publications/assets/Policy-advisory+on+Demand+for+grants+Union+Budget+FY22-23.pdf,0,http,HTTP 404,0,https://takshashila.org.in/content/publications/20220214-Policy-advisory-on-Demand-for-grants-Union-Budget-FY22-23.html,"[""links""]",False,True,1,,,,,,2026-09-23T17:40:41Z,0,
https://takshashila.org.in/content/team/aditya-pareek.html,page,person,404,gone,https://takshashila.org.in/content/team/aditya-pareek.html,0,http,HTTP 404,0,https://takshashila.org.in/content/publications/20220214-Policy-advisory-on-Demand-for-grants-Union-Budget-FY22-23.html,"[""links""]",False,True,7,1,,,,,2026-09-23T17:38:21Z,0,
https://takshashila.org.in/content/team/pradeep-mohandas.html,page,person,404,gone,https://takshashila.org.in/content/team/pradeep-mohandas.html,0,http,HTTP 404,0,https://takshashila.org.in/content/publications/20220214-Policy-advisory-on-Demand-for-grants-Union-Budget-FY22-23.html,"[""links""]",False,True,2,1,,,,,2026-09-23T17:38:21Z,0,
https://takshashila.org.in/content/team/megha-pardhi.html,page,person,404,gone,https://takshashila.org.in/content/team/megha-pardhi.html,0,http,HTTP 404,0,https://takshashila.org.in/content/publications/20220117-chinas-technical-standardisation-framework.html,"[""links""]",False,True,3,1,,,,,2026-09-23T17:38:21Z,0,
https://takshashila.org.in/content/team/aditya-prateek.html,page,person,404,gone,https://takshashila.org.in/content/team/aditya-prateek.html,0,http,HTTP 404,0,https://takshashila.org.in/content/publications/20211231-russia-ukraine-tensions-risk-india.html,"[""links""]",False,True,7,1,,,,,2026-09-23T17:38:21Z,0,
https://takshashila.org.in/content/team/priyal-lyncia-d%E2%80%99almeida.html,page,person,404,gone,https://takshashila.org.in/content/team/priyal-lyncia-d%E2%80%99almeida.html,0,http,HTTP 404,0,https://takshashila.org.in/content/publications/20211207-TACKLING-NEW-COVID-19-VARIANTS.html,"[""links""]",False,True,3,1,,,,,2026-09-23T17:38:22Z,0,
https://takshashila.org.in/content/team/suyash-desai.html,page,person,404,gone,https://takshashila.org.in/content/team/suyash-desai.html,0,http,HTTP 404,0,https://takshashila.org.in/content/publications/20211123-Infrastructure-Development-in-Tibet.html,"[""links""]",False,True,10,1,,,,,2026-09-23T17:38:22Z,0,
https://takshashila.org.in/content/team/pranathi-rao.html,page,person,404,gone,https://takshashila.org.in/content/team/pranathi-rao.html,0,http,HTTP 404,0,https://takshashila.org.in/content/publications/20211108-Vaccine-Diplomacy-framework-for-India.html,"[""links""]",False,True,1,1,,,,,2026-09-23T17:38:22Z,0,
https://takshashila.org.in/content/publications/assets/Indias-Path-to-Power-English-Final.pdf,pdf,pdf,404,gone,https://takshashila.org.in/content/publications/assets/Indias-Path-to-Power-English-Final.pdf,0,http,HTTP 404,0,https://takshashila.org.in/content/publications/20211002-indias-path-to-power.html,"[""links""]",False,True,1,,,,,,2026-09-23T17:40:42Z,0,
https://takshashila.org.in/content/publications/assets/Indias-Path-to-Power-Hindi-Final.pdf,pdf,pdf,404,gone,https://takshashila.org.in/content/publications/assets/Indias-Path-to-Power-Hindi-Final.pdf,0,http,HTTP 404,0,https://takshashila.org.in/content/publications/20211002-indias-path-to-power.html,"[""links""]",False,True,1,,,,,,2026-09-23T17:40:42Z,0,
https://takshashila.org.in/content/team/shibani-mehta.html,page,person,404,gone,https://takshashila.org.in/content/team/shibani-mehta.html,0,http,HTTP 404,0,https://takshashila.org.in/content/publications/20210901-China-Engagement-in-South-Asia.html,"[""links""]",False,True,7,1,,,,,2026-09-23T17:38:22Z,0,
https://takshashila.org.in/content/team/nitansha-bansal.html,page,person,404,gone,https://takshashila.org.in/content/team/nitansha-bansal.html,0,http,HTTP 404,0,https://takshashila.org.in/content/publications/20210729-India-and-the-Artemis-Accords.html,"[""links""]",False,True,2,1,,,,,2026-09-23T17:38:22Z,0,
https://takshashila.org.in/content/team/lt-general-(dr)-menon.html,page,person,404,gone,https://takshashila.org.in/content/team/lt-general-(dr)-menon.html,0,http,HTTP 404,0,https://takshashila.org.in/content/publications/20210716-Emerging-Paradigms-of-National-Security-Threats-Responses.html,"[""links""]",False,True,2,1,,,,,2026-09-23T17:38:23Z,0,
https://takshashila.org.in/content/team/atish-padhy.html,page,person,404,gone,https://takshashila.org.in/content/team/atish-padhy.html,0,http,HTTP 404,0,https://takshashila.org.in/content/publications/20210602-Economic-Implications-of-WhatsApp%E2%80%99s-Lawsuit-against-the-Government-of-India.html,"[""links""]",False,True,1,1,,,,,2026-09-23T17:38:23Z,0,
https://takshashila.org.in/content/team/suchir-kalra.html,page,person,404,gone,https://takshashila.org.in/content/team/suchir-kalra.html,0,http,HTTP 404,0,https://takshashila.org.in/content/publications/20210602-Economic-Implications-of-WhatsApp%E2%80%99s-Lawsuit-against-the-Government-of-India.html,"[""links""]",False,True,1,1,,,,,2026-09-23T17:38:24Z,0,
https://takshashila.org.in/content/team/prateek-waghre.html,page,person,404,gone,https://takshashila.org.in/content/team/prateek-waghre.html,0,http,HTTP 404,0,https://takshashila.org.in/content/publications/20210508-The-case-of-the-farmers%E2%80%99-protests-in-India.html,"[""links""]",False,True,6,1,,,,,2026-09-23T17:38:24Z,0,
https://takshashila.org.in/content/team/narayan-ramchandran.html,page,person,404,gone,https://takshashila.org.in/content/team/narayan-ramchandran.html,0,http,HTTP 404,0,https://takshashila.org.in/content/publications/20210113-Indias-Opportunity-to-Displace-China-in-Global-Supply-Chains_TDD_V1.0-2.html,"[""links""]",False,True,3,1,,,,,2026-09-23T17:38:24Z,0,
https://takshashila.org.in/content/team/sapni-g-k.html,page,person,404,gone,https://takshashila.org.in/content/team/sapni-g-k.html,0,http,HTTP 404,0,https://takshashila.org.in/content/publications/2020819-Takshashila-Discussion%20Document-Reimagining-India's-Public-Health-Governance-System.html,"[""links""]",False,True,3,1,,,,,2026-09-23T17:38:24Z,0,
https://takshashila.org.in/content/team/sunila-dixit.html,page,person,404,gone,https://takshashila.org.in/content/team/sunila-dixit.html,0,http,HTTP 404,0,https://takshashila.org.in/content/publications/2020819-Takshashila-Discussion%20Document-Reimagining-India's-Public-Health-Governance-System.html,"[""links""]",False,True,7,1,,,,,2026-09-23T17:38:25Z,0,
https://takshashila.org.in/content/team/anirudh-kanisetti.html,page,person,404,gone,https://takshashila.org.in/content/team/anirudh-kanisetti.html,0,http,HTTP 404,0,https://takshashila.org.in/content/publications/20200928-Indian-Approach-to-Navigate-China-Rise.html,"[""links""]",False,True,21,1,,,,,2026-09-23T17:38:25Z,0,
https://takshashila.org.in/content/team/ameya-paleja.html,page,person,404,gone,https://takshashila.org.in/content/team/ameya-paleja.html,0,http,HTTP 404,0,https://takshashila.org.in/content/publications/20200904-COVID-19-Vaccine-Deployment-Strategy-for-India.html,"[""links""]",False,True,1,1,,,,,2026-09-23T17:38:25Z,0,
https://takshashila.org.in/content/publications/assests/COVID-19-Warrants-Long-Overdue-Doctrinal-Shifts-in-Military-Planning.pdf,pdf,pdf,404,gone,https://takshashila.org.in/content/publications/assests/COVID-19-Warrants-Long-Overdue-Doctrinal-Shifts-in-Military-Planning.pdf,0,http,HTTP 404,0,https://takshashila.org.in/content/publications/20200902-COVID-19-Warrants-Long-Overdue-Doctrinal-Shifts-in-Military-Planning.html,"[""links""]",False,True,1,,,,,,2026-09-23T17:40:42Z,0,
https://takshashila.org.in/content/team/lt-general-(dr)-prakash-menon.html,page,person,404,gone,https://takshashila.org.in/content/team/lt-general-(dr)-prakash-menon.html,0,http,HTTP 404,0,https://takshashila.org.in/content/publications/20200902-COVID-19-Warrants-Long-Overdue-Doctrinal-Shifts-in-Military-Planning.html,"[""links""]",False,True,5,1,,,,,2026-09-23T17:38:25Z,0,
https://takshashila.org.in/content/team/rohan-seth.html,page,person,404,gone,https://takshashila.org.in/content/team/rohan-seth.html,0,http,HTTP 404,0,https://takshashila.org.in/content/publications/20200626-Analysing-Digital-Platforms-Response-to-COVID-19-Information-Disorder.html,"[""links""]",False,True,4,1,,,,,2026-09-23T17:38:26Z,0,
"https://takshashila.org.in/content/team/suyash-desai,.html",page,person,404,gone,"https://takshashila.org.in/content/team/suyash-desai,.html",0,http,HTTP 404,0,https://takshashila.org.in/content/publications/20200603-China-Maritime-Coercion-in-COVID-19.html,"[""links""]",False,True,2,1,,,,,2026-09-23T17:38:26Z,0,
https://takshashila.org.in/content/team/utkarsh-narain.html,page,person,404,gone,https://takshashila.org.in/content/team/utkarsh-narain.html,0,http,HTTP 404,0,https://takshashila.org.in/content/publications/20200522-TDS-Technological-Interventions-for-COVID-19-Management-An-Analysis.html,"[""links""]",False,True,3,1,,,,,2026-09-23T17:38:26Z,0,
https://takshashila.org.in/content/team/shreya-ramann.html,page,person,404,gone,https://takshashila.org.in/content/team/shreya-ramann.html,0,http,HTTP 404,0,https://takshashila.org.in/content/publications/20200521-Recommended-Draft-Space-Activities-Regulation-Bill.html,"[""links""]",False,True,1,1,,,,,2026-09-23T17:38:27Z,0,
https://takshashila.org.in/content/team/shankar-khasnis.html,page,person,404,gone,https://takshashila.org.in/content/team/shankar-khasnis.html,0,http,HTTP 404,0,https://takshashila.org.in/content/publications/20200518-TDD-Attracting-Large-Investments-in-the-Post-COVID-19-World-SK-SP-18thMay-v1.0.html,"[""links""]",False,True,1,1,,,,,2026-09-23T17:38:27Z,0,
https://takshashila.org.in/content/team/akshay-alladi.html,page,person,404,gone,https://takshashila.org.in/content/team/akshay-alladi.html,0,http,HTTP 404,0,https://takshashila.org.in/content/publications/20200507-India-post-Covid-World-Order.html,"[""links""]",False,True,1,1,,,,,2026-09-23T17:38:27Z,0,
https://takshashila.org.in/content/team/sakshi-arora.html,page,person,404,gone,https://takshashila.org.in/content/team/sakshi-arora.html,0,http,HTTP 404,0,https://takshashila.org.in/content/publications/20200328-TSA-Pakistan-Covid19.html,"[""links""]",False,True,1,1,,,,,2026-09-23T17:38:27Z,0,
https://takshashila.org.in/content/team/-shambhavi-naik.html,page,person,404,gone,https://takshashila.org.in/content/team/-shambhavi-naik.html,0,http,HTTP 404,0,https://takshashila.org.in/content/publications/20191423-TDD-Measures-for-India-to-tackle-biowarfare-threats.html,"[""links""]",False,True,1,1,,,,,2026-09-23T17:38:28Z,0,
https://takshashila.org.in/content/team/by-takshashila%E2%80%99s-bangalore-expert-group.html,page,person,404,gone,https://takshashila.org.in/content/team/by-takshashila%E2%80%99s-bangalore-expert-group.html,0,http,HTTP 404,0,https://takshashila.org.in/content/publications/20190915-Putting-India-on-the-road-to-becoming-an-AI-superpower.html,"[""links""]",False,True,1,1,,,,,2026-09-23T17:38:28Z,0,
https://takshashila.org.in/content/team/pavan-srinath.html,page,person,404,gone,https://takshashila.org.in/content/team/pavan-srinath.html,0,http,HTTP 404,0,https://takshashila.org.in/content/publications/20190801-Quality-of-Service-Based-Differential-Pricing-for-Data-Services.html,"[""links""]",False,True,10,1,,,,,2026-09-23T17:38:28Z,0,
https://takshashila.org.in/content/team/sudeep-divakaran.html,page,person,404,gone,https://takshashila.org.in/content/team/sudeep-divakaran.html,0,http,HTTP 404,0,https://takshashila.org.in/content/publications/20190801-Quality-of-Service-Based-Differential-Pricing-for-Data-Services.html,"[""links""]",False,True,1,1,,,,,2026-09-23T17:38:29Z,0,
https://takshashila.org.in/content/team/kunaal-kini.html,page,person,404,gone,https://takshashila.org.in/content/team/kunaal-kini.html,0,http,HTTP 404,0,https://takshashila.org.in/content/publications/20190621-nuclear-first-use-a-critique.html,"[""links""]",False,True,1,1,,,,,2026-09-23T17:38:29Z,0,
https://takshashila.org.in/content/team/ajay-patri.html,page,person,404,gone,https://takshashila.org.in/content/team/ajay-patri.html,0,http,HTTP 404,0,https://takshashila.org.in/content/publications/20181204-TDD-Mobilised-Violence-MC-AP-DJ-2018-03.html,"[""links""]",False,True,8,1,,,,,2026-09-23T17:38:29Z,0,
https://takshashila.org.in/content/team/divij-joshi.html,page,person,404,gone,https://takshashila.org.in/content/team/divij-joshi.html,0,http,HTTP 404,0,https://takshashila.org.in/content/publications/20181204-TDD-Mobilised-Violence-MC-AP-DJ-2018-03.html,"[""links""]",False,True,1,1,,,,,2026-09-23T17:38:29Z,0,
https://takshashila.org.in/content/team/madhav-chandavarkar.html,page,person,404,gone,https://takshashila.org.in/content/team/madhav-chandavarkar.html,0,http,HTTP 404,0,https://takshashila.org.in/content/publications/20181204-TDD-Mobilised-Violence-MC-AP-DJ-2018-03.html,"[""links""]",False,True,4,1,,,,,2026-09-23T17:38:29Z,0,
https://takshashila.org.in/content/team/hamsini-hariharan.html,page,person,404,gone,https://takshashila.org.in/content/team/hamsini-hariharan.html,0,http,HTTP 404,0,https://takshashila.org.in/content/publications/20180620-TSA-Impact-of-Pashtun-Tahafuz-Movement.html,"[""links""]",False,True,4,1,,,,,2026-09-23T17:38:30Z,0,
https://takshashila.org.in/content/team/sudha-ramachandran.html,page,person,404,gone,https://takshashila.org.in/content/team/sudha-ramachandran.html,0,http,HTTP 404,0,https://takshashila.org.in/content/publications/20180620-TSA-Impact-of-Pashtun-Tahafuz-Movement.html,"[""links""]",False,True,3,1,,,,,2026-09-23T17:38:30Z,0,
https://takshashila.org.in/content/team/manasa-venkataraman.html,page,person,404,gone,https://takshashila.org.in/content/team/manasa-venkataraman.html,0,http,HTTP 404,0,https://takshashila.org.in/content/publications/20171018-Privacy-Security-and-Ownership-of-Data-in-the-Telecom-Sector.html,"[""links""]",False,True,8,1,,,,,2026-09-23T17:38:30Z,0,
https://takshashila.org.in/content/publications/assets/10021-TBLP-A+Framework+for+Governing+Human+Gene+Editing+in+India,page,publication,404,gone,https://takshashila.org.in/content/publications/assets/10021-TBLP-A+Framework+for+Governing+Human+Gene+Editing+in+India,0,http,HTTP 404,0,https://takshashila.org.in/content/publications/20171013-TDD-Governing-Gene-Editing.html,"[""links""]",False,True,1,1,,,,,2026-09-23T17:38:30Z,0,
https://takshashila.org.in/content/team/madhav-chandravarkar.html,page,person,404,gone,https://takshashila.org.in/content/team/madhav-chandravarkar.html,0,http,HTTP 404,0,https://takshashila.org.in/content/publications/20171013-TDD-Governing-Gene-Editing.html,"[""links""]",False,True,2,1,,,,,2026-09-23T17:38:31Z,0,
https://takshashila.org.in/content/team/shambhavi-n.html,page,person,404,gone,https://takshashila.org.in/content/team/shambhavi-n.html,0,http,HTTP 404,0,https://takshashila.org.in/content/publications/20171013-TDD-Governing-Gene-Editing.html,"[""links""]",False,True,1,1,,,,,2026-09-23T17:38:31Z,0,
https://takshashila.org.in/content/team/nidhi-gupta.html,page,person,404,gone,https://takshashila.org.in/content/team/nidhi-gupta.html,0,http,HTTP 404,0,https://takshashila.org.in/content/publications/20170612-Kaveri-Water-Management_Nidhi-Gupta.html,"[""links""]",False,True,1,1,,,,,2026-09-23T17:38:31Z,0,
https://takshashila.org.in/content/team/guru-aiyar.html,page,person,404,gone,https://takshashila.org.in/content/team/guru-aiyar.html,0,http,HTTP 404,0,https://takshashila.org.in/content/publications/20161202-Diaspora-Evacuation-Roundtable.html,"[""links""]",False,True,7,1,,,,,2026-09-23T17:38:32Z,0,
https://takshashila.org.in/content/team/adhip-amin.html,page,person,404,gone,https://takshashila.org.in/content/team/adhip-amin.html,0,http,HTTP 404,0,https://takshashila.org.in/content/publications/20160609-TPA-Privatising-Film-Certification-MC-AA-SP-SG-2016-03.html,"[""links""]",False,True,1,1,,,,,2026-09-23T17:38:32Z,0,
https://takshashila.org.in/content/team/devika-kher.html,page,person,404,gone,https://takshashila.org.in/content/team/devika-kher.html,0,http,HTTP 404,0,https://takshashila.org.in/content/publications/20160609-TPA-Privatising-Film-Certification-MC-AA-SP-SG-2016-03.html,"[""links""]",False,True,4,1,,,,,2026-09-23T17:38:32Z,0,
https://takshashila.org.in/content/team/shikha-pathak.html,page,person,404,gone,https://takshashila.org.in/content/team/shikha-pathak.html,0,http,HTTP 404,0,https://takshashila.org.in/content/publications/20160609-TPA-Privatising-Film-Certification-MC-AA-SP-SG-2016-03.html,"[""links""]",False,True,1,1,,,,,2026-09-23T17:38:32Z,0,
https://takshashila.org.in/content/team/siddarth-gore.html,page,person,404,gone,https://takshashila.org.in/content/team/siddarth-gore.html,0,http,HTTP 404,0,https://takshashila.org.in/content/publications/20160609-TPA-Privatising-Film-Certification-MC-AA-SP-SG-2016-03.html,"[""links""]",False,True,2,1,,,,,2026-09-23T17:38:32Z,0,
https://takshashila.org.in/content/team/sarah-farooqi.html,page,person,404,gone,https://takshashila.org.in/content/team/sarah-farooqi.html,0,http,HTTP 404,0,https://takshashila.org.in/content/publications/20151210-A-Global-Climate-Change-Relocation-Insurance-Framework.html,"[""links""]",False,True,1,1,,,,,2026-09-23T17:38:32Z,0,
https://takshashila.org.in/content/team/varun-ramachandra.html,page,person,404,gone,https://takshashila.org.in/content/team/varun-ramachandra.html,0,http,HTTP 404,0,https://takshashila.org.in/content/publications/20151210-A-Global-Climate-Change-Relocation-Insurance-Framework.html,"[""links""]",False,True,4,1,,,,,2026-09-23T17:38:33Z,0,
https://takshashila.org.in/content/team/mukul-g.-asher.html,page,person,404,gone,https://takshashila.org.in/content/team/mukul-g.-asher.html,0,http,HTTP 404,0,https://takshashila.org.in/content/publications/20150813-TDD-Economic-Social-Policy-Asher-2015-03.html,"[""links""]",False,True,4,1,,,,,2026-09-23T17:38:33Z,0,
https://takshashila.org.in/content/team/sumitha-narayan-kutty.html,page,person,404,gone,https://takshashila.org.in/content/team/sumitha-narayan-kutty.html,0,http,HTTP 404,0,https://takshashila.org.in/content/publications/20150713-India-Iran-Mapping-the-future.html,"[""links""]",False,True,2,1,,,,,2026-09-23T17:38:34Z,0,
https://takshashila.org.in/content/team/shahana-sheikh.html,page,person,404,gone,https://takshashila.org.in/content/team/shahana-sheikh.html,0,http,HTTP 404,0,https://takshashila.org.in/content/publications/20150826-TCS-Metronet-Implications-India-MA-2015-01.html,"[""links""]",False,True,3,1,,,,,2026-09-23T17:38:34Z,0,
https://takshashila.org.in/content/team/v-anantha-nageswaran.html,page,person,404,gone,https://takshashila.org.in/content/team/v-anantha-nageswaran.html,0,http,HTTP 404,0,https://takshashila.org.in/content/publications/20141027-TDD-Chinas-Economic-Outlook-in-2015.html,"[""links""]",False,True,2,1,,,,,2026-09-23T17:38:34Z,0,
https://takshashila.org.in/content/team/varsha-ramachandran.html,page,person,404,gone,https://takshashila.org.in/content/team/varsha-ramachandran.html,0,http,HTTP 404,0,https://takshashila.org.in/content/publications/20140729-Helping-Karnataka-Industries-Reach-New-Heights.html,"[""links""]",False,True,1,1,,,,,2026-09-23T17:38:34Z,0,
https://takshashila.org.in/content/team/mukul-g-asher.html,page,person,404,gone,https://takshashila.org.in/content/team/mukul-g-asher.html,0,http,HTTP 404,0,https://takshashila.org.in/content/publications/20140707-Fiscal-Consolidation-is-Key-to-Economic-Growth.html,"[""links""]",False,True,2,1,,,,,2026-09-23T17:38:34Z,0,
https://takshashila.org.in/content/team/hemal-shah.html,page,person,404,gone,https://takshashila.org.in/content/team/hemal-shah.html,0,http,HTTP 404,0,https://takshashila.org.in/content/publications/20140312-Making-Indias-Labour-Market-More-Flexible.html,"[""links""]",False,True,2,1,,,,,2026-09-23T17:38:35Z,0,
https://takshashila.org.in/content/team/sushant-k-singh.html,page,person,404,gone,https://takshashila.org.in/content/team/sushant-k-singh.html,0,http,HTTP 404,0,https://takshashila.org.in/content/publications/20130801-India-and-UN-Peacekeeping.html,"[""links""]",False,True,1,1,,,,,2026-09-23T17:38:35Z,0,
https://takshashila.org.in/content/publications/20250101-de-risking-indias-trade-with-china.qmd,page,publication,404,gone,https://takshashila.org.in/content/publications/20250101-de-risking-indias-trade-with-china.qmd,0,http,HTTP 404,0,https://takshashila.org.in/content/blogs/digging-deep.html,"[""links""]",False,True,1,1,,,,,2026-09-23T17:38:35Z,0,
https://takshashila.org.in/content/team/brig-anil-raman.html,page,person,404,gone,https://takshashila.org.in/content/team/brig-anil-raman.html,0,http,HTTP 404,0,https://takshashila.org.in/content/blogs/a-rally-for-trump-a-risk-for-republicans.html,"[""links""]",False,True,2,1,,,,,2026-09-23T17:38:36Z,0,
https://takshashila.org.in/content/team/ayoush.html,page,person,404,gone,https://takshashila.org.in/content/team/ayoush.html,0,http,HTTP 404,0,https://takshashila.org.in/content/blogs/20260817-What-Satellite-Images-Dont-Tell-Us-And-How-Open-Sources-Help-Fill-the-Gaps.html,"[""links""]",False,True,2,1,,,,,2026-09-23T17:38:36Z,0,
https://takshashila.org.in/content/blogs/assets/20260731-editing-the-future-indias-quest-for.pdf,pdf,pdf,404,gone,https://takshashila.org.in/content/blogs/assets/20260731-editing-the-future-indias-quest-for.pdf,0,http,HTTP 404,0,https://takshashila.org.in/content/blogs/20260731-editing-the-future-indias-quest.html,"[""links""]",False,True,1,,,,,,2026-09-23T17:40:42Z,0,
https://takshashila.org.in/content/team/gopal-tomar.html,page,person,404,gone,https://takshashila.org.in/content/team/gopal-tomar.html,0,http,HTTP 404,0,https://takshashila.org.in/content/blogs/20260720-Available-Isnt-Accessible.html,"[""links""]",False,True,6,1,,,,,2026-09-23T17:38:38Z,0,
https://takshashila.org.in/content/blogs/%5Bhttps:/spanmag.state.gov/pax-silica-building-trusted-tech-alliances/%5D(https:/spanmag.state.gov/pax-silica-building-trusted-tech-alliances/),page,blog,404,gone,https://takshashila.org.in/content/blogs/%5Bhttps:/spanmag.state.gov/pax-silica-building-trusted-tech-alliances/%5D(https:/spanmag.state.gov/pax-silica-building-trusted-tech-alliances/),0,http,HTTP 404,0,https://takshashila.org.in/content/blogs/20260406-pax-silica.html,"[""links""]",False,True,1,1,,,,,2026-09-23T17:38:36Z,0,
https://takshashila.org.in/content/team/soham-sankaran.html,page,person,404,gone,https://takshashila.org.in/content/team/soham-sankaran.html,0,http,HTTP 404,0,https://takshashila.org.in/content/blogs/20260331-india-pharmacy-world-drug-development.html,"[""links""]",False,True,1,1,,,,,2026-09-23T17:38:36Z,0,
https://takshashila.org.in/content/team/belliappa-c.s.html,page,person,404,gone,https://takshashila.org.in/content/team/belliappa-c.s.html,0,http,HTTP 404,0,https://takshashila.org.in/content/blogs/20260325-Mixed-Signals-Iran.html,"[""links""]",False,True,1,1,,,,,2026-09-23T17:38:36Z,0,
https://takshashila.org.in/content/team/belliappa-cs.html,page,person,404,gone,https://takshashila.org.in/content/team/belliappa-cs.html,0,http,HTTP 404,0,https://takshashila.org.in/content/blogs/20260318-Iran-War.html,"[""links""]",False,True,1,1,,,,,2026-09-23T17:38:37Z,0,
https://takshashila.org.in/content/team/the-takshashila-institution.html,page,person,404,gone,https://takshashila.org.in/content/team/the-takshashila-institution.html,0,http,HTTP 404,0,https://takshashila.org.in/content/blogs/20260223-Nagara%E2%80%93The-Democracy-Game.html,"[""links""]",False,True,1,1,,,,,2026-09-23T17:38:37Z,0,
https://takshashila.org.in/content/team/agastya-mohanty.html,page,person,404,gone,https://takshashila.org.in/content/team/agastya-mohanty.html,0,http,HTTP 404,0,https://takshashila.org.in/content/blogs/20260204-Australia-Social-Media-Ban.html,"[""links""]",False,True,2,1,,,,,2026-09-23T17:38:37Z,0,
https://takshashila.org.in/content/team/ayush-hegde.html,page,person,404,gone,https://takshashila.org.in/content/team/ayush-hegde.html,0,http,HTTP 404,0,https://takshashila.org.in/content/blogs/20260121-IranAtATippingPoint.html,"[""links""]",False,True,4,1,,,,,2026-09-23T17:38:37Z,0,
https://takshashila.org.in/content/team/kabir-adkoli.html,page,person,404,gone,https://takshashila.org.in/content/team/kabir-adkoli.html,0,http,HTTP 404,0,https://takshashila.org.in/content/blogs/20251215-ai-in-legal-processes-lepf.html,"[""links""]",False,True,1,1,,,,,2026-09-23T17:38:38Z,0,
https://takshashila.org.in/content/team/prakash-sankar.html,page,person,404,gone,https://takshashila.org.in/content/team/prakash-sankar.html,0,http,HTTP 404,0,https://takshashila.org.in/content/blogs/20251215-ai-in-legal-processes-lepf.html,"[""links""]",False,True,1,1,,,,,2026-09-23T17:38:38Z,0,
https://takshashila.org.in/content/team/dr.%C2%A0y-nithiyanandam.html,page,person,404,gone,https://takshashila.org.in/content/team/dr.%C2%A0y-nithiyanandam.html,0,http,HTTP 404,0,https://takshashila.org.in/content/blogs/20251209-Why%20Curriculum%20Matters%20More%20Than%20Degree%20Titles.html,"[""links""]",False,True,1,1,,,,,2026-09-23T17:38:38Z,0,
https://takshashila.org.in/content/team/vikrant-shinde.html,page,person,404,gone,https://takshashila.org.in/content/team/vikrant-shinde.html,0,http,HTTP 404,0,https://takshashila.org.in/content/blogs/20250724-When-legends-are-born.html,"[""links""]",False,True,2,1,,,,,2026-09-23T17:38:38Z,0,
https://takshashila.org.in/content/team/kashish-parpiani.html,page,person,404,gone,https://takshashila.org.in/content/team/kashish-parpiani.html,0,http,HTTP 404,0,https://takshashila.org.in/content/blogs/2025-07-30-US-China-Tech-Rivalry.html,"[""links""]",False,True,2,1,,,,,2026-09-23T17:38:39Z,0,
https://takshashila.org.in/content/team/bushara-bano.html,page,person,404,gone,https://takshashila.org.in/content/team/bushara-bano.html,0,http,HTTP 404,0,https://takshashila.org.in/content/blogs/20250515-Misinformation-Online-LEPF.html,"[""links""]",False,True,1,1,,,,,2026-09-23T17:38:39Z,0,
https://takshashila.org.in/content/team/charu-chadha.html,page,person,404,gone,https://takshashila.org.in/content/team/charu-chadha.html,0,http,HTTP 404,0,https://takshashila.org.in/content/blogs/20250515-Misinformation-Online-LEPF.html,"[""links""]",False,True,1,1,,,,,2026-09-23T17:38:39Z,0,
https://takshashila.org.in/content/team/dr.%C2%A0mohit-nayal.html,page,person,404,gone,https://takshashila.org.in/content/team/dr.%C2%A0mohit-nayal.html,0,http,HTTP 404,0,https://takshashila.org.in/content/blogs/20250515-Misinformation-Online-LEPF.html,"[""links""]",False,True,1,1,,,,,2026-09-23T17:38:39Z,0,
https://takshashila.org.in/content/team/dr.%C2%A0naveen-kumar-singh.html,page,person,404,gone,https://takshashila.org.in/content/team/dr.%C2%A0naveen-kumar-singh.html,0,http,HTTP 404,0,https://takshashila.org.in/content/blogs/20250515-Misinformation-Online-LEPF.html,"[""links""]",False,True,1,1,,,,,2026-09-23T17:38:40Z,0,
https://takshashila.org.in/content/team/shipra-bihani.html,page,person,404,gone,https://takshashila.org.in/content/team/shipra-bihani.html,0,http,HTTP 404,0,https://takshashila.org.in/content/blogs/20250515-Misinformation-Online-LEPF.html,"[""links""]",False,True,1,1,,,,,2026-09-23T17:38:40Z,0,
https://takshashila.org.in/content/team/shivashish-narayan.html,page,person,404,gone,https://takshashila.org.in/content/team/shivashish-narayan.html,0,http,HTTP 404,0,https://takshashila.org.in/content/blogs/20250515-Misinformation-Online-LEPF.html,"[""links""]",False,True,1,1,,,,,2026-09-23T17:38:40Z,0,
https://takshashila.org.in/content/team/devina-sikdar.html,page,person,404,gone,https://takshashila.org.in/content/team/devina-sikdar.html,0,http,HTTP 404,0,https://takshashila.org.in/content/blogs/20250523-Plugging-the-Leak-LEPF.html,"[""links""]",False,True,1,1,,,,,2026-09-23T17:38:41Z,0,
https://takshashila.org.in/content/team/ragini-thakur.html,page,person,404,gone,https://takshashila.org.in/content/team/ragini-thakur.html,0,http,HTTP 404,0,https://takshashila.org.in/content/blogs/20250523-Plugging-the-Leak-LEPF.html,"[""links""]",False,True,1,1,,,,,2026-09-23T17:38:41Z,0,
https://takshashila.org.in/content/team/samyak-s.html,page,person,404,gone,https://takshashila.org.in/content/team/samyak-s.html,0,http,HTTP 404,0,https://takshashila.org.in/content/blogs/20250523-Plugging-the-Leak-LEPF.html,"[""links""]",False,True,1,1,,,,,2026-09-23T17:38:41Z,0,
https://takshashila.org.in/content/team/kumari-krishna.html,page,person,404,gone,https://takshashila.org.in/content/team/kumari-krishna.html,0,http,HTTP 404,0,https://takshashila.org.in/content/blogs/2026-02-16-America-First-Global-Health.html,"[""links""]",False,True,2,1,,,,,2026-09-23T17:38:42Z,0,
https://takshashila.org.in/content/team/col-belliappa-cs.html,page,person,404,gone,https://takshashila.org.in/content/team/col-belliappa-cs.html,0,http,HTTP 404,0,https://takshashila.org.in/content/blogs/20260116-Operation-%20Absolute-Resolve%20-Shaping-the-%20Battlefield.html,"[""links""]",False,True,1,1,,,,,2026-09-23T17:38:42Z,0,
https://takshashila.org.in/content/team/devyani-rao.html,page,person,404,gone,https://takshashila.org.in/content/team/devyani-rao.html,0,http,HTTP 404,0,https://takshashila.org.in/content/blogs/20260622-From-Policy-to-Law-The-Future-of-Geospatial-Governance-in-India.html,"[""links""]",False,True,1,1,,,,,2026-09-23T17:38:42Z,0,
https://takshashila.org.in/content/blogs/sansad.in,page,blog,404,gone,https://takshashila.org.in/content/blogs/sansad.in,0,http,HTTP 404,0,https://takshashila.org.in/content/blogs/Defence-PSC-Mar-2026.html,"[""links""]",False,True,1,1,,,,,2026-09-23T17:38:42Z,0,
https://takshashila.org.in/content/team/agastya-anand.html,page,person,404,gone,https://takshashila.org.in/content/team/agastya-anand.html,0,http,HTTP 404,0,https://takshashila.org.in/content/blogs/review-pakistan-between-mosque-military.html,"[""links""]",False,True,2,1,,,,,2026-09-23T17:38:42Z,0,
https://takshashila.org.in/content/team/rohan-joshi.html,page,person,404,gone,https://takshashila.org.in/content/team/rohan-joshi.html,0,http,HTTP 404,0,https://takshashila.org.in/content/publications/20130710-Indias-Central-Monitoring-System.html,"[""links""]",False,True,2,1,,,,,2026-09-23T17:38:43Z,0,
https://takshashila.org.in/content/team/piyush-singh.html,page,person,404,gone,https://takshashila.org.in/content/team/piyush-singh.html,0,http,HTTP 404,0,https://takshashila.org.in/content/publications/20140629-TDD-Resolving-Indo-Bangladesh-Maritime-Dispute.html,"[""links""]",False,True,1,1,,,,,2026-09-23T17:38:43Z,0,
https://takshashila.org.in/content/team/v.-anantha-nageswaran.html,page,person,404,gone,https://takshashila.org.in/content/team/v.-anantha-nageswaran.html,0,http,HTTP 404,0,https://takshashila.org.in/content/publications/20140707-Fiscal-Consolidation.html,"[""links""]",False,True,3,1,,,,,2026-09-23T17:38:43Z,0,
https://takshashila.org.in/content/team/tarun-sharma.html,page,person,404,gone,https://takshashila.org.in/content/team/tarun-sharma.html,0,http,HTTP 404,0,https://takshashila.org.in/content/publications/20150417-Reforming-Public-Procurement-Legislation-in-India.html,"[""links""]",False,True,1,1,,,,,2026-09-23T17:38:43Z,0,
https://takshashila.org.in/content/team/kabir-taneja.html,page,person,404,gone,https://takshashila.org.in/content/team/kabir-taneja.html,0,http,HTTP 404,0,https://takshashila.org.in/content/publications/20141120-A-Survey-of-India%E2%80%99s-Energy-Prospects-in-the-Middle-East-Region.html,"[""links""]",False,True,1,1,,,,,2026-09-23T17:38:43Z,0,
https://takshashila.org.in/content/team/priya-ravichandran.html,page,person,404,gone,https://takshashila.org.in/content/team/priya-ravichandran.html,0,http,HTTP 404,0,https://takshashila.org.in/content/publications/20160218-India%E2%80%99s-Policy-towards-Myanmar.html,"[""links""]",False,True,1,1,,,,,2026-09-23T17:38:44Z,0,
https://takshashila.org.in/content/publications/assets/60036-TBLP-The-Role-of-Airpower-in-Indias-National-Security.pdf,pdf,pdf,404,gone,https://takshashila.org.in/content/publications/assets/60036-TBLP-The-Role-of-Airpower-in-Indias-National-Security.pdf,0,http,HTTP 404,0,https://takshashila.org.in/content/publications/20161129-the-role-of-airpower-in-indias-national-security.html,"[""links""]",False,True,1,,,,,,2026-09-23T17:40:45Z,0,
https://takshashila.org.in/content/team/dr.%C2%A0vinay-k.-singh.html,page,person,404,gone,https://takshashila.org.in/content/team/dr.%C2%A0vinay-k.-singh.html,0,http,HTTP 404,0,https://takshashila.org.in/content/publications/20171219-TWP-Differentiating-Unintended-Consequences-From-Unanticipated-Ones-A-Policy-Framework-VKS-PK-2017-02.html,"[""links""]",False,True,1,1,,,,,2026-09-23T17:38:44Z,0,
https://takshashila.org.in/content/team/aashish-chajjer.html,page,person,404,gone,https://takshashila.org.in/content/team/aashish-chajjer.html,0,http,HTTP 404,0,https://takshashila.org.in/content/publications/20181219-TWP-Central-Transfers-on-Health.html,"[""links""]",False,True,1,1,,,,,2026-09-23T17:38:44Z,0,
https://takshashila.org.in/content/team/kunal-kini.html,page,person,404,gone,https://takshashila.org.in/content/team/kunal-kini.html,0,http,HTTP 404,0,https://takshashila.org.in/content/publications/20190409-TDS-The-Kra-Canal-What-Does-It-Mean-For-India.html,"[""links""]",False,True,1,1,,,,,2026-09-23T17:38:44Z,0,
https://takshashila.org.in/content/team/by-takshashila%E2%80%99s-strategic-studies-programme.html,page,person,404,gone,https://takshashila.org.in/content/team/by-takshashila%E2%80%99s-strategic-studies-programme.html,0,http,HTTP 404,0,https://takshashila.org.in/content/publications/20190814-TDD-Kashmir-The-Way-Forward.html,"[""links""]",False,True,1,1,,,,,2026-09-23T17:38:45Z,0,
https://takshashila.org.in/content/publications/assetsComments-on-the-National-Guidelines-for-Gene-Therapy-Product-Development-and-Clinical-Trials.pdf,pdf,pdf,404,gone,https://takshashila.org.in/content/publications/assetsComments-on-the-National-Guidelines-for-Gene-Therapy-Product-Development-and-Clinical-Trials.pdf,0,http,HTTP 404,0,https://takshashila.org.in/content/publications/20190924-Comments-on-the-National-Guidelines-for-Gene-Therapy-Product-Development-and-Clinical-Trials.html,"[""links""]",False,True,1,,,,,,2026-09-23T17:40:45Z,0,
https://takshashila.org.in/content/team/shivam-k.-mani.html,page,person,404,gone,https://takshashila.org.in/content/team/shivam-k.-mani.html,0,http,HTTP 404,0,https://takshashila.org.in/content/publications/20200108-PRC-Influence-on-Taiwan-Polity.html,"[""links""]",False,True,1,1,,,,,2026-09-23T17:38:45Z,0,
"https://takshashila.org.in/content/team/anil-shetty,-social-entrepreneur.html",page,person,404,gone,"https://takshashila.org.in/content/team/anil-shetty,-social-entrepreneur.html",0,http,HTTP 404,0,https://takshashila.org.in/content/publications/20200418-TPA-National-Reopening-V1.0.pdf.html,"[""links""]",False,True,1,1,,,,,2026-09-23T17:38:45Z,0,
"https://takshashila.org.in/content/team/bhavish-aggarwal-(ceo,-ola).html",page,person,404,gone,"https://takshashila.org.in/content/team/bhavish-aggarwal-(ceo,-ola).html",0,http,HTTP 404,0,https://takshashila.org.in/content/publications/20200418-TPA-National-Reopening-V1.0.pdf.html,"[""links""]",False,True,1,1,,,,,2026-09-23T17:38:45Z,0,
"https://takshashila.org.in/content/team/hari-menon-(founder,-bigbasket).html",page,person,404,gone,"https://takshashila.org.in/content/team/hari-menon-(founder,-bigbasket).html",0,http,HTTP 404,0,https://takshashila.org.in/content/publications/20200418-TPA-National-Reopening-V1.0.pdf.html,"[""links""]",False,True,1,1,,,,,2026-09-23T17:38:46Z,0,
"https://takshashila.org.in/content/team/kiran-mazumdar-shaw,-(chairperson,-biocon).html",page,person,404,gone,"https://takshashila.org.in/content/team/kiran-mazumdar-shaw,-(chairperson,-biocon).html",0,http,HTTP 404,0,https://takshashila.org.in/content/publications/20200418-TPA-National-Reopening-V1.0.pdf.html,"[""links""]",False,True,1,1,,,,,2026-09-23T17:38:46Z,0,
"https://takshashila.org.in/content/team/kris-gopalakrishnan-(chairman,-axilor-ventures).html",page,person,404,gone,"https://takshashila.org.in/content/team/kris-gopalakrishnan-(chairman,-axilor-ventures).html",0,http,HTTP 404,0,https://takshashila.org.in/content/publications/20200418-TPA-National-Reopening-V1.0.pdf.html,"[""links""]",False,True,1,1,,,,,2026-09-23T17:38:46Z,0,
"https://takshashila.org.in/content/team/prashanth-prakash-(partner,-accel).html",page,person,404,gone,"https://takshashila.org.in/content/team/prashanth-prakash-(partner,-accel).html",0,http,HTTP 404,0,https://takshashila.org.in/content/publications/20200418-TPA-National-Reopening-V1.0.pdf.html,"[""links""]",False,True,1,1,,,,,2026-09-23T17:38:46Z,0,
"https://takshashila.org.in/content/team/revathy-ashok-(ceo,-b.pac).html",page,person,404,gone,"https://takshashila.org.in/content/team/revathy-ashok-(ceo,-b.pac).html",0,http,HTTP 404,0,https://takshashila.org.in/content/publications/20200418-TPA-National-Reopening-V1.0.pdf.html,"[""links""]",False,True,1,1,,,,,2026-09-23T17:38:47Z,0,
https://takshashila.org.in/content/team/rk-misra-(carnegie-india).html,page,person,404,gone,https://takshashila.org.in/content/team/rk-misra-(carnegie-india).html,0,http,HTTP 404,0,https://takshashila.org.in/content/publications/20200418-TPA-National-Reopening-V1.0.pdf.html,"[""links""]",False,True,1,1,,,,,2026-09-23T17:38:47Z,0,
https://takshashila.org.in/content/team/pm-heblikar.html,page,person,404,gone,https://takshashila.org.in/content/team/pm-heblikar.html,0,http,HTTP 404,0,https://takshashila.org.in/content/publications/20200903-Supplementing-Policing-Capacity-for-COVID-19-Duties.html,"[""links""]",False,True,1,1,,,,,2026-09-23T17:38:47Z,0,
https://takshashila.org.in/content/team/ananya-rao.html,page,person,404,gone,https://takshashila.org.in/content/team/ananya-rao.html,0,http,HTTP 404,0,https://takshashila.org.in/content/publications/20200919-States-Migrant-Workers-and-the-Pandemic.html,"[""links""]",False,True,1,1,,,,,2026-09-23T17:38:48Z,0,
https://takshashila.org.in/content/publications/assets/BRI-in-Post-Covid-World.pdf.pdf,pdf,pdf,404,gone,https://takshashila.org.in/content/publications/assets/BRI-in-Post-Covid-World.pdf.pdf,0,http,HTTP 404,0,https://takshashila.org.in/content/publications/20200922-BRI-in-Post-Covid-World.pdf.html,"[""links""]",False,True,1,,,,,,2026-09-23T17:40:45Z,0,
https://takshashila.org.in/content/team/agastya-bhatia.html,page,person,404,gone,https://takshashila.org.in/content/team/agastya-bhatia.html,0,http,HTTP 404,0,https://takshashila.org.in/content/publications/20200922-BRI-in-Post-Covid-World.pdf.html,"[""links""]",False,True,1,1,,,,,2026-09-23T17:38:48Z,0,
https://takshashila.org.in/content/publications/assets/TSA-Saudi-Russia-Oil-AR-AK-AM-v1.0.pdf,pdf,pdf,404,gone,https://takshashila.org.in/content/publications/assets/TSA-Saudi-Russia-Oil-AR-AK-AM-v1.0.pdf,0,http,HTTP 404,0,https://takshashila.org.in/content/publications/20201419-TSA-Saudi-Russia-Oil-AR-AK-AM-v1.0.pdf.html,"[""links""]",False,True,1,,,,,,2026-09-23T17:40:44Z,0,
https://takshashila.org.in/content/team/lt-gen-(dr)-prakash-menon.html,page,person,404,gone,https://takshashila.org.in/content/team/lt-gen-(dr)-prakash-menon.html,0,http,HTTP 404,0,https://takshashila.org.in/content/publications/20210104-China-India-Doklam-in-2020.html,"[""links""]",False,True,2,1,,,,,2026-09-23T17:38:48Z,0,
"https://takshashila.org.in/content/team/pradeep-mohandas,.html",page,person,404,gone,"https://takshashila.org.in/content/team/pradeep-mohandas,.html",0,http,HTTP 404,0,https://takshashila.org.in/content/publications/20210311-comments-to-parliamentary-standing-committee-on-science-and-technology-environment-forests-and-climate-change-on-demand-for-grants-dfgs-in-the-budget-for-fy-2021-22.html,"[""links""]",False,True,1,1,,,,,2026-09-23T17:38:48Z,0,
"https://takshashila.org.in/content/team/pranathi-rao,.html",page,person,404,gone,"https://takshashila.org.in/content/team/pranathi-rao,.html",0,http,HTTP 404,0,https://takshashila.org.in/content/publications/20210311-comments-to-parliamentary-standing-committee-on-science-and-technology-environment-forests-and-climate-change-on-demand-for-grants-dfgs-in-the-budget-for-fy-2021-22.html,"[""links""]",False,True,1,1,,,,,2026-09-23T17:38:49Z,0,
"https://takshashila.org.in/content/team/sarthak-pradhan,.html",page,person,404,gone,"https://takshashila.org.in/content/team/sarthak-pradhan,.html",0,http,HTTP 404,0,https://takshashila.org.in/content/publications/20210311-comments-to-parliamentary-standing-committee-on-science-and-technology-environment-forests-and-climate-change-on-demand-for-grants-dfgs-in-the-budget-for-fy-2021-22.html,"[""links""]",False,True,1,1,,,,,2026-09-23T17:38:49Z,0,
"https://takshashila.org.in/content/team/shambhavi-naik,.html",page,person,404,gone,"https://takshashila.org.in/content/team/shambhavi-naik,.html",0,http,HTTP 404,0,https://takshashila.org.in/content/publications/20210311-comments-to-parliamentary-standing-committee-on-science-and-technology-environment-forests-and-climate-change-on-demand-for-grants-dfgs-in-the-budget-for-fy-2021-22.html,"[""links""]",False,True,1,1,,,,,2026-09-23T17:38:50Z,0,
https://takshashila.org.in/content/team/kartik-bommakanti.html,page,person,404,gone,https://takshashila.org.in/content/team/kartik-bommakanti.html,0,http,HTTP 404,0,https://takshashila.org.in/content/publications/20210407-Chinas-Nuclear-Ambiguity-and-its-Impact-on-India.html,"[""links""]",False,True,1,1,,,,,2026-09-23T17:38:49Z,0,
https://takshashila.org.in/content/team/vishal-ramprasad.html,page,person,404,gone,https://takshashila.org.in/content/team/vishal-ramprasad.html,0,http,HTTP 404,0,https://takshashila.org.in/content/publications/20210726-TWP-Governance-of-DCNs-1-Harms-Categorisation.html,"[""links""]",False,True,1,1,,,,,2026-09-23T17:38:49Z,0,
https://takshashila.org.in/content/team/amol-sarin.html,page,person,404,gone,https://takshashila.org.in/content/team/amol-sarin.html,0,http,HTTP 404,0,https://takshashila.org.in/content/publications/20210809-indias-semiconductor-ecosystem-swot-analysis.html,"[""links""]",False,True,1,1,,,,,2026-09-23T17:38:50Z,0,
https://takshashila.org.in/content/team/majulika-vaz.html,page,person,404,gone,https://takshashila.org.in/content/team/majulika-vaz.html,0,http,HTTP 404,0,https://takshashila.org.in/content/publications/20210915-TIB-Biobanking-policies-in-India.html,"[""links""]",False,True,1,1,,,,,2026-09-23T17:38:50Z,0,
https://takshashila.org.in/content/team/andrey-gubin.html,page,person,404,gone,https://takshashila.org.in/content/team/andrey-gubin.html,0,http,HTTP 404,0,https://takshashila.org.in/content/publications/20211013-India-Russia-Space-Cooperation-A-Way-Forward.html,"[""links""]",False,True,1,1,,,,,2026-09-23T17:38:50Z,0,
https://takshashila.org.in/content/publications/assest/Scenarios-for-Cross-Strait-Tensions.pdf,pdf,pdf,404,gone,https://takshashila.org.in/content/publications/assest/Scenarios-for-Cross-Strait-Tensions.pdf,0,http,HTTP 404,0,https://takshashila.org.in/content/publications/20211103-Scenarios-for-Cross-Strait-Tensions.html,"[""links""]",False,True,1,,,,,,2026-09-23T17:40:44Z,0,
https://takshashila.org.in/content/team/by-the-takshashila-high-tech-geopolitics-department.html,page,person,404,gone,https://takshashila.org.in/content/team/by-the-takshashila-high-tech-geopolitics-department.html,0,http,HTTP 404,0,https://takshashila.org.in/content/publications/20220613-Takshashila-Techno-Strategic-Doctrine.html,"[""links""]",False,True,1,1,,,,,2026-09-23T17:38:51Z,0,
https://takshashila.org.in/content/team/aparna-pande.html,page,person,404,gone,https://takshashila.org.in/content/team/aparna-pande.html,0,http,HTTP 404,0,https://takshashila.org.in/content/publications/20220722-Restarting-the-Post-Pandemic-Indian-Economy.html,"[""links""]",False,True,2,1,,,,,2026-09-23T17:38:51Z,0,
https://takshashila.org.in/research/takshashila-discussion-document-nuclear-no-first-use-a-critique,page,page,404,gone,https://takshashila.org.in/research/takshashila-discussion-document-nuclear-no-first-use-a-critique,0,http,HTTP 404,0,https://takshashila.org.in/content/publications/20220822-NPT-RevCon-Shows-Why-NPT-Should-Give-Way-to-Global-No-First-Use-Policy.html,"[""links""]",False,True,1,1,,,,,2026-09-23T17:38:51Z,0,
https://takshashila.org.in/blogs/a-new-model-for-equitable-access-to-scientific-publications-for-indians?rq=journals,page,page,404,gone,https://takshashila.org.in/blogs/a-new-model-for-equitable-access-to-scientific-publications-for-indians?rq=journals,0,http,HTTP 404,0,https://takshashila.org.in/content/publications/20220905-Public-Access-to-Knowledge-Resources.html,"[""links""]",False,True,1,1,,,,,2026-09-23T17:38:51Z,0,
https://takshashila.org.in/research/takshashila-policy-advisory-making-publicly-funded-research-accessible-to-the-public,page,page,404,gone,https://takshashila.org.in/research/takshashila-policy-advisory-making-publicly-funded-research-accessible-to-the-public,0,http,HTTP 404,0,https://takshashila.org.in/content/publications/20220905-Public-Access-to-Knowledge-Resources.html,"[""links""]",False,True,1,1,,,,,2026-09-23T17:38:51Z,0,
https://takshashila.org.in/research/the-case-for-quad-co-operation-in-biotechnology,page,page,404,gone,https://takshashila.org.in/research/the-case-for-quad-co-operation-in-biotechnology,0,http,HTTP 404,0,https://takshashila.org.in/content/publications/20221003-Biotechnology-Initiative-for-India.html,"[""links""]",False,True,2,1,,,,,2026-09-23T17:38:52Z,0,
https://takshashila.org.in/content/team/sudisha-mishra.html,page,person,404,gone,https://takshashila.org.in/content/team/sudisha-mishra.html,0,http,HTTP 404,0,https://takshashila.org.in/content/publications/20221012-Womens-Labour-Force-Participation.html,"[""links""]",False,True,2,1,,,,,2026-09-23T17:38:52Z,0,
https://takshashila.org.in/content/publications/assets/china-zero-covid-policy-and-protests.pdf,pdf,pdf,404,gone,https://takshashila.org.in/content/publications/assets/china-zero-covid-policy-and-protests.pdf,0,http,HTTP 404,0,https://takshashila.org.in/content/publications/20221130-china-zero-covid-policy-and-protests.html,"[""links""]",False,True,1,,,,,,2026-09-23T17:40:48Z,0,
https://takshashila.org.in/content/publications/assets/Enhancing-India%E2%80%93EU-Engagement-on-Meta-Critical-Technologies-A-Case-for-Collaboration-on-Semiconductors.pdf,pdf,pdf,404,gone,https://takshashila.org.in/content/publications/assets/Enhancing-India%E2%80%93EU-Engagement-on-Meta-Critical-Technologies-A-Case-for-Collaboration-on-Semiconductors.pdf,0,http,HTTP 404,0,https://takshashila.org.in/content/publications/20230105-Enhancing-India%E2%80%93EU-Engagement-on-Meta-Critical-Technologies-A-Case-for-Collaboration-on-Semiconductors.html,"[""links""]",False,True,2,,,,,,2026-09-23T17:40:48Z,0,
https://takshashila.org.in/content/team/shambavi-naik.html,page,person,404,gone,https://takshashila.org.in/content/team/shambavi-naik.html,0,http,HTTP 404,0,https://takshashila.org.in/content/publications/20230109-TSA-Heritable-gene-editing.html,"[""links""]",False,True,1,1,,,,,2026-09-23T17:38:52Z,0,
https://takshashila.org.in/research/an-ai-hardware-ecosystem-in-india-a-swot-analysis,page,page,404,gone,https://takshashila.org.in/research/an-ai-hardware-ecosystem-in-india-a-swot-analysis,0,http,HTTP 404,0,https://takshashila.org.in/content/publications/20230320-AI-Race-AI-Hardware.html,"[""links""]",False,True,1,1,,,,,2026-09-23T17:38:52Z,0,
https://takshashila.org.in/research/an-open-tech-strategy-for-india,page,page,404,gone,https://takshashila.org.in/research/an-open-tech-strategy-for-india,0,http,HTTP 404,0,https://takshashila.org.in/content/publications/20230320-AI-Race-AI-Hardware.html,"[""links""]",False,True,1,1,,,,,2026-09-23T17:38:53Z,0,
https://takshashila.org.in/research/china-quest-for-ai-leadership,page,page,404,gone,https://takshashila.org.in/research/china-quest-for-ai-leadership,0,http,HTTP 404,0,https://takshashila.org.in/content/publications/20230320-AI-Race-AI-Hardware.html,"[""links""]",False,True,1,1,,,,,2026-09-23T17:38:53Z,0,
https://takshashila.org.in/research/putting-india-on-the-road-to-becoming-an-ai-superpower,page,page,404,gone,https://takshashila.org.in/research/putting-india-on-the-road-to-becoming-an-ai-superpower,0,http,HTTP 404,0,https://takshashila.org.in/content/publications/20230320-AI-Race-AI-Hardware.html,"[""links""]",False,True,1,1,,,,,2026-09-23T17:38:53Z,0,
https://takshashila.org.in/research/rebooting-ai-india,page,page,404,gone,https://takshashila.org.in/research/rebooting-ai-india,0,http,HTTP 404,0,https://takshashila.org.in/content/publications/20230320-AI-Race-AI-Hardware.html,"[""links""]",False,True,1,1,,,,,2026-09-23T17:38:53Z,0,
https://takshashila.org.in/research/takshashila-working-paper-high-technology-geopolitics-in-the-post-pandemic-world,page,page,404,gone,https://takshashila.org.in/research/takshashila-working-paper-high-technology-geopolitics-in-the-post-pandemic-world,0,http,HTTP 404,0,https://takshashila.org.in/content/publications/20230320-AI-Race-AI-Hardware.html,"[""links""]",False,True,1,1,,,,,2026-09-23T17:38:54Z,0,
https://takshashila.org.in/research/isas-working-paper-siliconpolitik-the-case-for-a-quad-semiconductor-partnership,page,page,404,gone,https://takshashila.org.in/research/isas-working-paper-siliconpolitik-the-case-for-a-quad-semiconductor-partnership,0,http,HTTP 404,0,https://takshashila.org.in/content/publications/20230509-The-Quad-Agenda-for-Semiconductors-Biotechnology-and-Space.html,"[""links""]",False,True,1,1,,,,,2026-09-23T17:38:54Z,0,
https://takshashila.org.in/research/takshashila-discussion-document-quad-space-station,page,page,404,gone,https://takshashila.org.in/research/takshashila-discussion-document-quad-space-station,0,http,HTTP 404,0,https://takshashila.org.in/content/publications/20230509-The-Quad-Agenda-for-Semiconductors-Biotechnology-and-Space.html,"[""links""]",False,True,1,1,,,,,2026-09-23T17:38:54Z,0,
https://takshashila.org.in/research/the-quad-should-commit-to-a-bio-hub-in-india,page,page,404,gone,https://takshashila.org.in/research/the-quad-should-commit-to-a-bio-hub-in-india,0,http,HTTP 404,0,https://takshashila.org.in/content/publications/20230509-The-Quad-Agenda-for-Semiconductors-Biotechnology-and-Space.html,"[""links""]",False,True,1,1,,,,,2026-09-23T17:38:54Z,0,
https://takshashila.org.in/content/team/adithi-gurkar.html,page,person,404,gone,https://takshashila.org.in/content/team/adithi-gurkar.html,0,http,HTTP 404,0,https://takshashila.org.in/content/publications/20230516-An-Comparative-Study-of-State-Rules-Based-on-the-Biological-Diversity-Act-2002.pdf.html,"[""links""]",False,True,1,1,,,,,2026-09-23T17:38:55Z,0,
https://takshashila.org.in/content/team/atul-kumar-gupta.html,page,person,404,gone,https://takshashila.org.in/content/team/atul-kumar-gupta.html,0,http,HTTP 404,0,https://takshashila.org.in/content/publications/20230516-An-Comparative-Study-of-State-Rules-Based-on-the-Biological-Diversity-Act-2002.pdf.html,"[""links""]",False,True,1,1,,,,,2026-09-23T17:38:55Z,0,
https://takshashila.org.in/content/team/rahul-rajasekar.html,page,person,404,gone,https://takshashila.org.in/content/team/rahul-rajasekar.html,0,http,HTTP 404,0,https://takshashila.org.in/content/publications/20230516-An-Comparative-Study-of-State-Rules-Based-on-the-Biological-Diversity-Act-2002.pdf.html,"[""links""]",False,True,1,1,,,,,2026-09-23T17:38:55Z,0,
https://takshashila.org.in/research/privatising-film-certification-towards-a-modern-film-rating-regime,page,page,404,gone,https://takshashila.org.in/research/privatising-film-certification-towards-a-modern-film-rating-regime,0,http,HTTP 404,0,https://takshashila.org.in/content/publications/20230726-Reform-the-Censor-Board.html,"[""links""]",False,True,1,1,,,,,2026-09-23T17:38:56Z,0,
https://takshashila.org.in/content/team/shyamala-t.html,page,person,404,gone,https://takshashila.org.in/content/team/shyamala-t.html,0,http,HTTP 404,0,https://takshashila.org.in/content/publications/20231204-wastewater-surveillance-for-disease-epidemiology.html,"[""links""]",False,True,1,1,,,,,2026-09-23T17:38:56Z,0,
https://takshashila.org.in/content/team/varsha-shridhar.html,page,person,404,gone,https://takshashila.org.in/content/team/varsha-shridhar.html,0,http,HTTP 404,0,https://takshashila.org.in/content/publications/20231204-wastewater-surveillance-for-disease-epidemiology.html,"[""links""]",False,True,1,1,,,,,2026-09-23T17:38:56Z,0,
https://takshashila.org.in/content/team/satya-s-sahu.html,page,person,404,gone,https://takshashila.org.in/content/team/satya-s-sahu.html,0,http,HTTP 404,0,https://takshashila.org.in/content/publications/20240311-AI-Impact-Governance.html,"[""links""]",False,True,1,1,,,,,2026-09-23T17:38:56Z,0,
https://takshashila.org.in/content/team/josiah-w-neal.html,page,person,404,gone,https://takshashila.org.in/content/team/josiah-w-neal.html,0,http,HTTP 404,0,https://takshashila.org.in/content/publications/20240416-Financial-Flows-of-the-Blue-Continent.html,"[""links""]",False,True,1,1,,,,,2026-09-23T17:38:56Z,0,
https://takshashila.org.in/content/team/authored-by-the-indo-pacific-studies-programme.html,page,person,404,gone,https://takshashila.org.in/content/team/authored-by-the-indo-pacific-studies-programme.html,0,http,HTTP 404,0,https://takshashila.org.in/content/publications/20240711-chinas-third-plenum.html,"[""links""]",False,True,1,1,,,,,2026-09-23T17:38:57Z,0,
https://takshashila.org.in/content/team/avinash-shet.html,page,person,404,gone,https://takshashila.org.in/content/team/avinash-shet.html,0,http,HTTP 404,0,https://takshashila.org.in/content/publications/20241218-jet-engines.html,"[""links""]",False,True,1,1,,,,,2026-09-23T17:38:57Z,0,
https://takshashila.org.in/content/publications/assests/20250127-decoding-chinas-approach-to-de-escalation.pdf,pdf,pdf,404,gone,https://takshashila.org.in/content/publications/assests/20250127-decoding-chinas-approach-to-de-escalation.pdf,0,http,HTTP 404,0,https://takshashila.org.in/content/publications/20250127-decoding-chinas-approach-to-de-escalation.html,"[""links""]",False,True,1,,,,,,2026-09-23T17:40:48Z,0,
https://takshashila.org.in/content/publications/20250330-future-of-india-us-trade.pdf,pdf,pdf,404,gone,https://takshashila.org.in/content/publications/20250330-future-of-india-us-trade.pdf,0,http,HTTP 404,0,https://takshashila.org.in/content/publications/20250330-future-of-india-us-trade.html,"[""links""]",False,True,1,,,,,,2026-09-23T17:40:45Z,0,
https://takshashila.org.in/content/team/shikha-tomar.html,page,person,404,gone,https://takshashila.org.in/content/team/shikha-tomar.html,0,http,HTTP 404,0,https://takshashila.org.in/content/publications/20250330-future-of-india-us-trade.html,"[""links""]",False,True,1,1,,,,,2026-09-23T17:38:57Z,0,
https://takshashila.org.in/content/team/henry-dixson.html,page,person,404,gone,https://takshashila.org.in/content/team/henry-dixson.html,0,http,HTTP 404,0,https://takshashila.org.in/content/publications/20250925-Ethical-Frameworks-for-Deployment-of-Synthetic-Biology.html,"[""links""]",False,True,1,1,,,,,2026-09-23T17:38:58Z,0,
https://takshashila.org.in/content/team/shambhav-naik.html,page,person,404,gone,https://takshashila.org.in/content/team/shambhav-naik.html,0,http,HTTP 404,0,https://takshashila.org.in/content/publications/20250925-Ethical-Frameworks-for-Deployment-of-Synthetic-Biology.html,"[""links""]",False,True,1,1,,,,,2026-09-23T17:38:58Z,0,
https://takshashila.org.in/content/team/madhukumar-s.html,page,person,404,gone,https://takshashila.org.in/content/team/madhukumar-s.html,0,http,HTTP 404,0,https://takshashila.org.in/content/publications/20251017-LEPF-Policy-Brief-AI-Based-Facial-Recognition-Technology-in-Operational-Policing.html,"[""links""]",False,True,1,1,,,,,2026-09-23T17:38:58Z,0,
https://takshashila.org.in/content/team/parthasarathy-c-r.html,page,person,404,gone,https://takshashila.org.in/content/team/parthasarathy-c-r.html,0,http,HTTP 404,0,https://takshashila.org.in/content/publications/20251017-LEPF-Policy-Brief-AI-Based-Facial-Recognition-Technology-in-Operational-Policing.html,"[""links""]",False,True,1,1,,,,,2026-09-23T17:38:58Z,0,
https://takshashila.org.in/content/team/kartik-singh.html,page,person,404,gone,https://takshashila.org.in/content/team/kartik-singh.html,0,http,HTTP 404,0,https://takshashila.org.in/content/publications/20251103-LEPF-Policy-Brief-AI-Assisted-FIR-Registration.html,"[""links""]",False,True,1,1,,,,,2026-09-23T17:38:58Z,0,
https://takshashila.org.in/content/team/megha-nambiar.html,page,person,404,gone,https://takshashila.org.in/content/team/megha-nambiar.html,0,http,HTTP 404,0,https://takshashila.org.in/content/publications/20251103-LEPF-Policy-Brief-AI-Assisted-FIR-Registration.html,"[""links""]",False,True,1,1,,,,,2026-09-23T17:38:59Z,0,
"https://takshashila.org.in/content/publications/www.armscontrol.org,%20n.d.%20https:/www.armscontrol.org/act/1999-09/press-releases/senate-rejects-comprehensive-test-ban-treaty-clinton-vows-continue.",page,publication,404,gone,"https://takshashila.org.in/content/publications/www.armscontrol.org,%20n.d.%20https:/www.armscontrol.org/act/1999-09/press-releases/senate-rejects-comprehensive-test-ban-treaty-clinton-vows-continue.",0,http,HTTP 404,0,https://takshashila.org.in/content/publications/20251114-Nuclear-Testing.html,"[""links""]",False,True,1,1,,,,,2026-09-23T17:38:59Z,0,
https://takshashila.org.in/content/publications/%5Bhttps:/cset.georgetown.edu/publication/understanding-chinese-government-guidance-funds/%5D(https:/cset.georgetown.edu/publication/understanding-chinese-government-guidance-funds/),page,publication,404,gone,https://takshashila.org.in/content/publications/%5Bhttps:/cset.georgetown.edu/publication/understanding-chinese-government-guidance-funds/%5D(https:/cset.georgetown.edu/publication/understanding-chinese-government-guidance-funds/),0,http,HTTP 404,0,https://takshashila.org.in/content/publications/20251121-juggernaut-or-embers-of-a-dying-fire.html,"[""links""]",False,True,1,1,,,,,2026-09-23T17:38:59Z,0,
https://takshashila.org.in/content/publications/%5Bhttps:/www.bloomberg.com/features/2023-china-ev-graveyards/%5D(https:/www.bloomberg.com/features/2023-china-ev-graveyards/),page,publication,404,gone,https://takshashila.org.in/content/publications/%5Bhttps:/www.bloomberg.com/features/2023-china-ev-graveyards/%5D(https:/www.bloomberg.com/features/2023-china-ev-graveyards/),0,http,HTTP 404,0,https://takshashila.org.in/content/publications/20251121-juggernaut-or-embers-of-a-dying-fire.html,"[""links""]",False,True,1,1,,,,,2026-09-23T17:39:00Z,0,
https://takshashila.org.in/content/publications/%5Bhttps:/www.gov.cn/xinwen/2019-08/28/content_5425310.htm%5D(https:/www.gov.cn/xinwen/2019-08/28/content_5425310.htm)%E2%80%9D2019),page,publication,404,gone,https://takshashila.org.in/content/publications/%5Bhttps:/www.gov.cn/xinwen/2019-08/28/content_5425310.htm%5D(https:/www.gov.cn/xinwen/2019-08/28/content_5425310.htm)%E2%80%9D2019),0,http,HTTP 404,0,https://takshashila.org.in/content/publications/20251121-juggernaut-or-embers-of-a-dying-fire.html,"[""links""]",False,True,1,1,,,,,2026-09-23T17:39:00Z,0,
https://takshashila.org.in/content/publications/%5Bhttps:/www.technologyreview.com/2025/03/26/1113802/china-ai-data-centers-unused/%5D(https:/www.technologyreview.com/2025/03/26/1113802/china-ai-data-centers-unused/),page,publication,404,gone,https://takshashila.org.in/content/publications/%5Bhttps:/www.technologyreview.com/2025/03/26/1113802/china-ai-data-centers-unused/%5D(https:/www.technologyreview.com/2025/03/26/1113802/china-ai-data-centers-unused/),0,http,HTTP 404,0,https://takshashila.org.in/content/publications/20251121-juggernaut-or-embers-of-a-dying-fire.html,"[""links""]",False,True,1,1,,,,,2026-09-23T17:39:01Z,0,
https://takshashila.org.in/research/chinas-quest-for-innovation-and-technological-advancement,page,page,404,gone,https://takshashila.org.in/research/chinas-quest-for-innovation-and-technological-advancement,0,http,HTTP 404,0,https://takshashila.org.in/content/publications/20251121-juggernaut-or-embers-of-a-dying-fire.html,"[""links""]",False,True,1,1,,,,,2026-09-23T17:39:01Z,0,
https://takshashila.org.in/content/publications/assets/20251215-regionalisation-of-the-indian-rupee-2.pdf,pdf,pdf,404,gone,https://takshashila.org.in/content/publications/assets/20251215-regionalisation-of-the-indian-rupee-2.pdf,0,http,HTTP 404,0,https://takshashila.org.in/content/publications/20251215-regionalisation-of-the-indian-rupee.html,"[""links""]",False,True,1,,,,,,2026-09-23T17:40:47Z,0,
"https://takshashila.org.in/content/publications/,https:/thefinancialexpress.com.bd/economy/bangladesh/reserves-fall-as-bb-funnels-huge-dollars-into-banks.",page,publication,404,gone,"https://takshashila.org.in/content/publications/,https:/thefinancialexpress.com.bd/economy/bangladesh/reserves-fall-as-bb-funnels-huge-dollars-into-banks.",0,http,HTTP 404,0,https://takshashila.org.in/content/publications/20251215-regionalisation-of-the-indian-rupee.html,"[""links""]",False,True,1,1,,,,,2026-09-23T17:39:01Z,0,
https://takshashila.org.in/content/publications/images/TechDenial/ImposingNationStrategy.png,page,publication,,,,0,,,0,https://takshashila.org.in/content/publications/20260218-Technology-Denial-Regimes.html,"[""links""]",False,True,1,,,,,,,0,
https://takshashila.org.in/content/publications/images/TechDenial/TargetedNationStrategy.png,page,publication,,,,0,,,0,https://takshashila.org.in/content/publications/20260218-Technology-Denial-Regimes.html,"[""links""]",False,True,1,,,,,,,0,
https://takshashila.org.in/content/team/col.-das-(retd.).html,page,person,404,gone,https://takshashila.org.in/content/team/col.-das-(retd.).html,0,http,HTTP 404,0,https://takshashila.org.in/content/publications/20260412-Starlink-and-Risks-For-India.html,"[""links""]",False,True,1,1,,,,,2026-09-23T17:39:01Z,0,
https://takshashila.org.in/content/publications/assets%5Cchina-epc-renewable-18092025.pdf,pdf,pdf,404,gone,https://takshashila.org.in/content/publications/assets%5Cchina-epc-renewable-18092025.pdf,0,http,HTTP 404,0,https://takshashila.org.in/content/publications/china-epc-renewable-18092025.html,"[""links""]",False,True,1,,,,,,2026-09-23T17:40:45Z,0,
https://takshashila.org.in/pages/publications.qmd,page,listing,404,gone,https://takshashila.org.in/pages/publications.qmd,0,http,HTTP 404,0,https://takshashila.org.in/content/team/dr-y-nithiyanandam.html,"[""links""]",False,True,1,1,,,,,2026-09-23T17:39:01Z,0,
https://takshashila.org.in/content/team/content/books/missing-in-action.html,page,person,404,gone,https://takshashila.org.in/content/team/content/books/missing-in-action.html,0,http,HTTP 404,0,https://takshashila.org.in/content/team/pranay-kotasthane.html,"[""links""]",False,True,1,1,,,,,2026-09-23T17:39:01Z,0,
https://takshashila.org.in/content/team/content/books/we-the-citizens.html,page,person,404,gone,https://takshashila.org.in/content/team/content/books/we-the-citizens.html,0,http,HTTP 404,0,https://takshashila.org.in/content/team/pranay-kotasthane.html,"[""links""]",False,True,1,1,,,,,2026-09-23T17:39:02Z,0,
https://takshashila.org.in/content/team/www.moneycontrol.com/news/opinion/china-s-laissez-faire-approach-to-cutting-edge-medical-technology-has-set-the-cat-among-the-pigeons-14021687.html,page,person,404,gone,https://takshashila.org.in/content/team/www.moneycontrol.com/news/opinion/china-s-laissez-faire-approach-to-cutting-edge-medical-technology-has-set-the-cat-among-the-pigeons-14021687.html,0,http,HTTP 404,0,https://takshashila.org.in/content/team/shobhankita-reddy.html,"[""links""]",False,True,1,1,,,,,2026-09-23T17:39:03Z,0,
https://takshashila.org.in/pages/research-areas/www.moneycontrol.com/news/opinion/china-s-laissez-faire-approach-to-cutting-edge-medical-technology-has-set-the-cat-among-the-pigeons-14021687.html,page,research_area,404,gone,https://takshashila.org.in/pages/research-areas/www.moneycontrol.com/news/opinion/china-s-laissez-faire-approach-to-cutting-edge-medical-technology-has-set-the-cat-among-the-pigeons-14021687.html,0,http,HTTP 404,0,https://takshashila.org.in/pages/research-areas/high-technology-geopolitics-program.html,"[""links""]",False,True,1,1,,,,,2026-09-23T17:39:03Z,0,
